static const uint8_t fs_blit_glsl[7527] =
{
	0x46, 0x53, 0x48, 0x0c, 0x29, 0x3e, 0x5c, 0xd3, 0x00, 0x00, 0x00, 0x00, 0x00, 0x00, 0x00, 0x00, // FSH.)>..........
	0x00, 0x00, 0x00, 0x00, 0x04, 0x00, 0x06, 0x75, 0x5f, 0x62, 0x6c, 0x69, 0x74, 0x02, 0x01, 0x00, // .......u_blit...
	0x00, 0x01, 0x00, 0x00, 0x00, 0x00, 0x00, 0x05, 0x73, 0x5f, 0x74, 0x65, 0x78, 0x00, 0x01, 0x00, // ........s_tex...
	0x00, 0x01, 0x00, 0x00, 0x02, 0x00, 0x00, 0x06, 0x73, 0x5f, 0x6d, 0x61, 0x73, 0x6b, 0x00, 0x01, // ........s_mask..
	0x00, 0x00, 0x01, 0x00, 0x00, 0x02, 0x00, 0x00, 0x05, 0x73, 0x5f, 0x64, 0x73, 0x74, 0x00, 0x01, // .........s_dst..
	0x00, 0x00, 0x01, 0x00, 0x00, 0x02, 0x00, 0x00, 0x0a, 0x1d, 0x00, 0x00, 0x0a, 0x75, 0x6e, 0x69, // .............uni
	0x66, 0x6f, 0x72, 0x6d, 0x20, 0x76, 0x65, 0x63, 0x34, 0x20, 0x75, 0x5f, 0x62, 0x6c, 0x69, 0x74, // form vec4 u_blit
	0x3b, 0x0a, 0x75, 0x6e, 0x69, 0x66, 0x6f, 0x72, 0x6d, 0x20, 0x73, 0x61, 0x6d, 0x70, 0x6c, 0x65, // ;.uniform sample
	0x72, 0x32, 0x44, 0x20, 0x73, 0x5f, 0x74, 0x65, 0x78, 0x3b, 0x0a, 0x75, 0x6e, 0x69, 0x66, 0x6f, // r2D s_tex;.unifo
	0x72, 0x6d, 0x20, 0x73, 0x61, 0x6d, 0x70, 0x6c, 0x65, 0x72, 0x32, 0x44, 0x20, 0x73, 0x5f, 0x6d, // rm sampler2D s_m
	0x61, 0x73, 0x6b, 0x3b, 0x0a, 0x75, 0x6e, 0x69, 0x66, 0x6f, 0x72, 0x6d, 0x20, 0x73, 0x61, 0x6d, // ask;.uniform sam
	0x70, 0x6c, 0x65, 0x72, 0x32, 0x44, 0x20, 0x73, 0x5f, 0x64, 0x73, 0x74, 0x3b, 0x0a, 0x0a, 0x69, // pler2D s_dst;..i
	0x6e, 0x20, 0x76, 0x65, 0x63, 0x32, 0x20, 0x76, 0x5f, 0x75, 0x76, 0x3b, 0x0a, 0x6c, 0x61, 0x79, // n vec2 v_uv;.lay
	0x6f, 0x75, 0x74, 0x28, 0x6c, 0x6f, 0x63, 0x61, 0x74, 0x69, 0x6f, 0x6e, 0x20, 0x3d, 0x20, 0x30, // out(location = 0
	0x29, 0x20, 0x6f, 0x75, 0x74, 0x20, 0x76, 0x65, 0x63, 0x34, 0x20, 0x62, 0x67, 0x66, 0x78, 0x5f, // ) out vec4 bgfx_
	0x46, 0x72, 0x61, 0x67, 0x43, 0x6f, 0x6c, 0x6f, 0x72, 0x3b, 0x0a, 0x0a, 0x76, 0x6f, 0x69, 0x64, // FragColor;..void
	0x20, 0x6d, 0x61, 0x69, 0x6e, 0x28, 0x29, 0x0a, 0x7b, 0x0a, 0x20, 0x20, 0x20, 0x20, 0x64, 0x6f, //  main().{.    do
	0x0a, 0x20, 0x20, 0x20, 0x20, 0x7b, 0x0a, 0x20, 0x20, 0x20, 0x20, 0x20, 0x20, 0x20, 0x20, 0x76, // .    {.        v
	0x65, 0x63, 0x34, 0x20, 0x5f, 0x32, 0x37, 0x33, 0x20, 0x3d, 0x20, 0x74, 0x65, 0x78, 0x74, 0x75, // ec4 _273 = textu
	0x72, 0x65, 0x28, 0x73, 0x5f, 0x74, 0x65, 0x78, 0x2c, 0x20, 0x76, 0x5f, 0x75, 0x76, 0x29, 0x3b, // re(s_tex, v_uv);
	0x0a, 0x20, 0x20, 0x20, 0x20, 0x20, 0x20, 0x20, 0x20, 0x76, 0x65, 0x63, 0x34, 0x20, 0x5f, 0x32, // .        vec4 _2
	0x37, 0x35, 0x20, 0x3d, 0x20, 0x5f, 0x32, 0x37, 0x33, 0x20, 0x2a, 0x20, 0x75, 0x5f, 0x62, 0x6c, // 75 = _273 * u_bl
	0x69, 0x74, 0x2e, 0x79, 0x3b, 0x0a, 0x20, 0x20, 0x20, 0x20, 0x20, 0x20, 0x20, 0x20, 0x76, 0x65, // it.y;.        ve
	0x63, 0x34, 0x20, 0x5f, 0x38, 0x32, 0x30, 0x3b, 0x0a, 0x20, 0x20, 0x20, 0x20, 0x20, 0x20, 0x20, // c4 _820;.       
	0x20, 0x69, 0x66, 0x20, 0x28, 0x75, 0x5f, 0x62, 0x6c, 0x69, 0x74, 0x2e, 0x78, 0x20, 0x3e, 0x20, //  if (u_blit.x > 
	0x30, 0x2e, 0x35, 0x29, 0x0a, 0x20, 0x20, 0x20, 0x20, 0x20, 0x20, 0x20, 0x20, 0x7b, 0x0a, 0x20, // 0.5).        {. 
	0x20, 0x20, 0x20, 0x20, 0x20, 0x20, 0x20, 0x20, 0x20, 0x20, 0x20, 0x76, 0x65, 0x63, 0x34, 0x20, //            vec4 
	0x5f, 0x32, 0x38, 0x34, 0x20, 0x3d, 0x20, 0x74, 0x65, 0x78, 0x74, 0x75, 0x72, 0x65, 0x28, 0x73, // _284 = texture(s
	0x5f, 0x6d, 0x61, 0x73, 0x6b, 0x2c, 0x20, 0x76, 0x5f, 0x75, 0x76, 0x29, 0x3b, 0x0a, 0x20, 0x20, // _mask, v_uv);.  
	0x20, 0x20, 0x20, 0x20, 0x20, 0x20, 0x20, 0x20, 0x20, 0x20, 0x76, 0x65, 0x63, 0x34, 0x20, 0x5f, //           vec4 _
	0x38, 0x32, 0x31, 0x3b, 0x0a, 0x20, 0x20, 0x20, 0x20, 0x20, 0x20, 0x20, 0x20, 0x20, 0x20, 0x20, // 821;.           
	0x20, 0x69, 0x66, 0x20, 0x28, 0x75, 0x5f, 0x62, 0x6c, 0x69, 0x74, 0x2e, 0x78, 0x20, 0x3c, 0x20, //  if (u_blit.x < 
	0x31, 0x2e, 0x35, 0x29, 0x0a, 0x20, 0x20, 0x20, 0x20, 0x20, 0x20, 0x20, 0x20, 0x20, 0x20, 0x20, // 1.5).           
	0x20, 0x7b, 0x0a, 0x20, 0x20, 0x20, 0x20, 0x20, 0x20, 0x20, 0x20, 0x20, 0x20, 0x20, 0x20, 0x20, //  {.             
	0x20, 0x20, 0x20, 0x5f, 0x38, 0x32, 0x31, 0x20, 0x3d, 0x20, 0x5f, 0x32, 0x37, 0x35, 0x20, 0x2a, //    _821 = _275 *
	0x20, 0x5f, 0x32, 0x38, 0x34, 0x2e, 0x77, 0x3b, 0x0a, 0x20, 0x20, 0x20, 0x20, 0x20, 0x20, 0x20, //  _284.w;.       
	0x20, 0x20, 0x20, 0x20, 0x20, 0x7d, 0x0a, 0x20, 0x20, 0x20, 0x20, 0x20, 0x20, 0x20, 0x20, 0x20, //      }.         
	0x20, 0x20, 0x20, 0x65, 0x6c, 0x73, 0x65, 0x0a, 0x20, 0x20, 0x20, 0x20, 0x20, 0x20, 0x20, 0x20, //    else.        
	0x20, 0x20, 0x20, 0x20, 0x7b, 0x0a, 0x20, 0x20, 0x20, 0x20, 0x20, 0x20, 0x20, 0x20, 0x20, 0x20, //     {.          
	0x20, 0x20, 0x20, 0x20, 0x20, 0x20, 0x76, 0x65, 0x63, 0x34, 0x20, 0x5f, 0x38, 0x32, 0x32, 0x3b, //       vec4 _822;
	0x0a, 0x20, 0x20, 0x20, 0x20, 0x20, 0x20, 0x20, 0x20, 0x20, 0x20, 0x20, 0x20, 0x20, 0x20, 0x20, // .               
	0x20, 0x69, 0x66, 0x20, 0x28, 0x75, 0x5f, 0x62, 0x6c, 0x69, 0x74, 0x2e, 0x78, 0x20, 0x3c, 0x20, //  if (u_blit.x < 
	0x32, 0x2e, 0x35, 0x29, 0x0a, 0x20, 0x20, 0x20, 0x20, 0x20, 0x20, 0x20, 0x20, 0x20, 0x20, 0x20, // 2.5).           
	0x20, 0x20, 0x20, 0x20, 0x20, 0x7b, 0x0a, 0x20, 0x20, 0x20, 0x20, 0x20, 0x20, 0x20, 0x20, 0x20, //      {.         
	0x20, 0x20, 0x20, 0x20, 0x20, 0x20, 0x20, 0x20, 0x20, 0x20, 0x20, 0x5f, 0x38, 0x32, 0x32, 0x20, //            _822 
	0x3d, 0x20, 0x5f, 0x32, 0x37, 0x35, 0x20, 0x2a, 0x20, 0x28, 0x31, 0x2e, 0x30, 0x20, 0x2d, 0x20, // = _275 * (1.0 - 
	0x5f, 0x32, 0x38, 0x34, 0x2e, 0x77, 0x29, 0x3b, 0x0a, 0x20, 0x20, 0x20, 0x20, 0x20, 0x20, 0x20, // _284.w);.       
	0x20, 0x20, 0x20, 0x20, 0x20, 0x20, 0x20, 0x20, 0x20, 0x7d, 0x0a, 0x20, 0x20, 0x20, 0x20, 0x20, //          }.     
	0x20, 0x20, 0x20, 0x20, 0x20, 0x20, 0x20, 0x20, 0x20, 0x20, 0x20, 0x65, 0x6c, 0x73, 0x65, 0x0a, //            else.
	0x20, 0x20, 0x20, 0x20, 0x20, 0x20, 0x20, 0x20, 0x20, 0x20, 0x20, 0x20, 0x20, 0x20, 0x20, 0x20, //                 
	0x7b, 0x0a, 0x20, 0x20, 0x20, 0x20, 0x20, 0x20, 0x20, 0x20, 0x20, 0x20, 0x20, 0x20, 0x20, 0x20, // {.              
	0x20, 0x20, 0x20, 0x20, 0x20, 0x20, 0x76, 0x65, 0x63, 0x34, 0x20, 0x5f, 0x38, 0x32, 0x33, 0x3b, //       vec4 _823;
	0x0a, 0x20, 0x20, 0x20, 0x20, 0x20, 0x20, 0x20, 0x20, 0x20, 0x20, 0x20, 0x20, 0x20, 0x20, 0x20, // .               
	0x20, 0x20, 0x20, 0x20, 0x20, 0x69, 0x66, 0x20, 0x28, 0x75, 0x5f, 0x62, 0x6c, 0x69, 0x74, 0x2e, //      if (u_blit.
	0x78, 0x20, 0x3c, 0x20, 0x33, 0x2e, 0x35, 0x29, 0x0a, 0x20, 0x20, 0x20, 0x20, 0x20, 0x20, 0x20, // x < 3.5).       
	0x20, 0x20, 0x20, 0x20, 0x20, 0x20, 0x20, 0x20, 0x20, 0x20, 0x20, 0x20, 0x20, 0x7b, 0x0a, 0x20, //              {. 
	0x20, 0x20, 0x20, 0x20, 0x20, 0x20, 0x20, 0x20, 0x20, 0x20, 0x20, 0x20, 0x20, 0x20, 0x20, 0x20, //                 
	0x20, 0x20, 0x20, 0x20, 0x20, 0x20, 0x20, 0x5f, 0x38, 0x32, 0x33, 0x20, 0x3d, 0x20, 0x5f, 0x32, //        _823 = _2
	0x37, 0x35, 0x20, 0x2a, 0x20, 0x64, 0x6f, 0x74, 0x28, 0x5f, 0x32, 0x38, 0x34, 0x2e, 0x78, 0x79, // 75 * dot(_284.xy
	0x7a, 0x2c, 0x20, 0x76, 0x65, 0x63, 0x33, 0x28, 0x30, 0x2e, 0x32, 0x31, 0x32, 0x35, 0x39, 0x39, // z, vec3(0.212599
	0x39, 0x39, 0x32, 0x37, 0x35, 0x32, 0x30, 0x37, 0x35, 0x31, 0x39, 0x35, 0x33, 0x31, 0x32, 0x35, // 9927520751953125
	0x2c, 0x20, 0x30, 0x2e, 0x37, 0x31, 0x35, 0x32, 0x30, 0x30, 0x30, 0x30, 0x36, 0x39, 0x36, 0x31, // , 0.715200006961
	0x38, 0x32, 0x32, 0x35, 0x30, 0x39, 0x37, 0x36, 0x35, 0x36, 0x32, 0x35, 0x2c, 0x20, 0x30, 0x2e, // 822509765625, 0.
	0x30, 0x37, 0x32, 0x32, 0x30, 0x30, 0x30, 0x30, 0x30, 0x32, 0x38, 0x36, 0x31, 0x30, 0x32, 0x32, // 0722000002861022
	0x39, 0x34, 0x39, 0x32, 0x31, 0x38, 0x37, 0x35, 0x29, 0x29, 0x3b, 0x0a, 0x20, 0x20, 0x20, 0x20, // 94921875));.    
	0x20, 0x20, 0x20, 0x20, 0x20, 0x20, 0x20, 0x20, 0x20, 0x20, 0x20, 0x20, 0x20, 0x20, 0x20, 0x20, //                 
	0x7d, 0x0a, 0x20, 0x20, 0x20, 0x20, 0x20, 0x20, 0x20, 0x20, 0x20, 0x20, 0x20, 0x20, 0x20, 0x20, // }.              
	0x20, 0x20, 0x20, 0x20, 0x20, 0x20, 0x65, 0x6c, 0x73, 0x65, 0x0a, 0x20, 0x20, 0x20, 0x20, 0x20, //       else.     
	0x20, 0x20, 0x20, 0x20, 0x20, 0x20, 0x20, 0x20, 0x20, 0x20, 0x20, 0x20, 0x20, 0x20, 0x20, 0x7b, //                {
	0x0a, 0x20, 0x20, 0x20, 0x20, 0x20, 0x20, 0x20, 0x20, 0x20, 0x20, 0x20, 0x20, 0x20, 0x20, 0x20, // .               
	0x20, 0x20, 0x20, 0x20, 0x20, 0x20, 0x20, 0x20, 0x20, 0x76, 0x65, 0x63, 0x34, 0x20, 0x5f, 0x38, //          vec4 _8
	0x32, 0x34, 0x3b, 0x0a, 0x20, 0x20, 0x20, 0x20, 0x20, 0x20, 0x20, 0x20, 0x20, 0x20, 0x20, 0x20, // 24;.            
	0x20, 0x20, 0x20, 0x20, 0x20, 0x20, 0x20, 0x20, 0x20, 0x20, 0x20, 0x20, 0x69, 0x66, 0x20, 0x28, //             if (
	0x75, 0x5f, 0x62, 0x6c, 0x69, 0x74, 0x2e, 0x78, 0x20, 0x3c, 0x20, 0x34, 0x2e, 0x35, 0x29, 0x0a, // u_blit.x < 4.5).
	0x20, 0x20, 0x20, 0x20, 0x20, 0x20, 0x20, 0x20, 0x20, 0x20, 0x20, 0x20, 0x20, 0x20, 0x20, 0x20, //                 
	0x20, 0x20, 0x20, 0x20, 0x20, 0x20, 0x20, 0x20, 0x7b, 0x0a, 0x20, 0x20, 0x20, 0x20, 0x20, 0x20, //         {.      
	0x20, 0x20, 0x20, 0x20, 0x20, 0x20, 0x20, 0x20, 0x20, 0x20, 0x20, 0x20, 0x20, 0x20, 0x20, 0x20, //                 
	0x20, 0x20, 0x20, 0x20, 0x20, 0x20, 0x5f, 0x38, 0x32, 0x34, 0x20, 0x3d, 0x20, 0x5f, 0x32, 0x37, //       _824 = _27
	0x35, 0x20, 0x2a, 0x20, 0x28, 0x31, 0x2e, 0x30, 0x20, 0x2d, 0x20, 0x64, 0x6f, 0x74, 0x28, 0x5f, // 5 * (1.0 - dot(_
	0x32, 0x38, 0x34, 0x2e, 0x78, 0x79, 0x7a, 0x2c, 0x20, 0x76, 0x65, 0x63, 0x33, 0x28, 0x30, 0x2e, // 284.xyz, vec3(0.
	0x32, 0x31, 0x32, 0x35, 0x39, 0x39, 0x39, 0x39, 0x32, 0x37, 0x35, 0x32, 0x30, 0x37, 0x35, 0x31, // 2125999927520751
	0x39, 0x35, 0x33, 0x31, 0x32, 0x35, 0x2c, 0x20, 0x30, 0x2e, 0x37, 0x31, 0x35, 0x32, 0x30, 0x30, // 953125, 0.715200
	0x30, 0x30, 0x36, 0x39, 0x36, 0x31, 0x38, 0x32, 0x32, 0x35, 0x30, 0x39, 0x37, 0x36, 0x35, 0x36, // 0069618225097656
	0x32, 0x35, 0x2c, 0x20, 0x30, 0x2e, 0x30, 0x37, 0x32, 0x32, 0x30, 0x30, 0x30, 0x30, 0x30, 0x32, // 25, 0.0722000002
	0x38, 0x36, 0x31, 0x30, 0x32, 0x32, 0x39, 0x34, 0x39, 0x32, 0x31, 0x38, 0x37, 0x35, 0x29, 0x29, // 86102294921875))
	0x29, 0x3b, 0x0a, 0x20, 0x20, 0x20, 0x20, 0x20, 0x20, 0x20, 0x20, 0x20, 0x20, 0x20, 0x20, 0x20, // );.             
	0x20, 0x20, 0x20, 0x20, 0x20, 0x20, 0x20, 0x20, 0x20, 0x20, 0x20, 0x7d, 0x0a, 0x20, 0x20, 0x20, //            }.   
	0x20, 0x20, 0x20, 0x20, 0x20, 0x20, 0x20, 0x20, 0x20, 0x20, 0x20, 0x20, 0x20, 0x20, 0x20, 0x20, //                 
	0x20, 0x20, 0x20, 0x20, 0x20, 0x65, 0x6c, 0x73, 0x65, 0x0a, 0x20, 0x20, 0x20, 0x20, 0x20, 0x20, //      else.      
	0x20, 0x20, 0x20, 0x20, 0x20, 0x20, 0x20, 0x20, 0x20, 0x20, 0x20, 0x20, 0x20, 0x20, 0x20, 0x20, //                 
	0x20, 0x20, 0x7b, 0x0a, 0x20, 0x20, 0x20, 0x20, 0x20, 0x20, 0x20, 0x20, 0x20, 0x20, 0x20, 0x20, //   {.            
	0x20, 0x20, 0x20, 0x20, 0x20, 0x20, 0x20, 0x20, 0x20, 0x20, 0x20, 0x20, 0x20, 0x20, 0x20, 0x20, //                 
	0x66, 0x6c, 0x6f, 0x61, 0x74, 0x20, 0x5f, 0x38, 0x31, 0x30, 0x3b, 0x0a, 0x20, 0x20, 0x20, 0x20, // float _810;.    
	0x20, 0x20, 0x20, 0x20, 0x20, 0x20, 0x20, 0x20, 0x20, 0x20, 0x20, 0x20, 0x20, 0x20, 0x20, 0x20, //                 
	0x20, 0x20, 0x20, 0x20, 0x20, 0x20, 0x20, 0x20, 0x69, 0x66, 0x20, 0x28, 0x75, 0x5f, 0x62, 0x6c, //         if (u_bl
	0x69, 0x74, 0x2e, 0x78, 0x20, 0x3c, 0x20, 0x35, 0x2e, 0x35, 0x29, 0x0a, 0x20, 0x20, 0x20, 0x20, // it.x < 5.5).    
	0x20, 0x20, 0x20, 0x20, 0x20, 0x20, 0x20, 0x20, 0x20, 0x20, 0x20, 0x20, 0x20, 0x20, 0x20, 0x20, //                 
	0x20, 0x20, 0x20, 0x20, 0x20, 0x20, 0x20, 0x20, 0x7b, 0x0a, 0x20, 0x20, 0x20, 0x20, 0x20, 0x20, //         {.      
	0x20, 0x20, 0x20, 0x20, 0x20, 0x20, 0x20, 0x20, 0x20, 0x20, 0x20, 0x20, 0x20, 0x20, 0x20, 0x20, //                 
	0x20, 0x20, 0x20, 0x20, 0x20, 0x20, 0x20, 0x20, 0x20, 0x20, 0x66, 0x6c, 0x6f, 0x61, 0x74, 0x20, //           float 
	0x5f, 0x33, 0x33, 0x37, 0x20, 0x3d, 0x20, 0x5f, 0x32, 0x37, 0x35, 0x2e, 0x77, 0x3b, 0x0a, 0x20, // _337 = _275.w;. 
	0x20, 0x20, 0x20, 0x20, 0x20, 0x20, 0x20, 0x20, 0x20, 0x20, 0x20, 0x20, 0x20, 0x20, 0x20, 0x20, //                 
	0x20, 0x20, 0x20, 0x20, 0x20, 0x20, 0x20, 0x20, 0x20, 0x20, 0x20, 0x20, 0x20, 0x20, 0x20, 0x5f, //                _
	0x38, 0x31, 0x30, 0x20, 0x3d, 0x20, 0x5f, 0x33, 0x33, 0x37, 0x20, 0x2b, 0x20, 0x28, 0x5f, 0x32, // 810 = _337 + (_2
	0x38, 0x34, 0x2e, 0x77, 0x20, 0x2a, 0x20, 0x28, 0x31, 0x2e, 0x30, 0x20, 0x2d, 0x20, 0x5f, 0x33, // 84.w * (1.0 - _3
	0x33, 0x37, 0x29, 0x29, 0x3b, 0x0a, 0x20, 0x20, 0x20, 0x20, 0x20, 0x20, 0x20, 0x20, 0x20, 0x20, // 37));.          
	0x20, 0x20, 0x20, 0x20, 0x20, 0x20, 0x20, 0x20, 0x20, 0x20, 0x20, 0x20, 0x20, 0x20, 0x20, 0x20, //                 
	0x20, 0x20, 0x7d, 0x0a, 0x20, 0x20, 0x20, 0x20, 0x20, 0x20, 0x20, 0x20, 0x20, 0x20, 0x20, 0x20, //   }.            
	0x20, 0x20, 0x20, 0x20, 0x20, 0x20, 0x20, 0x20, 0x20, 0x20, 0x20, 0x20, 0x20, 0x20, 0x20, 0x20, //                 
	0x65, 0x6c, 0x73, 0x65, 0x0a, 0x20, 0x20, 0x20, 0x20, 0x20, 0x20, 0x20, 0x20, 0x20, 0x20, 0x20, // else.           
	0x20, 0x20, 0x20, 0x20, 0x20, 0x20, 0x20, 0x20, 0x20, 0x20, 0x20, 0x20, 0x20, 0x20, 0x20, 0x20, //                 
	0x20, 0x7b, 0x0a, 0x20, 0x20, 0x20, 0x20, 0x20, 0x20, 0x20, 0x20, 0x20, 0x20, 0x20, 0x20, 0x20, //  {.             
	0x20, 0x20, 0x20, 0x20, 0x20, 0x20, 0x20, 0x20, 0x20, 0x20, 0x20, 0x20, 0x20, 0x20, 0x20, 0x20, //                 
	0x20, 0x20, 0x20, 0x66, 0x6c, 0x6f, 0x61, 0x74, 0x20, 0x5f, 0x38, 0x31, 0x31, 0x3b, 0x0a, 0x20, //    float _811;. 
	0x20, 0x20, 0x20, 0x20, 0x20, 0x20, 0x20, 0x20, 0x20, 0x20, 0x20, 0x20, 0x20, 0x20, 0x20, 0x20, //                 
	0x20, 0x20, 0x20, 0x20, 0x20, 0x20, 0x20, 0x20, 0x20, 0x20, 0x20, 0x20, 0x20, 0x20, 0x20, 0x69, //                i
	0x66, 0x20, 0x28, 0x75, 0x5f, 0x62, 0x6c, 0x69, 0x74, 0x2e, 0x78, 0x20, 0x3c, 0x20, 0x36, 0x2e, // f (u_blit.x < 6.
	0x35, 0x29, 0x0a, 0x20, 0x20, 0x20, 0x20, 0x20, 0x20, 0x20, 0x20, 0x20, 0x20, 0x20, 0x20, 0x20, // 5).             
	0x20, 0x20, 0x20, 0x20, 0x20, 0x20, 0x20, 0x20, 0x20, 0x20, 0x20, 0x20, 0x20, 0x20, 0x20, 0x20, //                 
	0x20, 0x20, 0x20, 0x7b, 0x0a, 0x20, 0x20, 0x20, 0x20, 0x20, 0x20, 0x20, 0x20, 0x20, 0x20, 0x20, //    {.           
	0x20, 0x20, 0x20, 0x20, 0x20, 0x20, 0x20, 0x20, 0x20, 0x20, 0x20, 0x20, 0x20, 0x20, 0x20, 0x20, //                 
	0x20, 0x20, 0x20, 0x20, 0x20, 0x20, 0x20, 0x20, 0x20, 0x5f, 0x38, 0x31, 0x31, 0x20, 0x3d, 0x20, //          _811 = 
	0x5f, 0x32, 0x37, 0x35, 0x2e, 0x77, 0x20, 0x2a, 0x20, 0x28, 0x31, 0x2e, 0x30, 0x20, 0x2d, 0x20, // _275.w * (1.0 - 
	0x5f, 0x32, 0x38, 0x34, 0x2e, 0x77, 0x29, 0x3b, 0x0a, 0x20, 0x20, 0x20, 0x20, 0x20, 0x20, 0x20, // _284.w);.       
	0x20, 0x20, 0x20, 0x20, 0x20, 0x20, 0x20, 0x20, 0x20, 0x20, 0x20, 0x20, 0x20, 0x20, 0x20, 0x20, //                 
	0x20, 0x20, 0x20, 0x20, 0x20, 0x20, 0x20, 0x20, 0x20, 0x7d, 0x0a, 0x20, 0x20, 0x20, 0x20, 0x20, //          }.     
	0x20, 0x20, 0x20, 0x20, 0x20, 0x20, 0x20, 0x20, 0x20, 0x20, 0x20, 0x20, 0x20, 0x20, 0x20, 0x20, //                 
	0x20, 0x20, 0x20, 0x20, 0x20, 0x20, 0x20, 0x20, 0x20, 0x20, 0x20, 0x65, 0x6c, 0x73, 0x65, 0x0a, //            else.
	0x20, 0x20, 0x20, 0x20, 0x20, 0x20, 0x20, 0x20, 0x20, 0x20, 0x20, 0x20, 0x20, 0x20, 0x20, 0x20, //                 
	0x20, 0x20, 0x20, 0x20, 0x20, 0x20, 0x20, 0x20, 0x20, 0x20, 0x20, 0x20, 0x20, 0x20, 0x20, 0x20, //                 
	0x7b, 0x0a, 0x20, 0x20, 0x20, 0x20, 0x20, 0x20, 0x20, 0x20, 0x20, 0x20, 0x20, 0x20, 0x20, 0x20, // {.              
	0x20, 0x20, 0x20, 0x20, 0x20, 0x20, 0x20, 0x20, 0x20, 0x20, 0x20, 0x20, 0x20, 0x20, 0x20, 0x20, //                 
	0x20, 0x20, 0x20, 0x20, 0x20, 0x20, 0x66, 0x6c, 0x6f, 0x61, 0x74, 0x20, 0x5f, 0x38, 0x31, 0x32, //       float _812
	0x3b, 0x0a, 0x20, 0x20, 0x20, 0x20, 0x20, 0x20, 0x20, 0x20, 0x20, 0x20, 0x20, 0x20, 0x20, 0x20, // ;.              
	0x20, 0x20, 0x20, 0x20, 0x20, 0x20, 0x20, 0x20, 0x20, 0x20, 0x20, 0x20, 0x20, 0x20, 0x20, 0x20, //                 
	0x20, 0x20, 0x20, 0x20, 0x20, 0x20, 0x69, 0x66, 0x20, 0x28, 0x75, 0x5f, 0x62, 0x6c, 0x69, 0x74, //       if (u_blit
	0x2e, 0x78, 0x20, 0x3c, 0x20, 0x37, 0x2e, 0x35, 0x29, 0x0a, 0x20, 0x20, 0x20, 0x20, 0x20, 0x20, // .x < 7.5).      
	0x20, 0x20, 0x20, 0x20, 0x20, 0x20, 0x20, 0x20, 0x20, 0x20, 0x20, 0x20, 0x20, 0x20, 0x20, 0x20, //                 
	0x20, 0x20, 0x20, 0x20, 0x20, 0x20, 0x20, 0x20, 0x20, 0x20, 0x20, 0x20, 0x20, 0x20, 0x7b, 0x0a, //               {.
	0x20, 0x20, 0x20, 0x20, 0x20, 0x20, 0x20, 0x20, 0x20, 0x20, 0x20, 0x20, 0x20, 0x20, 0x20, 0x20, //                 
	0x20, 0x20, 0x20, 0x20, 0x20, 0x20, 0x20, 0x20, 0x20, 0x20, 0x20, 0x20, 0x20, 0x20, 0x20, 0x20, //                 
	0x20, 0x20, 0x20, 0x20, 0x20, 0x20, 0x20, 0x20, 0x5f, 0x38, 0x31, 0x32, 0x20, 0x3d, 0x20, 0x5f, //         _812 = _
	0x32, 0x37, 0x35, 0x2e, 0x77, 0x20, 0x2a, 0x20, 0x5f, 0x32, 0x38, 0x34, 0x2e, 0x77, 0x3b, 0x0a, // 275.w * _284.w;.
	0x20, 0x20, 0x20, 0x20, 0x20, 0x20, 0x20, 0x20, 0x20, 0x20, 0x20, 0x20, 0x20, 0x20, 0x20, 0x20, //                 
	0x20, 0x20, 0x20, 0x20, 0x20, 0x20, 0x20, 0x20, 0x20, 0x20, 0x20, 0x20, 0x20, 0x20, 0x20, 0x20, //                 
	0x20, 0x20, 0x20, 0x20, 0x7d, 0x0a, 0x20, 0x20, 0x20, 0x20, 0x20, 0x20, 0x20, 0x20, 0x20, 0x20, //     }.          
	0x20, 0x20, 0x20, 0x20, 0x20, 0x20, 0x20, 0x20, 0x20, 0x20, 0x20, 0x20, 0x20, 0x20, 0x20, 0x20, //                 
	0x20, 0x20, 0x20, 0x20, 0x20, 0x20, 0x20, 0x20, 0x20, 0x20, 0x65, 0x6c, 0x73, 0x65, 0x0a, 0x20, //           else. 
	0x20, 0x20, 0x20, 0x20, 0x20, 0x20, 0x20, 0x20, 0x20, 0x20, 0x20, 0x20, 0x20, 0x20, 0x20, 0x20, //                 
	0x20, 0x20, 0x20, 0x20, 0x20, 0x20, 0x20, 0x20, 0x20, 0x20, 0x20, 0x20, 0x20, 0x20, 0x20, 0x20, //                 
	0x20, 0x20, 0x20, 0x7b, 0x0a, 0x20, 0x20, 0x20, 0x20, 0x20, 0x20, 0x20, 0x20, 0x20, 0x20, 0x20, //    {.           
	0x20, 0x20, 0x20, 0x20, 0x20, 0x20, 0x20, 0x20, 0x20, 0x20, 0x20, 0x20, 0x20, 0x20, 0x20, 0x20, //                 
	0x20, 0x20, 0x20, 0x20, 0x20, 0x20, 0x20, 0x20, 0x20, 0x20, 0x20, 0x20, 0x20, 0x66, 0x6c, 0x6f, //              flo
	0x61, 0x74, 0x20, 0x5f, 0x38, 0x31, 0x33, 0x3b, 0x0a, 0x20, 0x20, 0x20, 0x20, 0x20, 0x20, 0x20, // at _813;.       
	0x20, 0x20, 0x20, 0x20, 0x20, 0x20, 0x20, 0x20, 0x20, 0x20, 0x20, 0x20, 0x20, 0x20, 0x20, 0x20, //                 
	0x20, 0x20, 0x20, 0x20, 0x20, 0x20, 0x20, 0x20, 0x20, 0x20, 0x20, 0x20, 0x20, 0x20, 0x20, 0x20, //                 
	0x20, 0x69, 0x66, 0x20, 0x28, 0x75, 0x5f, 0x62, 0x6c, 0x69, 0x74, 0x2e, 0x78, 0x20, 0x3c, 0x20, //  if (u_blit.x < 
	0x38, 0x2e, 0x35, 0x29, 0x0a, 0x20, 0x20, 0x20, 0x20, 0x20, 0x20, 0x20, 0x20, 0x20, 0x20, 0x20, // 8.5).           
	0x20, 0x20, 0x20, 0x20, 0x20, 0x20, 0x20, 0x20, 0x20, 0x20, 0x20, 0x20, 0x20, 0x20, 0x20, 0x20, //                 
	0x20, 0x20, 0x20, 0x20, 0x20, 0x20, 0x20, 0x20, 0x20, 0x20, 0x20, 0x20, 0x20, 0x7b, 0x0a, 0x20, //              {. 
	0x20, 0x20, 0x20, 0x20, 0x20, 0x20, 0x20, 0x20, 0x20, 0x20, 0x20, 0x20, 0x20, 0x20, 0x20, 0x20, //                 
	0x20, 0x20, 0x20, 0x20, 0x20, 0x20, 0x20, 0x20, 0x20, 0x20, 0x20, 0x20, 0x20, 0x20, 0x20, 0x20, //                 
	0x20, 0x20, 0x20, 0x20, 0x20, 0x20, 0x20, 0x20, 0x20, 0x20, 0x20, 0x66, 0x6c, 0x6f, 0x61, 0x74, //            float
	0x20, 0x5f, 0x33, 0x37, 0x32, 0x20, 0x3d, 0x20, 0x5f, 0x32, 0x37, 0x35, 0x2e, 0x77, 0x3b, 0x0a, //  _372 = _275.w;.
	0x20, 0x20, 0x20, 0x20, 0x20, 0x20, 0x20, 0x20, 0x20, 0x20, 0x20, 0x20, 0x20, 0x20, 0x20, 0x20, //                 
	0x20, 0x20, 0x20, 0x20, 0x20, 0x20, 0x20, 0x20, 0x20, 0x20, 0x20, 0x20, 0x20, 0x20, 0x20, 0x20, //                 
	0x20, 0x20, 0x20, 0x20, 0x20, 0x20, 0x20, 0x20, 0x20, 0x20, 0x20, 0x20, 0x66, 0x6c, 0x6f, 0x61, //             floa
	0x74, 0x20, 0x5f, 0x33, 0x37, 0x34, 0x20, 0x3d, 0x20, 0x5f, 0x32, 0x38, 0x34, 0x2e, 0x77, 0x3b, // t _374 = _284.w;
	0x0a, 0x20, 0x20, 0x20, 0x20, 0x20, 0x20, 0x20, 0x20, 0x20, 0x20, 0x20, 0x20, 0x20, 0x20, 0x20, // .               
	0x20, 0x20, 0x20, 0x20, 0x20, 0x20, 0x20, 0x20, 0x20, 0x20, 0x20, 0x20, 0x20, 0x20, 0x20, 0x20, //                 
	0x20, 0x20, 0x20, 0x20, 0x20, 0x20, 0x20, 0x20, 0x20, 0x20, 0x20, 0x20, 0x20, 0x5f, 0x38, 0x31, //              _81
	0x33, 0x20, 0x3d, 0x20, 0x28, 0x5f, 0x33, 0x37, 0x32, 0x20, 0x2a, 0x20, 0x28, 0x31, 0x2e, 0x30, // 3 = (_372 * (1.0
	0x20, 0x2d, 0x20, 0x5f, 0x33, 0x37, 0x34, 0x29, 0x29, 0x20, 0x2b, 0x20, 0x28, 0x5f, 0x33, 0x37, //  - _374)) + (_37
	0x34, 0x20, 0x2a, 0x20, 0x28, 0x31, 0x2e, 0x30, 0x20, 0x2d, 0x20, 0x5f, 0x33, 0x37, 0x32, 0x29, // 4 * (1.0 - _372)
	0x29, 0x3b, 0x0a, 0x20, 0x20, 0x20, 0x20, 0x20, 0x20, 0x20, 0x20, 0x20, 0x20, 0x20, 0x20, 0x20, // );.             
	0x20, 0x20, 0x20, 0x20, 0x20, 0x20, 0x20, 0x20, 0x20, 0x20, 0x20, 0x20, 0x20, 0x20, 0x20, 0x20, //                 
	0x20, 0x20, 0x20, 0x20, 0x20, 0x20, 0x20, 0x20, 0x20, 0x20, 0x20, 0x7d, 0x0a, 0x20, 0x20, 0x20, //            }.   
	0x20, 0x20, 0x20, 0x20, 0x20, 0x20, 0x20, 0x20, 0x20, 0x20, 0x20, 0x20, 0x20, 0x20, 0x20, 0x20, //                 
	0x20, 0x20, 0x20, 0x20, 0x20, 0x20, 0x20, 0x20, 0x20, 0x20, 0x20, 0x20, 0x20, 0x20, 0x20, 0x20, //                 
	0x20, 0x20, 0x20, 0x20, 0x20, 0x65, 0x6c, 0x73, 0x65, 0x0a, 0x20, 0x20, 0x20, 0x20, 0x20, 0x20, //      else.      
	0x20, 0x20, 0x20, 0x20, 0x20, 0x20, 0x20, 0x20, 0x20, 0x20, 0x20, 0x20, 0x20, 0x20, 0x20, 0x20, //                 
	0x20, 0x20, 0x20, 0x20, 0x20, 0x20, 0x20, 0x20, 0x20, 0x20, 0x20, 0x20, 0x20, 0x20, 0x20, 0x20, //                 
	0x20, 0x20, 0x7b, 0x0a, 0x20, 0x20, 0x20, 0x20, 0x20, 0x20, 0x20, 0x20, 0x20, 0x20, 0x20, 0x20, //   {.            
	0x20, 0x20, 0x20, 0x20, 0x20, 0x20, 0x20, 0x20, 0x20, 0x20, 0x20, 0x20, 0x20, 0x20, 0x20, 0x20, //                 
	0x20, 0x20, 0x20, 0x20, 0x20, 0x20, 0x20, 0x20, 0x20, 0x20, 0x20, 0x20, 0x20, 0x20, 0x20, 0x20, //                 
	0x66, 0x6c, 0x6f, 0x61, 0x74, 0x20, 0x5f, 0x38, 0x31, 0x34, 0x3b, 0x0a, 0x20, 0x20, 0x20, 0x20, // float _814;.    
	0x20, 0x20, 0x20, 0x20, 0x20, 0x20, 0x20, 0x20, 0x20, 0x20, 0x20, 0x20, 0x20, 0x20, 0x20, 0x20, //                 
	0x20, 0x20, 0x20, 0x20, 0x20, 0x20, 0x20, 0x20, 0x20, 0x20, 0x20, 0x20, 0x20, 0x20, 0x20, 0x20, //                 
	0x20, 0x20, 0x20, 0x20, 0x20, 0x20, 0x20, 0x20, 0x69, 0x66, 0x20, 0x28, 0x75, 0x5f, 0x62, 0x6c, //         if (u_bl
	0x69, 0x74, 0x2e, 0x78, 0x20, 0x3c, 0x20, 0x39, 0x2e, 0x35, 0x29, 0x0a, 0x20, 0x20, 0x20, 0x20, // it.x < 9.5).    
	0x20, 0x20, 0x20, 0x20, 0x20, 0x20, 0x20, 0x20, 0x20, 0x20, 0x20, 0x20, 0x20, 0x20, 0x20, 0x20, //                 
	0x20, 0x20, 0x20, 0x20, 0x20, 0x20, 0x20, 0x20, 0x20, 0x20, 0x20, 0x20, 0x20, 0x20, 0x20, 0x20, //                 
	0x20, 0x20, 0x20, 0x20, 0x20, 0x20, 0x20, 0x20, 0x7b, 0x0a, 0x20, 0x20, 0x20, 0x20, 0x20, 0x20, //         {.      
	0x20, 0x20, 0x20, 0x20, 0x20, 0x20, 0x20, 0x20, 0x20, 0x20, 0x20, 0x20, 0x20, 0x20, 0x20, 0x20, //                 
	0x20, 0x20, 0x20, 0x20, 0x20, 0x20, 0x20, 0x20, 0x20, 0x20, 0x20, 0x20, 0x20, 0x20, 0x20, 0x20, //                 
	0x20, 0x20, 0x20, 0x20, 0x20, 0x20, 0x20, 0x20, 0x20, 0x20, 0x5f, 0x38, 0x31, 0x34, 0x20, 0x3d, //           _814 =
	0x20, 0x6d, 0x61, 0x78, 0x28, 0x5f, 0x32, 0x37, 0x35, 0x2e, 0x77, 0x2c, 0x20, 0x5f, 0x32, 0x38, //  max(_275.w, _28
	0x34, 0x2e, 0x77, 0x29, 0x3b, 0x0a, 0x20, 0x20, 0x20, 0x20, 0x20, 0x20, 0x20, 0x20, 0x20, 0x20, // 4.w);.          
	0x20, 0x20, 0x20, 0x20, 0x20, 0x20, 0x20, 0x20, 0x20, 0x20, 0x20, 0x20, 0x20, 0x20, 0x20, 0x20, //                 
	0x20, 0x20, 0x20, 0x20, 0x20, 0x20, 0x20, 0x20, 0x20, 0x20, 0x20, 0x20, 0x20, 0x20, 0x20, 0x20, //                 
	0x20, 0x20, 0x7d, 0x0a, 0x20, 0x20, 0x20, 0x20, 0x20, 0x20, 0x20, 0x20, 0x20, 0x20, 0x20, 0x20, //   }.            
	0x20, 0x20, 0x20, 0x20, 0x20, 0x20, 0x20, 0x20, 0x20, 0x20, 0x20, 0x20, 0x20, 0x20, 0x20, 0x20, //                 
	0x20, 0x20, 0x20, 0x20, 0x20, 0x20, 0x20, 0x20, 0x20, 0x20, 0x20, 0x20, 0x20, 0x20, 0x20, 0x20, //                 
	0x65, 0x6c, 0x73, 0x65, 0x0a, 0x20, 0x20, 0x20, 0x20, 0x20, 0x20, 0x20, 0x20, 0x20, 0x20, 0x20, // else.           
	0x20, 0x20, 0x20, 0x20, 0x20, 0x20, 0x20, 0x20, 0x20, 0x20, 0x20, 0x20, 0x20, 0x20, 0x20, 0x20, //                 
	0x20, 0x20, 0x20, 0x20, 0x20, 0x20, 0x20, 0x20, 0x20, 0x20, 0x20, 0x20, 0x20, 0x20, 0x20, 0x20, //                 
	0x20, 0x7b, 0x0a, 0x20, 0x20, 0x20, 0x20, 0x20, 0x20, 0x20, 0x20, 0x20, 0x20, 0x20, 0x20, 0x20, //  {.             
	0x20, 0x20, 0x20, 0x20, 0x20, 0x20, 0x20, 0x20, 0x20, 0x20, 0x20, 0x20, 0x20, 0x20, 0x20, 0x20, //                 
	0x20, 0x20, 0x20, 0x20, 0x20, 0x20, 0x20, 0x20, 0x20, 0x20, 0x20, 0x20, 0x20, 0x20, 0x20, 0x20, //                 
	0x20, 0x20, 0x20, 0x5f, 0x38, 0x31, 0x34, 0x20, 0x3d, 0x20, 0x6d, 0x69, 0x6e, 0x28, 0x5f, 0x32, //    _814 = min(_2
	0x37, 0x35, 0x2e, 0x77, 0x2c, 0x20, 0x5f, 0x32, 0x38, 0x34, 0x2e, 0x77, 0x29, 0x3b, 0x0a, 0x20, // 75.w, _284.w);. 
	0x20, 0x20, 0x20, 0x20, 0x20, 0x20, 0x20, 0x20, 0x20, 0x20, 0x20, 0x20, 0x20, 0x20, 0x20, 0x20, //                 
	0x20, 0x20, 0x20, 0x20, 0x20, 0x20, 0x20, 0x20, 0x20, 0x20, 0x20, 0x20, 0x20, 0x20, 0x20, 0x20, //                 
	0x20, 0x20, 0x20, 0x20, 0x20, 0x20, 0x20, 0x20, 0x20, 0x20, 0x20, 0x7d, 0x0a, 0x20, 0x20, 0x20, //            }.   
	0x20, 0x20, 0x20, 0x20, 0x20, 0x20, 0x20, 0x20, 0x20, 0x20, 0x20, 0x20, 0x20, 0x20, 0x20, 0x20, //                 
	0x20, 0x20, 0x20, 0x20, 0x20, 0x20, 0x20, 0x20, 0x20, 0x20, 0x20, 0x20, 0x20, 0x20, 0x20, 0x20, //                 
	0x20, 0x20, 0x20, 0x20, 0x20, 0x20, 0x20, 0x20, 0x20, 0x5f, 0x38, 0x31, 0x33, 0x20, 0x3d, 0x20, //          _813 = 
	0x5f, 0x38, 0x31, 0x34, 0x3b, 0x0a, 0x20, 0x20, 0x20, 0x20, 0x20, 0x20, 0x20, 0x20, 0x20, 0x20, // _814;.          
	0x20, 0x20, 0x20, 0x20, 0x20, 0x20, 0x20, 0x20, 0x20, 0x20, 0x20, 0x20, 0x20, 0x20, 0x20, 0x20, //                 
	0x20, 0x20, 0x20, 0x20, 0x20, 0x20, 0x20, 0x20, 0x20, 0x20, 0x20, 0x20, 0x20, 0x20, 0x7d, 0x0a, //               }.
	0x20, 0x20, 0x20, 0x20, 0x20, 0x20, 0x20, 0x20, 0x20, 0x20, 0x20, 0x20, 0x20, 0x20, 0x20, 0x20, //                 
	0x20, 0x20, 0x20, 0x20, 0x20, 0x20, 0x20, 0x20, 0x20, 0x20, 0x20, 0x20, 0x20, 0x20, 0x20, 0x20, //                 
	0x20, 0x20, 0x20, 0x20, 0x20, 0x20, 0x20, 0x20, 0x5f, 0x38, 0x31, 0x32, 0x20, 0x3d, 0x20, 0x5f, //         _812 = _
	0x38, 0x31, 0x33, 0x3b, 0x0a, 0x20, 0x20, 0x20, 0x20, 0x20, 0x20, 0x20, 0x20, 0x20, 0x20, 0x20, // 813;.           
	0x20, 0x20, 0x20, 0x20, 0x20, 0x20, 0x20, 0x20, 0x20, 0x20, 0x20, 0x20, 0x20, 0x20, 0x20, 0x20, //                 
	0x20, 0x20, 0x20, 0x20, 0x20, 0x20, 0x20, 0x20, 0x20, 0x7d, 0x0a, 0x20, 0x20, 0x20, 0x20, 0x20, //          }.     
	0x20, 0x20, 0x20, 0x20, 0x20, 0x20, 0x20, 0x20, 0x20, 0x20, 0x20, 0x20, 0x20, 0x20, 0x20, 0x20, //                 
	0x20, 0x20, 0x20, 0x20, 0x20, 0x20, 0x20, 0x20, 0x20, 0x20, 0x20, 0x20, 0x20, 0x20, 0x20, 0x5f, //                _
	0x38, 0x31, 0x31, 0x20, 0x3d, 0x20, 0x5f, 0x38, 0x31, 0x32, 0x3b, 0x0a, 0x20, 0x20, 0x20, 0x20, // 811 = _812;.    
	0x20, 0x20, 0x20, 0x20, 0x20, 0x20, 0x20, 0x20, 0x20, 0x20, 0x20, 0x20, 0x20, 0x20, 0x20, 0x20, //                 
	0x20, 0x20, 0x20, 0x20, 0x20, 0x20, 0x20, 0x20, 0x20, 0x20, 0x20, 0x20, 0x7d, 0x0a, 0x20, 0x20, //             }.  
	0x20, 0x20, 0x20, 0x20, 0x20, 0x20, 0x20, 0x20, 0x20, 0x20, 0x20, 0x20, 0x20, 0x20, 0x20, 0x20, //                 
	0x20, 0x20, 0x20, 0x20, 0x20, 0x20, 0x20, 0x20, 0x20, 0x20, 0x20, 0x20, 0x20, 0x20, 0x5f, 0x38, //               _8
	0x31, 0x30, 0x20, 0x3d, 0x20, 0x5f, 0x38, 0x31, 0x31, 0x3b, 0x0a, 0x20, 0x20, 0x20, 0x20, 0x20, // 10 = _811;.     
	0x20, 0x20, 0x20, 0x20, 0x20, 0x20, 0x20, 0x20, 0x20, 0x20, 0x20, 0x20, 0x20, 0x20, 0x20, 0x20, //                 
	0x20, 0x20, 0x20, 0x20, 0x20, 0x20, 0x20, 0x7d, 0x0a, 0x20, 0x20, 0x20, 0x20, 0x20, 0x20, 0x20, //        }.       
	0x20, 0x20, 0x20, 0x20, 0x20, 0x20, 0x20, 0x20, 0x20, 0x20, 0x20, 0x20, 0x20, 0x20, 0x20, 0x20, //                 
	0x20, 0x20, 0x20, 0x20, 0x20, 0x76, 0x65, 0x63, 0x34, 0x20, 0x5f, 0x37, 0x39, 0x31, 0x20, 0x3d, //      vec4 _791 =
	0x20, 0x5f, 0x32, 0x37, 0x35, 0x3b, 0x0a, 0x20, 0x20, 0x20, 0x20, 0x20, 0x20, 0x20, 0x20, 0x20, //  _275;.         
	0x20, 0x20, 0x20, 0x20, 0x20, 0x20, 0x20, 0x20, 0x20, 0x20, 0x20, 0x20, 0x20, 0x20, 0x20, 0x20, //                 
	0x20, 0x20, 0x20, 0x5f, 0x37, 0x39, 0x31, 0x2e, 0x77, 0x20, 0x3d, 0x20, 0x5f, 0x38, 0x31, 0x30, //    _791.w = _810
	0x3b, 0x0a, 0x20, 0x20, 0x20, 0x20, 0x20, 0x20, 0x20, 0x20, 0x20, 0x20, 0x20, 0x20, 0x20, 0x20, // ;.              
	0x20, 0x20, 0x20, 0x20, 0x20, 0x20, 0x20, 0x20, 0x20, 0x20, 0x20, 0x20, 0x20, 0x20, 0x5f, 0x38, //               _8
	0x32, 0x34, 0x20, 0x3d, 0x20, 0x5f, 0x37, 0x39, 0x31, 0x3b, 0x0a, 0x20, 0x20, 0x20, 0x20, 0x20, // 24 = _791;.     
	0x20, 0x20, 0x20, 0x20, 0x20, 0x20, 0x20, 0x20, 0x20, 0x20, 0x20, 0x20, 0x20, 0x20, 0x20, 0x20, //                 
	0x20, 0x20, 0x20, 0x7d, 0x0a, 0x20, 0x20, 0x20, 0x20, 0x20, 0x20, 0x20, 0x20, 0x20, 0x20, 0x20, //    }.           
	0x20, 0x20, 0x20, 0x20, 0x20, 0x20, 0x20, 0x20, 0x20, 0x20, 0x20, 0x20, 0x20, 0x5f, 0x38, 0x32, //              _82
	0x33, 0x20, 0x3d, 0x20, 0x5f, 0x38, 0x32, 0x34, 0x3b, 0x0a, 0x20, 0x20, 0x20, 0x20, 0x20, 0x20, // 3 = _824;.      
	0x20, 0x20, 0x20, 0x20, 0x20, 0x20, 0x20, 0x20, 0x20, 0x20, 0x20, 0x20, 0x20, 0x20, 0x7d, 0x0a, //               }.
	0x20, 0x20, 0x20, 0x20, 0x20, 0x20, 0x20, 0x20, 0x20, 0x20, 0x20, 0x20, 0x20, 0x20, 0x20, 0x20, //                 
	0x20, 0x20, 0x20, 0x20, 0x5f, 0x38, 0x32, 0x32, 0x20, 0x3d, 0x20, 0x5f, 0x38, 0x32, 0x33, 0x3b, //     _822 = _823;
	0x0a, 0x20, 0x20, 0x20, 0x20, 0x20, 0x20, 0x20, 0x20, 0x20, 0x20, 0x20, 0x20, 0x20, 0x20, 0x20, // .               
	0x20, 0x7d, 0x0a, 0x20, 0x20, 0x20, 0x20, 0x20, 0x20, 0x20, 0x20, 0x20, 0x20, 0x20, 0x20, 0x20, //  }.             
	0x20, 0x20, 0x20, 0x5f, 0x38, 0x32, 0x31, 0x20, 0x3d, 0x20, 0x5f, 0x38, 0x32, 0x32, 0x3b, 0x0a, //    _821 = _822;.
	0x20, 0x20, 0x20, 0x20, 0x20, 0x20, 0x20, 0x20, 0x20, 0x20, 0x20, 0x20, 0x7d, 0x0a, 0x20, 0x20, //             }.  
	0x20, 0x20, 0x20, 0x20, 0x20, 0x20, 0x20, 0x20, 0x20, 0x20, 0x5f, 0x38, 0x32, 0x30, 0x20, 0x3d, //           _820 =
	0x20, 0x5f, 0x38, 0x32, 0x31, 0x3b, 0x0a, 0x20, 0x20, 0x20, 0x20, 0x20, 0x20, 0x20, 0x20, 0x7d, //  _821;.        }
	0x0a, 0x20, 0x20, 0x20, 0x20, 0x20, 0x20, 0x20, 0x20, 0x65, 0x6c, 0x73, 0x65, 0x0a, 0x20, 0x20, // .        else.  
	0x20, 0x20, 0x20, 0x20, 0x20, 0x20, 0x7b, 0x0a, 0x20, 0x20, 0x20, 0x20, 0x20, 0x20, 0x20, 0x20, //       {.        
	0x20, 0x20, 0x20, 0x20, 0x5f, 0x38, 0x32, 0x30, 0x20, 0x3d, 0x20, 0x5f, 0x32, 0x37, 0x35, 0x3b, //     _820 = _275;
	0x0a, 0x20, 0x20, 0x20, 0x20, 0x20, 0x20, 0x20, 0x20, 0x7d, 0x0a, 0x20, 0x20, 0x20, 0x20, 0x20, // .        }.     
	0x20, 0x20, 0x20, 0x69, 0x66, 0x20, 0x28, 0x21, 0x28, 0x28, 0x75, 0x5f, 0x62, 0x6c, 0x69, 0x74, //    if (!((u_blit
	0x2e, 0x78, 0x20, 0x3e, 0x3d, 0x20, 0x35, 0x2e, 0x30, 0x29, 0x20, 0x7c, 0x7c, 0x20, 0x28, 0x75, // .x >= 5.0) || (u
	0x5f, 0x62, 0x6c, 0x69, 0x74, 0x2e, 0x7a, 0x20, 0x3e, 0x20, 0x30, 0x2e, 0x35, 0x29, 0x29, 0x29, // _blit.z > 0.5)))
	0x0a, 0x20, 0x20, 0x20, 0x20, 0x20, 0x20, 0x20, 0x20, 0x7b, 0x0a, 0x20, 0x20, 0x20, 0x20, 0x20, // .        {.     
	0x20, 0x20, 0x20, 0x20, 0x20, 0x20, 0x20, 0x76, 0x65, 0x63, 0x34, 0x20, 0x5f, 0x38, 0x33, 0x31, //        vec4 _831
	0x3b, 0x0a, 0x20, 0x20, 0x20, 0x20, 0x20, 0x20, 0x20, 0x20, 0x20, 0x20, 0x20, 0x20, 0x69, 0x66, // ;.            if
	0x20, 0x28, 0x75, 0x5f, 0x62, 0x6c, 0x69, 0x74, 0x2e, 0x77, 0x20, 0x3e, 0x20, 0x30, 0x2e, 0x35, //  (u_blit.w > 0.5
	0x29, 0x0a, 0x20, 0x20, 0x20, 0x20, 0x20, 0x20, 0x20, 0x20, 0x20, 0x20, 0x20, 0x20, 0x7b, 0x0a, // ).            {.
	0x20, 0x20, 0x20, 0x20, 0x20, 0x20, 0x20, 0x20, 0x20, 0x20, 0x20, 0x20, 0x20, 0x20, 0x20, 0x20, //                 
	0x76, 0x65, 0x63, 0x33, 0x20, 0x5f, 0x34, 0x32, 0x33, 0x20, 0x3d, 0x20, 0x5f, 0x38, 0x32, 0x30, // vec3 _423 = _820
	0x2e, 0x78, 0x79, 0x7a, 0x20, 0x2f, 0x20, 0x76, 0x65, 0x63, 0x33, 0x28, 0x6d, 0x61, 0x78, 0x28, // .xyz / vec3(max(
	0x5f, 0x38, 0x32, 0x30, 0x2e, 0x77, 0x2c, 0x20, 0x39, 0x2e, 0x39, 0x39, 0x39, 0x39, 0x39, 0x39, // _820.w, 9.999999
	0x39, 0x37, 0x34, 0x37, 0x35, 0x32, 0x34, 0x32, 0x37, 0x30, 0x37, 0x38, 0x37, 0x38, 0x33, 0x35, // 9747524270787835
	0x31, 0x32, 0x31, 0x31, 0x35, 0x34, 0x37, 0x38, 0x35, 0x65, 0x2d, 0x30, 0x37, 0x29, 0x29, 0x3b, // 121154785e-07));
	0x0a, 0x20, 0x20, 0x20, 0x20, 0x20, 0x20, 0x20, 0x20, 0x20, 0x20, 0x20, 0x20, 0x20, 0x20, 0x20, // .               
	0x20, 0x76, 0x65, 0x63, 0x34, 0x20, 0x5f, 0x37, 0x39, 0x34, 0x20, 0x3d, 0x20, 0x5f, 0x38, 0x32, //  vec4 _794 = _82
	0x30, 0x3b, 0x0a, 0x20, 0x20, 0x20, 0x20, 0x20, 0x20, 0x20, 0x20, 0x20, 0x20, 0x20, 0x20, 0x20, // 0;.             
	0x20, 0x20, 0x20, 0x5f, 0x37, 0x39, 0x34, 0x2e, 0x78, 0x20, 0x3d, 0x20, 0x5f, 0x34, 0x32, 0x33, //    _794.x = _423
	0x2e, 0x78, 0x3b, 0x0a, 0x20, 0x20, 0x20, 0x20, 0x20, 0x20, 0x20, 0x20, 0x20, 0x20, 0x20, 0x20, // .x;.            
	0x20, 0x20, 0x20, 0x20, 0x5f, 0x37, 0x39, 0x34, 0x2e, 0x79, 0x20, 0x3d, 0x20, 0x5f, 0x34, 0x32, //     _794.y = _42
	0x33, 0x2e, 0x79, 0x3b, 0x0a, 0x20, 0x20, 0x20, 0x20, 0x20, 0x20, 0x20, 0x20, 0x20, 0x20, 0x20, // 3.y;.           
	0x20, 0x20, 0x20, 0x20, 0x20, 0x5f, 0x37, 0x39, 0x34, 0x2e, 0x7a, 0x20, 0x3d, 0x20, 0x5f, 0x34, //      _794.z = _4
	0x32, 0x33, 0x2e, 0x7a, 0x3b, 0x0a, 0x20, 0x20, 0x20, 0x20, 0x20, 0x20, 0x20, 0x20, 0x20, 0x20, // 23.z;.          
	0x20, 0x20, 0x20, 0x20, 0x20, 0x20, 0x5f, 0x38, 0x33, 0x31, 0x20, 0x3d, 0x20, 0x5f, 0x37, 0x39, //       _831 = _79
	0x34, 0x3b, 0x0a, 0x20, 0x20, 0x20, 0x20, 0x20, 0x20, 0x20, 0x20, 0x20, 0x20, 0x20, 0x20, 0x7d, // 4;.            }
	0x0a, 0x20, 0x20, 0x20, 0x20, 0x20, 0x20, 0x20, 0x20, 0x20, 0x20, 0x20, 0x20, 0x65, 0x6c, 0x73, // .            els
	0x65, 0x0a, 0x20, 0x20, 0x20, 0x20, 0x20, 0x20, 0x20, 0x20, 0x20, 0x20, 0x20, 0x20, 0x7b, 0x0a, // e.            {.
	0x20, 0x20, 0x20, 0x20, 0x20, 0x20, 0x20, 0x20, 0x20, 0x20, 0x20, 0x20, 0x20, 0x20, 0x20, 0x20, //                 
	0x5f, 0x38, 0x33, 0x31, 0x20, 0x3d, 0x20, 0x5f, 0x38, 0x32, 0x30, 0x3b, 0x0a, 0x20, 0x20, 0x20, // _831 = _820;.   
	0x20, 0x20, 0x20, 0x20, 0x20, 0x20, 0x20, 0x20, 0x20, 0x7d, 0x0a, 0x20, 0x20, 0x20, 0x20, 0x20, //          }.     
	0x20, 0x20, 0x20, 0x20, 0x20, 0x20, 0x20, 0x62, 0x67, 0x66, 0x78, 0x5f, 0x46, 0x72, 0x61, 0x67, //        bgfx_Frag
	0x43, 0x6f, 0x6c, 0x6f, 0x72, 0x20, 0x3d, 0x20, 0x5f, 0x38, 0x33, 0x31, 0x3b, 0x0a, 0x20, 0x20, // Color = _831;.  
	0x20, 0x20, 0x20, 0x20, 0x20, 0x20, 0x20, 0x20, 0x20, 0x20, 0x62, 0x72, 0x65, 0x61, 0x6b, 0x3b, //           break;
	0x0a, 0x20, 0x20, 0x20, 0x20, 0x20, 0x20, 0x20, 0x20, 0x7d, 0x0a, 0x20, 0x20, 0x20, 0x20, 0x20, // .        }.     
	0x20, 0x20, 0x20, 0x76, 0x65, 0x63, 0x34, 0x20, 0x5f, 0x34, 0x33, 0x38, 0x20, 0x3d, 0x20, 0x74, //    vec4 _438 = t
	0x65, 0x78, 0x74, 0x75, 0x72, 0x65, 0x28, 0x73, 0x5f, 0x64, 0x73, 0x74, 0x2c, 0x20, 0x76, 0x5f, // exture(s_dst, v_
	0x75, 0x76, 0x29, 0x3b, 0x0a, 0x20, 0x20, 0x20, 0x20, 0x20, 0x20, 0x20, 0x20, 0x69, 0x66, 0x20, // uv);.        if 
	0x28, 0x75, 0x5f, 0x62, 0x6c, 0x69, 0x74, 0x2e, 0x7a, 0x20, 0x3c, 0x20, 0x30, 0x2e, 0x35, 0x29, // (u_blit.z < 0.5)
	0x0a, 0x20, 0x20, 0x20, 0x20, 0x20, 0x20, 0x20, 0x20, 0x7b, 0x0a, 0x20, 0x20, 0x20, 0x20, 0x20, // .        {.     
	0x20, 0x20, 0x20, 0x20, 0x20, 0x20, 0x20, 0x66, 0x6c, 0x6f, 0x61, 0x74, 0x20, 0x5f, 0x34, 0x34, //        float _44
	0x39, 0x20, 0x3d, 0x20, 0x31, 0x2e, 0x30, 0x20, 0x2d, 0x20, 0x5f, 0x38, 0x32, 0x30, 0x2e, 0x77, // 9 = 1.0 - _820.w
	0x3b, 0x0a, 0x20, 0x20, 0x20, 0x20, 0x20, 0x20, 0x20, 0x20, 0x20, 0x20, 0x20, 0x20, 0x62, 0x67, // ;.            bg
	0x66, 0x78, 0x5f, 0x46, 0x72, 0x61, 0x67, 0x43, 0x6f, 0x6c, 0x6f, 0x72, 0x20, 0x3d, 0x20, 0x76, // fx_FragColor = v
	0x65, 0x63, 0x34, 0x28, 0x5f, 0x38, 0x32, 0x30, 0x2e, 0x78, 0x79, 0x7a, 0x20, 0x2b, 0x20, 0x28, // ec4(_820.xyz + (
	0x5f, 0x34, 0x33, 0x38, 0x2e, 0x78, 0x79, 0x7a, 0x20, 0x2a, 0x20, 0x5f, 0x34, 0x34, 0x39, 0x29, // _438.xyz * _449)
	0x2c, 0x20, 0x5f, 0x38, 0x32, 0x30, 0x2e, 0x77, 0x20, 0x2b, 0x20, 0x28, 0x5f, 0x34, 0x33, 0x38, // , _820.w + (_438
	0x2e, 0x77, 0x20, 0x2a, 0x20, 0x5f, 0x34, 0x34, 0x39, 0x29, 0x29, 0x3b, 0x0a, 0x20, 0x20, 0x20, // .w * _449));.   
	0x20, 0x20, 0x20, 0x20, 0x20, 0x20, 0x20, 0x20, 0x20, 0x62, 0x72, 0x65, 0x61, 0x6b, 0x3b, 0x0a, //          break;.
	0x20, 0x20, 0x20, 0x20, 0x20, 0x20, 0x20, 0x20, 0x7d, 0x0a, 0x20, 0x20, 0x20, 0x20, 0x20, 0x20, //         }.      
	0x20, 0x20, 0x76, 0x65, 0x63, 0x33, 0x20, 0x5f, 0x34, 0x37, 0x33, 0x20, 0x3d, 0x20, 0x5f, 0x38, //   vec3 _473 = _8
	0x32, 0x30, 0x2e, 0x78, 0x79, 0x7a, 0x20, 0x2f, 0x20, 0x76, 0x65, 0x63, 0x33, 0x28, 0x6d, 0x61, // 20.xyz / vec3(ma
	0x78, 0x28, 0x5f, 0x38, 0x32, 0x30, 0x2e, 0x77, 0x2c, 0x20, 0x39, 0x2e, 0x39, 0x39, 0x39, 0x39, // x(_820.w, 9.9999
	0x39, 0x39, 0x39, 0x37, 0x34, 0x37, 0x35, 0x32, 0x34, 0x32, 0x37, 0x30, 0x37, 0x38, 0x37, 0x38, // 9997475242707878
	0x33, 0x35, 0x31, 0x32, 0x31, 0x31, 0x35, 0x34, 0x37, 0x38, 0x35, 0x65, 0x2d, 0x30, 0x37, 0x29, // 35121154785e-07)
	0x29, 0x3b, 0x0a, 0x20, 0x20, 0x20, 0x20, 0x20, 0x20, 0x20, 0x20, 0x76, 0x65, 0x63, 0x33, 0x20, // );.        vec3 
	0x5f, 0x34, 0x37, 0x36, 0x20, 0x3d, 0x20, 0x5f, 0x34, 0x33, 0x38, 0x2e, 0x78, 0x79, 0x7a, 0x3b, // _476 = _438.xyz;
	0x0a, 0x20, 0x20, 0x20, 0x20, 0x20, 0x20, 0x20, 0x20, 0x66, 0x6c, 0x6f, 0x61, 0x74, 0x20, 0x5f, // .        float _
	0x34, 0x37, 0x38, 0x20, 0x3d, 0x20, 0x5f, 0x34, 0x33, 0x38, 0x2e, 0x77, 0x3b, 0x0a, 0x20, 0x20, // 478 = _438.w;.  
	0x20, 0x20, 0x20, 0x20, 0x20, 0x20, 0x76, 0x65, 0x63, 0x33, 0x20, 0x5f, 0x34, 0x38, 0x31, 0x20, //       vec3 _481 
	0x3d, 0x20, 0x5f, 0x34, 0x37, 0x36, 0x20, 0x2f, 0x20, 0x76, 0x65, 0x63, 0x33, 0x28, 0x6d, 0x61, // = _476 / vec3(ma
	0x78, 0x28, 0x5f, 0x34, 0x37, 0x38, 0x2c, 0x20, 0x39, 0x2e, 0x39, 0x39, 0x39, 0x39, 0x39, 0x39, // x(_478, 9.999999
	0x39, 0x37, 0x34, 0x37, 0x35, 0x32, 0x34, 0x32, 0x37, 0x30, 0x37, 0x38, 0x37, 0x38, 0x33, 0x35, // 9747524270787835
	0x31, 0x32, 0x31, 0x31, 0x35, 0x34, 0x37, 0x38, 0x35, 0x65, 0x2d, 0x30, 0x37, 0x29, 0x29, 0x3b, // 121154785e-07));
	0x0a, 0x20, 0x20, 0x20, 0x20, 0x20, 0x20, 0x20, 0x20, 0x76, 0x65, 0x63, 0x33, 0x20, 0x5f, 0x38, // .        vec3 _8
	0x32, 0x37, 0x3b, 0x0a, 0x20, 0x20, 0x20, 0x20, 0x20, 0x20, 0x20, 0x20, 0x64, 0x6f, 0x0a, 0x20, // 27;.        do. 
	0x20, 0x20, 0x20, 0x20, 0x20, 0x20, 0x20, 0x7b, 0x0a, 0x20, 0x20, 0x20, 0x20, 0x20, 0x20, 0x20, //        {.       
	0x20, 0x20, 0x20, 0x20, 0x20, 0x69, 0x66, 0x20, 0x28, 0x75, 0x5f, 0x62, 0x6c, 0x69, 0x74, 0x2e, //      if (u_blit.
	0x7a, 0x20, 0x3c, 0x20, 0x32, 0x2e, 0x35, 0x29, 0x0a, 0x20, 0x20, 0x20, 0x20, 0x20, 0x20, 0x20, // z < 2.5).       
	0x20, 0x20, 0x20, 0x20, 0x20, 0x7b, 0x0a, 0x20, 0x20, 0x20, 0x20, 0x20, 0x20, 0x20, 0x20, 0x20, //      {.         
	0x20, 0x20, 0x20, 0x20, 0x20, 0x20, 0x20, 0x76, 0x65, 0x63, 0x33, 0x20, 0x5f, 0x38, 0x32, 0x36, //        vec3 _826
	0x3b, 0x0a, 0x20, 0x20, 0x20, 0x20, 0x20, 0x20, 0x20, 0x20, 0x20, 0x20, 0x20, 0x20, 0x20, 0x20, // ;.              
	0x20, 0x20, 0x69, 0x66, 0x20, 0x28, 0x75, 0x5f, 0x62, 0x6c, 0x69, 0x74, 0x2e, 0x7a, 0x20, 0x3c, //   if (u_blit.z <
	0x20, 0x32, 0x2e, 0x30, 0x29, 0x0a, 0x20, 0x20, 0x20, 0x20, 0x20, 0x20, 0x20, 0x20, 0x20, 0x20, //  2.0).          
	0x20, 0x20, 0x20, 0x20, 0x20, 0x20, 0x7b, 0x0a, 0x20, 0x20, 0x20, 0x20, 0x20, 0x20, 0x20, 0x20, //       {.        
	0x20, 0x20, 0x20, 0x20, 0x20, 0x20, 0x20, 0x20, 0x20, 0x20, 0x20, 0x20, 0x5f, 0x38, 0x32, 0x36, //             _826
	0x20, 0x3d, 0x20, 0x5f, 0x34, 0x37, 0x33, 0x20, 0x2a, 0x20, 0x5f, 0x34, 0x38, 0x31, 0x3b, 0x0a, //  = _473 * _481;.
	0x20, 0x20, 0x20, 0x20, 0x20, 0x20, 0x20, 0x20, 0x20, 0x20, 0x20, 0x20, 0x20, 0x20, 0x20, 0x20, //                 
	0x7d, 0x0a, 0x20, 0x20, 0x20, 0x20, 0x20, 0x20, 0x20, 0x20, 0x20, 0x20, 0x20, 0x20, 0x20, 0x20, // }.              
	0x20, 0x20, 0x65, 0x6c, 0x73, 0x65, 0x0a, 0x20, 0x20, 0x20, 0x20, 0x20, 0x20, 0x20, 0x20, 0x20, //   else.         
	0x20, 0x20, 0x20, 0x20, 0x20, 0x20, 0x20, 0x7b, 0x0a, 0x20, 0x20, 0x20, 0x20, 0x20, 0x20, 0x20, //        {.       
	0x20, 0x20, 0x20, 0x20, 0x20, 0x20, 0x20, 0x20, 0x20, 0x20, 0x20, 0x20, 0x20, 0x5f, 0x38, 0x32, //              _82
	0x36, 0x20, 0x3d, 0x20, 0x28, 0x5f, 0x34, 0x37, 0x33, 0x20, 0x2b, 0x20, 0x5f, 0x34, 0x38, 0x31, // 6 = (_473 + _481
	0x29, 0x20, 0x2d, 0x20, 0x28, 0x5f, 0x34, 0x37, 0x33, 0x20, 0x2a, 0x20, 0x5f, 0x34, 0x38, 0x31, // ) - (_473 * _481
	0x29, 0x3b, 0x0a, 0x20, 0x20, 0x20, 0x20, 0x20, 0x20, 0x20, 0x20, 0x20, 0x20, 0x20, 0x20, 0x20, // );.             
	0x20, 0x20, 0x20, 0x7d, 0x0a, 0x20, 0x20, 0x20, 0x20, 0x20, 0x20, 0x20, 0x20, 0x20, 0x20, 0x20, //    }.           
	0x20, 0x20, 0x20, 0x20, 0x20, 0x5f, 0x38, 0x32, 0x37, 0x20, 0x3d, 0x20, 0x5f, 0x38, 0x32, 0x36, //      _827 = _826
	0x3b, 0x0a, 0x20, 0x20, 0x20, 0x20, 0x20, 0x20, 0x20, 0x20, 0x20, 0x20, 0x20, 0x20, 0x20, 0x20, // ;.              
	0x20, 0x20, 0x62, 0x72, 0x65, 0x61, 0x6b, 0x3b, 0x0a, 0x20, 0x20, 0x20, 0x20, 0x20, 0x20, 0x20, //   break;.       
	0x20, 0x20, 0x20, 0x20, 0x20, 0x7d, 0x0a, 0x20, 0x20, 0x20, 0x20, 0x20, 0x20, 0x20, 0x20, 0x20, //      }.         
	0x20, 0x20, 0x20, 0x76, 0x65, 0x63, 0x33, 0x20, 0x5f, 0x35, 0x38, 0x34, 0x20, 0x3d, 0x20, 0x5f, //    vec3 _584 = _
	0x34, 0x37, 0x33, 0x20, 0x2a, 0x20, 0x32, 0x2e, 0x30, 0x3b, 0x0a, 0x20, 0x20, 0x20, 0x20, 0x20, // 473 * 2.0;.     
	0x20, 0x20, 0x20, 0x20, 0x20, 0x20, 0x20, 0x76, 0x65, 0x63, 0x33, 0x20, 0x5f, 0x35, 0x38, 0x36, //        vec3 _586
	0x20, 0x3d, 0x20, 0x5f, 0x35, 0x38, 0x34, 0x20, 0x2a, 0x20, 0x5f, 0x34, 0x38, 0x31, 0x3b, 0x0a, //  = _584 * _481;.
	0x20, 0x20, 0x20, 0x20, 0x20, 0x20, 0x20, 0x20, 0x20, 0x20, 0x20, 0x20, 0x76, 0x65, 0x63, 0x33, //             vec3
	0x20, 0x5f, 0x35, 0x38, 0x39, 0x20, 0x3d, 0x20, 0x76, 0x65, 0x63, 0x33, 0x28, 0x31, 0x2e, 0x30, //  _589 = vec3(1.0
	0x29, 0x20, 0x2d, 0x20, 0x5f, 0x34, 0x37, 0x33, 0x3b, 0x0a, 0x20, 0x20, 0x20, 0x20, 0x20, 0x20, // ) - _473;.      
	0x20, 0x20, 0x20, 0x20, 0x20, 0x20, 0x76, 0x65, 0x63, 0x33, 0x20, 0x5f, 0x35, 0x39, 0x33, 0x20, //       vec3 _593 
	0x3d, 0x20, 0x76, 0x65, 0x63, 0x33, 0x28, 0x31, 0x2e, 0x30, 0x29, 0x20, 0x2d, 0x20, 0x5f, 0x34, // = vec3(1.0) - _4
	0x38, 0x31, 0x3b, 0x0a, 0x20, 0x20, 0x20, 0x20, 0x20, 0x20, 0x20, 0x20, 0x20, 0x20, 0x20, 0x20, // 81;.            
	0x76, 0x65, 0x63, 0x33, 0x20, 0x5f, 0x35, 0x39, 0x36, 0x20, 0x3d, 0x20, 0x76, 0x65, 0x63, 0x33, // vec3 _596 = vec3
	0x28, 0x31, 0x2e, 0x30, 0x29, 0x20, 0x2d, 0x20, 0x28, 0x28, 0x5f, 0x35, 0x38, 0x39, 0x20, 0x2a, // (1.0) - ((_589 *
	0x20, 0x32, 0x2e, 0x30, 0x29, 0x20, 0x2a, 0x20, 0x5f, 0x35, 0x39, 0x33, 0x29, 0x3b, 0x0a, 0x20, //  2.0) * _593);. 
	0x20, 0x20, 0x20, 0x20, 0x20, 0x20, 0x20, 0x20, 0x20, 0x20, 0x20, 0x69, 0x66, 0x20, 0x28, 0x75, //            if (u
	0x5f, 0x62, 0x6c, 0x69, 0x74, 0x2e, 0x7a, 0x20, 0x3c, 0x20, 0x33, 0x2e, 0x35, 0x29, 0x0a, 0x20, // _blit.z < 3.5). 
	0x20, 0x20, 0x20, 0x20, 0x20, 0x20, 0x20, 0x20, 0x20, 0x20, 0x20, 0x7b, 0x0a, 0x20, 0x20, 0x20, //            {.   
	0x20, 0x20, 0x20, 0x20, 0x20, 0x20, 0x20, 0x20, 0x20, 0x20, 0x20, 0x20, 0x20, 0x5f, 0x38, 0x32, //              _82
	0x37, 0x20, 0x3d, 0x20, 0x6d, 0x69, 0x78, 0x28, 0x5f, 0x35, 0x38, 0x36, 0x2c, 0x20, 0x5f, 0x35, // 7 = mix(_586, _5
	0x39, 0x36, 0x2c, 0x20, 0x73, 0x74, 0x65, 0x70, 0x28, 0x76, 0x65, 0x63, 0x33, 0x28, 0x30, 0x2e, // 96, step(vec3(0.
	0x35, 0x29, 0x2c, 0x20, 0x5f, 0x34, 0x38, 0x31, 0x29, 0x29, 0x3b, 0x0a, 0x20, 0x20, 0x20, 0x20, // 5), _481));.    
	0x20, 0x20, 0x20, 0x20, 0x20, 0x20, 0x20, 0x20, 0x20, 0x20, 0x20, 0x20, 0x62, 0x72, 0x65, 0x61, //             brea
	0x6b, 0x3b, 0x0a, 0x20, 0x20, 0x20, 0x20, 0x20, 0x20, 0x20, 0x20, 0x20, 0x20, 0x20, 0x20, 0x7d, // k;.            }
	0x0a, 0x20, 0x20, 0x20, 0x20, 0x20, 0x20, 0x20, 0x20, 0x20, 0x20, 0x20, 0x20, 0x69, 0x66, 0x20, // .            if 
	0x28, 0x75, 0x5f, 0x62, 0x6c, 0x69, 0x74, 0x2e, 0x7a, 0x20, 0x3c, 0x20, 0x35, 0x2e, 0x35, 0x29, // (u_blit.z < 5.5)
	0x0a, 0x20, 0x20, 0x20, 0x20, 0x20, 0x20, 0x20, 0x20, 0x20, 0x20, 0x20, 0x20, 0x7b, 0x0a, 0x20, // .            {. 
	0x20, 0x20, 0x20, 0x20, 0x20, 0x20, 0x20, 0x20, 0x20, 0x20, 0x20, 0x20, 0x20, 0x20, 0x20, 0x76, //                v
	0x65, 0x63, 0x33, 0x20, 0x5f, 0x38, 0x32, 0x35, 0x3b, 0x0a, 0x20, 0x20, 0x20, 0x20, 0x20, 0x20, // ec3 _825;.      
	0x20, 0x20, 0x20, 0x20, 0x20, 0x20, 0x20, 0x20, 0x20, 0x20, 0x69, 0x66, 0x20, 0x28, 0x75, 0x5f, //           if (u_
	0x62, 0x6c, 0x69, 0x74, 0x2e, 0x7a, 0x20, 0x3c, 0x20, 0x35, 0x2e, 0x30, 0x29, 0x0a, 0x20, 0x20, // blit.z < 5.0).  
	0x20, 0x20, 0x20, 0x20, 0x20, 0x20, 0x20, 0x20, 0x20, 0x20, 0x20, 0x20, 0x20, 0x20, 0x7b, 0x0a, //               {.
	0x20, 0x20, 0x20, 0x20, 0x20, 0x20, 0x20, 0x20, 0x20, 0x20, 0x20, 0x20, 0x20, 0x20, 0x20, 0x20, //                 
	0x20, 0x20, 0x20, 0x20, 0x5f, 0x38, 0x32, 0x35, 0x20, 0x3d, 0x20, 0x6d, 0x69, 0x6e, 0x28, 0x5f, //     _825 = min(_
	0x34, 0x37, 0x33, 0x2c, 0x20, 0x5f, 0x34, 0x38, 0x31, 0x29, 0x3b, 0x0a, 0x20, 0x20, 0x20, 0x20, // 473, _481);.    
	0x20, 0x20, 0x20, 0x20, 0x20, 0x20, 0x20, 0x20, 0x20, 0x20, 0x20, 0x20, 0x7d, 0x0a, 0x20, 0x20, //             }.  
	0x20, 0x20, 0x20, 0x20, 0x20, 0x20, 0x20, 0x20, 0x20, 0x20, 0x20, 0x20, 0x20, 0x20, 0x65, 0x6c, //               el
	0x73, 0x65, 0x0a, 0x20, 0x20, 0x20, 0x20, 0x20, 0x20, 0x20, 0x20, 0x20, 0x20, 0x20, 0x20, 0x20, // se.             
	0x20, 0x20, 0x20, 0x7b, 0x0a, 0x20, 0x20, 0x20, 0x20, 0x20, 0x20, 0x20, 0x20, 0x20, 0x20, 0x20, //    {.           
	0x20, 0x20, 0x20, 0x20, 0x20, 0x20, 0x20, 0x20, 0x20, 0x5f, 0x38, 0x32, 0x35, 0x20, 0x3d, 0x20, //          _825 = 
	0x6d, 0x61, 0x78, 0x28, 0x5f, 0x34, 0x37, 0x33, 0x2c, 0x20, 0x5f, 0x34, 0x38, 0x31, 0x29, 0x3b, // max(_473, _481);
	0x0a, 0x20, 0x20, 0x20, 0x20, 0x20, 0x20, 0x20, 0x20, 0x20, 0x20, 0x20, 0x20, 0x20, 0x20, 0x20, // .               
	0x20, 0x7d, 0x0a, 0x20, 0x20, 0x20, 0x20, 0x20, 0x20, 0x20, 0x20, 0x20, 0x20, 0x20, 0x20, 0x20, //  }.             
	0x20, 0x20, 0x20, 0x5f, 0x38, 0x32, 0x37, 0x20, 0x3d, 0x20, 0x5f, 0x38, 0x32, 0x35, 0x3b, 0x0a, //    _827 = _825;.
	0x20, 0x20, 0x20, 0x20, 0x20, 0x20, 0x20, 0x20, 0x20, 0x20, 0x20, 0x20, 0x20, 0x20, 0x20, 0x20, //                 
	0x62, 0x72, 0x65, 0x61, 0x6b, 0x3b, 0x0a, 0x20, 0x20, 0x20, 0x20, 0x20, 0x20, 0x20, 0x20, 0x20, // break;.         
	0x20, 0x20, 0x20, 0x7d, 0x0a, 0x20, 0x20, 0x20, 0x20, 0x20, 0x20, 0x20, 0x20, 0x20, 0x20, 0x20, //    }.           
	0x20, 0x69, 0x66, 0x20, 0x28, 0x75, 0x5f, 0x62, 0x6c, 0x69, 0x74, 0x2e, 0x7a, 0x20, 0x3c, 0x20, //  if (u_blit.z < 
	0x36, 0x2e, 0x35, 0x29, 0x0a, 0x20, 0x20, 0x20, 0x20, 0x20, 0x20, 0x20, 0x20, 0x20, 0x20, 0x20, // 6.5).           
	0x20, 0x7b, 0x0a, 0x20, 0x20, 0x20, 0x20, 0x20, 0x20, 0x20, 0x20, 0x20, 0x20, 0x20, 0x20, 0x20, //  {.             
	0x20, 0x20, 0x20, 0x5f, 0x38, 0x32, 0x37, 0x20, 0x3d, 0x20, 0x6d, 0x69, 0x6e, 0x28, 0x76, 0x65, //    _827 = min(ve
	0x63, 0x33, 0x28, 0x31, 0x2e, 0x30, 0x29, 0x2c, 0x20, 0x5f, 0x34, 0x38, 0x31, 0x20, 0x2f, 0x20, // c3(1.0), _481 / 
	0x6d, 0x61, 0x78, 0x28, 0x76, 0x65, 0x63, 0x33, 0x28, 0x39, 0x2e, 0x39, 0x39, 0x39, 0x39, 0x39, // max(vec3(9.99999
	0x39, 0x39, 0x37, 0x34, 0x37, 0x35, 0x32, 0x34, 0x32, 0x37, 0x30, 0x37, 0x38, 0x37, 0x38, 0x33, // 9974752427078783
	0x35, 0x31, 0x32, 0x31, 0x31, 0x35, 0x34, 0x37, 0x38, 0x35, 0x65, 0x2d, 0x30, 0x37, 0x29, 0x2c, // 5121154785e-07),
	0x20, 0x5f, 0x35, 0x38, 0x39, 0x29, 0x29, 0x3b, 0x0a, 0x20, 0x20, 0x20, 0x20, 0x20, 0x20, 0x20, //  _589));.       
	0x20, 0x20, 0x20, 0x20, 0x20, 0x20, 0x20, 0x20, 0x20, 0x62, 0x72, 0x65, 0x61, 0x6b, 0x3b, 0x0a, //          break;.
	0x20, 0x20, 0x20, 0x20, 0x20, 0x20, 0x20, 0x20, 0x20, 0x20, 0x20, 0x20, 0x7d, 0x0a, 0x20, 0x20, //             }.  
	0x20, 0x20, 0x20, 0x20, 0x20, 0x20, 0x20, 0x20, 0x20, 0x20, 0x69, 0x66, 0x20, 0x28, 0x75, 0x5f, //           if (u_
	0x62, 0x6c, 0x69, 0x74, 0x2e, 0x7a, 0x20, 0x3c, 0x20, 0x37, 0x2e, 0x35, 0x29, 0x0a, 0x20, 0x20, // blit.z < 7.5).  
	0x20, 0x20, 0x20, 0x20, 0x20, 0x20, 0x20, 0x20, 0x20, 0x20, 0x7b, 0x0a, 0x20, 0x20, 0x20, 0x20, //           {.    
	0x20, 0x20, 0x20, 0x20, 0x20, 0x20, 0x20, 0x20, 0x20, 0x20, 0x20, 0x20, 0x5f, 0x38, 0x32, 0x37, //             _827
	0x20, 0x3d, 0x20, 0x76, 0x65, 0x63, 0x33, 0x28, 0x31, 0x2e, 0x30, 0x29, 0x20, 0x2d, 0x20, 0x6d, //  = vec3(1.0) - m
	0x69, 0x6e, 0x28, 0x76, 0x65, 0x63, 0x33, 0x28, 0x31, 0x2e, 0x30, 0x29, 0x2c, 0x20, 0x5f, 0x35, // in(vec3(1.0), _5
	0x39, 0x33, 0x20, 0x2f, 0x20, 0x6d, 0x61, 0x78, 0x28, 0x76, 0x65, 0x63, 0x33, 0x28, 0x39, 0x2e, // 93 / max(vec3(9.
	0x39, 0x39, 0x39, 0x39, 0x39, 0x39, 0x39, 0x37, 0x34, 0x37, 0x35, 0x32, 0x34, 0x32, 0x37, 0x30, // 9999999747524270
	0x37, 0x38, 0x37, 0x38, 0x33, 0x35, 0x31, 0x32, 0x31, 0x31, 0x35, 0x34, 0x37, 0x38, 0x35, 0x65, // 787835121154785e
	0x2d, 0x30, 0x37, 0x29, 0x2c, 0x20, 0x5f, 0x34, 0x37, 0x33, 0x29, 0x29, 0x3b, 0x0a, 0x20, 0x20, // -07), _473));.  
	0x20, 0x20, 0x20, 0x20, 0x20, 0x20, 0x20, 0x20, 0x20, 0x20, 0x20, 0x20, 0x20, 0x20, 0x62, 0x72, //               br
	0x65, 0x61, 0x6b, 0x3b, 0x0a, 0x20, 0x20, 0x20, 0x20, 0x20, 0x20, 0x20, 0x20, 0x20, 0x20, 0x20, // eak;.           
	0x20, 0x7d, 0x0a, 0x20, 0x20, 0x20, 0x20, 0x20, 0x20, 0x20, 0x20, 0x20, 0x20, 0x20, 0x20, 0x69, //  }.            i
	0x66, 0x20, 0x28, 0x75, 0x5f, 0x62, 0x6c, 0x69, 0x74, 0x2e, 0x7a, 0x20, 0x3c, 0x20, 0x38, 0x2e, // f (u_blit.z < 8.
	0x35, 0x29, 0x0a, 0x20, 0x20, 0x20, 0x20, 0x20, 0x20, 0x20, 0x20, 0x20, 0x20, 0x20, 0x20, 0x7b, // 5).            {
	0x0a, 0x20, 0x20, 0x20, 0x20, 0x20, 0x20, 0x20, 0x20, 0x20, 0x20, 0x20, 0x20, 0x20, 0x20, 0x20, // .               
	0x20, 0x5f, 0x38, 0x32, 0x37, 0x20, 0x3d, 0x20, 0x6d, 0x69, 0x78, 0x28, 0x5f, 0x35, 0x38, 0x36, //  _827 = mix(_586
	0x2c, 0x20, 0x5f, 0x35, 0x39, 0x36, 0x2c, 0x20, 0x73, 0x74, 0x65, 0x70, 0x28, 0x76, 0x65, 0x63, // , _596, step(vec
	0x33, 0x28, 0x30, 0x2e, 0x35, 0x29, 0x2c, 0x20, 0x5f, 0x34, 0x37, 0x33, 0x29, 0x29, 0x3b, 0x0a, // 3(0.5), _473));.
	0x20, 0x20, 0x20, 0x20, 0x20, 0x20, 0x20, 0x20, 0x20, 0x20, 0x20, 0x20, 0x20, 0x20, 0x20, 0x20, //                 
	0x62, 0x72, 0x65, 0x61, 0x6b, 0x3b, 0x0a, 0x20, 0x20, 0x20, 0x20, 0x20, 0x20, 0x20, 0x20, 0x20, // break;.         
	0x20, 0x20, 0x20, 0x7d, 0x0a, 0x20, 0x20, 0x20, 0x20, 0x20, 0x20, 0x20, 0x20, 0x20, 0x20, 0x20, //    }.           
	0x20, 0x69, 0x66, 0x20, 0x28, 0x75, 0x5f, 0x62, 0x6c, 0x69, 0x74, 0x2e, 0x7a, 0x20, 0x3c, 0x20, //  if (u_blit.z < 
	0x39, 0x2e, 0x35, 0x29, 0x0a, 0x20, 0x20, 0x20, 0x20, 0x20, 0x20, 0x20, 0x20, 0x20, 0x20, 0x20, // 9.5).           
	0x20, 0x7b, 0x0a, 0x20, 0x20, 0x20, 0x20, 0x20, 0x20, 0x20, 0x20, 0x20, 0x20, 0x20, 0x20, 0x20, //  {.             
	0x20, 0x20, 0x20, 0x5f, 0x38, 0x32, 0x37, 0x20, 0x3d, 0x20, 0x6d, 0x69, 0x78, 0x28, 0x5f, 0x34, //    _827 = mix(_4
	0x38, 0x31, 0x20, 0x2d, 0x20, 0x28, 0x28, 0x28, 0x76, 0x65, 0x63, 0x33, 0x28, 0x31, 0x2e, 0x30, // 81 - (((vec3(1.0
	0x29, 0x20, 0x2d, 0x20, 0x5f, 0x35, 0x38, 0x34, 0x29, 0x20, 0x2a, 0x20, 0x5f, 0x34, 0x38, 0x31, // ) - _584) * _481
	0x29, 0x20, 0x2a, 0x20, 0x5f, 0x35, 0x39, 0x33, 0x29, 0x2c, 0x20, 0x5f, 0x34, 0x38, 0x31, 0x20, // ) * _593), _481 
	0x2b, 0x20, 0x28, 0x28, 0x5f, 0x35, 0x38, 0x34, 0x20, 0x2d, 0x20, 0x76, 0x65, 0x63, 0x33, 0x28, // + ((_584 - vec3(
	0x31, 0x2e, 0x30, 0x29, 0x29, 0x20, 0x2a, 0x20, 0x28, 0x6d, 0x69, 0x78, 0x28, 0x73, 0x71, 0x72, // 1.0)) * (mix(sqr
	0x74, 0x28, 0x5f, 0x34, 0x38, 0x31, 0x29, 0x2c, 0x20, 0x28, 0x28, 0x28, 0x28, 0x5f, 0x34, 0x38, // t(_481), ((((_48
	0x31, 0x20, 0x2a, 0x20, 0x31, 0x36, 0x2e, 0x30, 0x29, 0x20, 0x2d, 0x20, 0x76, 0x65, 0x63, 0x33, // 1 * 16.0) - vec3
	0x28, 0x31, 0x32, 0x2e, 0x30, 0x29, 0x29, 0x20, 0x2a, 0x20, 0x5f, 0x34, 0x38, 0x31, 0x29, 0x20, // (12.0)) * _481) 
	0x2b, 0x20, 0x76, 0x65, 0x63, 0x33, 0x28, 0x34, 0x2e, 0x30, 0x29, 0x29, 0x20, 0x2a, 0x20, 0x5f, // + vec3(4.0)) * _
	0x34, 0x38, 0x31, 0x2c, 0x20, 0x73, 0x74, 0x65, 0x70, 0x28, 0x5f, 0x34, 0x38, 0x31, 0x2c, 0x20, // 481, step(_481, 
	0x76, 0x65, 0x63, 0x33, 0x28, 0x30, 0x2e, 0x32, 0x35, 0x29, 0x29, 0x29, 0x20, 0x2d, 0x20, 0x5f, // vec3(0.25))) - _
	0x34, 0x38, 0x31, 0x29, 0x29, 0x2c, 0x20, 0x73, 0x74, 0x65, 0x70, 0x28, 0x5f, 0x34, 0x37, 0x33, // 481)), step(_473
	0x2c, 0x20, 0x76, 0x65, 0x63, 0x33, 0x28, 0x30, 0x2e, 0x35, 0x29, 0x29, 0x29, 0x3b, 0x0a, 0x20, // , vec3(0.5)));. 
	0x20, 0x20, 0x20, 0x20, 0x20, 0x20, 0x20, 0x20, 0x20, 0x20, 0x20, 0x20, 0x20, 0x20, 0x20, 0x62, //                b
	0x72, 0x65, 0x61, 0x6b, 0x3b, 0x0a, 0x20, 0x20, 0x20, 0x20, 0x20, 0x20, 0x20, 0x20, 0x20, 0x20, // reak;.          
	0x20, 0x20, 0x7d, 0x0a, 0x20, 0x20, 0x20, 0x20, 0x20, 0x20, 0x20, 0x20, 0x20, 0x20, 0x20, 0x20, //   }.            
	0x69, 0x66, 0x20, 0x28, 0x75, 0x5f, 0x62, 0x6c, 0x69, 0x74, 0x2e, 0x7a, 0x20, 0x3c, 0x20, 0x31, // if (u_blit.z < 1
	0x30, 0x2e, 0x35, 0x29, 0x0a, 0x20, 0x20, 0x20, 0x20, 0x20, 0x20, 0x20, 0x20, 0x20, 0x20, 0x20, // 0.5).           
	0x20, 0x7b, 0x0a, 0x20, 0x20, 0x20, 0x20, 0x20, 0x20, 0x20, 0x20, 0x20, 0x20, 0x20, 0x20, 0x20, //  {.             
	0x20, 0x20, 0x20, 0x5f, 0x38, 0x32, 0x37, 0x20, 0x3d, 0x20, 0x61, 0x62, 0x73, 0x28, 0x5f, 0x34, //    _827 = abs(_4
	0x37, 0x33, 0x20, 0x2d, 0x20, 0x5f, 0x34, 0x38, 0x31, 0x29, 0x3b, 0x0a, 0x20, 0x20, 0x20, 0x20, // 73 - _481);.    
	0x20, 0x20, 0x20, 0x20, 0x20, 0x20, 0x20, 0x20, 0x20, 0x20, 0x20, 0x20, 0x62, 0x72, 0x65, 0x61, //             brea
	0x6b, 0x3b, 0x0a, 0x20, 0x20, 0x20, 0x20, 0x20, 0x20, 0x20, 0x20, 0x20, 0x20, 0x20, 0x20, 0x7d, // k;.            }
	0x0a, 0x20, 0x20, 0x20, 0x20, 0x20, 0x20, 0x20, 0x20, 0x20, 0x20, 0x20, 0x20, 0x5f, 0x38, 0x32, // .            _82
	0x37, 0x20, 0x3d, 0x20, 0x28, 0x5f, 0x34, 0x37, 0x33, 0x20, 0x2b, 0x20, 0x5f, 0x34, 0x38, 0x31, // 7 = (_473 + _481
	0x29, 0x20, 0x2d, 0x20, 0x5f, 0x35, 0x38, 0x36, 0x3b, 0x0a, 0x20, 0x20, 0x20, 0x20, 0x20, 0x20, // ) - _586;.      
	0x20, 0x20, 0x20, 0x20, 0x20, 0x20, 0x62, 0x72, 0x65, 0x61, 0x6b, 0x3b, 0x0a, 0x20, 0x20, 0x20, //       break;.   
	0x20, 0x20, 0x20, 0x20, 0x20, 0x7d, 0x20, 0x77, 0x68, 0x69, 0x6c, 0x65, 0x28, 0x66, 0x61, 0x6c, //      } while(fal
	0x73, 0x65, 0x29, 0x3b, 0x0a, 0x20, 0x20, 0x20, 0x20, 0x20, 0x20, 0x20, 0x20, 0x66, 0x6c, 0x6f, // se);.        flo
	0x61, 0x74, 0x20, 0x5f, 0x34, 0x39, 0x38, 0x20, 0x3d, 0x20, 0x31, 0x2e, 0x30, 0x20, 0x2d, 0x20, // at _498 = 1.0 - 
	0x5f, 0x38, 0x32, 0x30, 0x2e, 0x77, 0x3b, 0x0a, 0x20, 0x20, 0x20, 0x20, 0x20, 0x20, 0x20, 0x20, // _820.w;.        
	0x62, 0x67, 0x66, 0x78, 0x5f, 0x46, 0x72, 0x61, 0x67, 0x43, 0x6f, 0x6c, 0x6f, 0x72, 0x20, 0x3d, // bgfx_FragColor =
	0x20, 0x76, 0x65, 0x63, 0x34, 0x28, 0x28, 0x5f, 0x38, 0x32, 0x37, 0x20, 0x2a, 0x20, 0x5f, 0x38, //  vec4((_827 * _8
	0x32, 0x30, 0x2e, 0x77, 0x29, 0x20, 0x2b, 0x20, 0x28, 0x5f, 0x34, 0x37, 0x36, 0x20, 0x2a, 0x20, // 20.w) + (_476 * 
	0x5f, 0x34, 0x39, 0x38, 0x29, 0x2c, 0x20, 0x5f, 0x38, 0x32, 0x30, 0x2e, 0x77, 0x20, 0x2b, 0x20, // _498), _820.w + 
	0x28, 0x5f, 0x34, 0x37, 0x38, 0x20, 0x2a, 0x20, 0x5f, 0x34, 0x39, 0x38, 0x29, 0x29, 0x3b, 0x0a, // (_478 * _498));.
	0x20, 0x20, 0x20, 0x20, 0x20, 0x20, 0x20, 0x20, 0x62, 0x72, 0x65, 0x61, 0x6b, 0x3b, 0x0a, 0x20, //         break;. 
	0x20, 0x20, 0x20, 0x7d, 0x20, 0x77, 0x68, 0x69, 0x6c, 0x65, 0x28, 0x66, 0x61, 0x6c, 0x73, 0x65, //    } while(false
	0x29, 0x3b, 0x0a, 0x7d, 0x0a, 0x0a, 0x00,                                                       // );.}...
};
static const uint8_t fs_blit_essl[7819] =
{
	0x46, 0x53, 0x48, 0x0c, 0x29, 0x3e, 0x5c, 0xd3, 0x00, 0x00, 0x00, 0x00, 0x00, 0x00, 0x00, 0x00, // FSH.)>..........
	0x00, 0x00, 0x00, 0x00, 0x04, 0x00, 0x06, 0x75, 0x5f, 0x62, 0x6c, 0x69, 0x74, 0x02, 0x01, 0x00, // .......u_blit...
	0x00, 0x01, 0x00, 0x00, 0x00, 0x00, 0x00, 0x05, 0x73, 0x5f, 0x74, 0x65, 0x78, 0x00, 0x01, 0x00, // ........s_tex...
	0x00, 0x01, 0x00, 0x00, 0x02, 0x00, 0x00, 0x06, 0x73, 0x5f, 0x6d, 0x61, 0x73, 0x6b, 0x00, 0x01, // ........s_mask..
	0x00, 0x00, 0x01, 0x00, 0x00, 0x02, 0x00, 0x00, 0x05, 0x73, 0x5f, 0x64, 0x73, 0x74, 0x00, 0x01, // .........s_dst..
	0x00, 0x00, 0x01, 0x00, 0x00, 0x02, 0x00, 0x00, 0x2e, 0x1e, 0x00, 0x00, 0x70, 0x72, 0x65, 0x63, // ............prec
	0x69, 0x73, 0x69, 0x6f, 0x6e, 0x20, 0x6d, 0x65, 0x64, 0x69, 0x75, 0x6d, 0x70, 0x20, 0x66, 0x6c, // ision mediump fl
	0x6f, 0x61, 0x74, 0x3b, 0x0a, 0x70, 0x72, 0x65, 0x63, 0x69, 0x73, 0x69, 0x6f, 0x6e, 0x20, 0x68, // oat;.precision h
	0x69, 0x67, 0x68, 0x70, 0x20, 0x69, 0x6e, 0x74, 0x3b, 0x0a, 0x0a, 0x75, 0x6e, 0x69, 0x66, 0x6f, // ighp int;..unifo
	0x72, 0x6d, 0x20, 0x68, 0x69, 0x67, 0x68, 0x70, 0x20, 0x76, 0x65, 0x63, 0x34, 0x20, 0x75, 0x5f, // rm highp vec4 u_
	0x62, 0x6c, 0x69, 0x74, 0x3b, 0x0a, 0x75, 0x6e, 0x69, 0x66, 0x6f, 0x72, 0x6d, 0x20, 0x68, 0x69, // blit;.uniform hi
	0x67, 0x68, 0x70, 0x20, 0x73, 0x61, 0x6d, 0x70, 0x6c, 0x65, 0x72, 0x32, 0x44, 0x20, 0x73, 0x5f, // ghp sampler2D s_
	0x74, 0x65, 0x78, 0x3b, 0x0a, 0x75, 0x6e, 0x69, 0x66, 0x6f, 0x72, 0x6d, 0x20, 0x68, 0x69, 0x67, // tex;.uniform hig
	0x68, 0x70, 0x20, 0x73, 0x61, 0x6d, 0x70, 0x6c, 0x65, 0x72, 0x32, 0x44, 0x20, 0x73, 0x5f, 0x6d, // hp sampler2D s_m
	0x61, 0x73, 0x6b, 0x3b, 0x0a, 0x75, 0x6e, 0x69, 0x66, 0x6f, 0x72, 0x6d, 0x20, 0x68, 0x69, 0x67, // ask;.uniform hig
	0x68, 0x70, 0x20, 0x73, 0x61, 0x6d, 0x70, 0x6c, 0x65, 0x72, 0x32, 0x44, 0x20, 0x73, 0x5f, 0x64, // hp sampler2D s_d
	0x73, 0x74, 0x3b, 0x0a, 0x0a, 0x69, 0x6e, 0x20, 0x68, 0x69, 0x67, 0x68, 0x70, 0x20, 0x76, 0x65, // st;..in highp ve
	0x63, 0x32, 0x20, 0x76, 0x5f, 0x75, 0x76, 0x3b, 0x0a, 0x6c, 0x61, 0x79, 0x6f, 0x75, 0x74, 0x28, // c2 v_uv;.layout(
	0x6c, 0x6f, 0x63, 0x61, 0x74, 0x69, 0x6f, 0x6e, 0x20, 0x3d, 0x20, 0x30, 0x29, 0x20, 0x6f, 0x75, // location = 0) ou
	0x74, 0x20, 0x68, 0x69, 0x67, 0x68, 0x70, 0x20, 0x76, 0x65, 0x63, 0x34, 0x20, 0x62, 0x67, 0x66, // t highp vec4 bgf
	0x78, 0x5f, 0x46, 0x72, 0x61, 0x67, 0x43, 0x6f, 0x6c, 0x6f, 0x72, 0x3b, 0x0a, 0x0a, 0x76, 0x6f, // x_FragColor;..vo
	0x69, 0x64, 0x20, 0x6d, 0x61, 0x69, 0x6e, 0x28, 0x29, 0x0a, 0x7b, 0x0a, 0x20, 0x20, 0x20, 0x20, // id main().{.    
	0x64, 0x6f, 0x0a, 0x20, 0x20, 0x20, 0x20, 0x7b, 0x0a, 0x20, 0x20, 0x20, 0x20, 0x20, 0x20, 0x20, // do.    {.       
	0x20, 0x68, 0x69, 0x67, 0x68, 0x70, 0x20, 0x76, 0x65, 0x63, 0x34, 0x20, 0x5f, 0x32, 0x37, 0x33, //  highp vec4 _273
	0x20, 0x3d, 0x20, 0x74, 0x65, 0x78, 0x74, 0x75, 0x72, 0x65, 0x28, 0x73, 0x5f, 0x74, 0x65, 0x78, //  = texture(s_tex
	0x2c, 0x20, 0x76, 0x5f, 0x75, 0x76, 0x29, 0x3b, 0x0a, 0x20, 0x20, 0x20, 0x20, 0x20, 0x20, 0x20, // , v_uv);.       
	0x20, 0x68, 0x69, 0x67, 0x68, 0x70, 0x20, 0x76, 0x65, 0x63, 0x34, 0x20, 0x5f, 0x32, 0x37, 0x35, //  highp vec4 _275
	0x20, 0x3d, 0x20, 0x5f, 0x32, 0x37, 0x33, 0x20, 0x2a, 0x20, 0x75, 0x5f, 0x62, 0x6c, 0x69, 0x74, //  = _273 * u_blit
	0x2e, 0x79, 0x3b, 0x0a, 0x20, 0x20, 0x20, 0x20, 0x20, 0x20, 0x20, 0x20, 0x68, 0x69, 0x67, 0x68, // .y;.        high
	0x70, 0x20, 0x76, 0x65, 0x63, 0x34, 0x20, 0x5f, 0x38, 0x32, 0x30, 0x3b, 0x0a, 0x20, 0x20, 0x20, // p vec4 _820;.   
	0x20, 0x20, 0x20, 0x20, 0x20, 0x69, 0x66, 0x20, 0x28, 0x75, 0x5f, 0x62, 0x6c, 0x69, 0x74, 0x2e, //      if (u_blit.
	0x78, 0x20, 0x3e, 0x20, 0x30, 0x2e, 0x35, 0x29, 0x0a, 0x20, 0x20, 0x20, 0x20, 0x20, 0x20, 0x20, // x > 0.5).       
	0x20, 0x7b, 0x0a, 0x20, 0x20, 0x20, 0x20, 0x20, 0x20, 0x20, 0x20, 0x20, 0x20, 0x20, 0x20, 0x68, //  {.            h
	0x69, 0x67, 0x68, 0x70, 0x20, 0x76, 0x65, 0x63, 0x34, 0x20, 0x5f, 0x32, 0x38, 0x34, 0x20, 0x3d, // ighp vec4 _284 =
	0x20, 0x74, 0x65, 0x78, 0x74, 0x75, 0x72, 0x65, 0x28, 0x73, 0x5f, 0x6d, 0x61, 0x73, 0x6b, 0x2c, //  texture(s_mask,
	0x20, 0x76, 0x5f, 0x75, 0x76, 0x29, 0x3b, 0x0a, 0x20, 0x20, 0x20, 0x20, 0x20, 0x20, 0x20, 0x20, //  v_uv);.        
	0x20, 0x20, 0x20, 0x20, 0x68, 0x69, 0x67, 0x68, 0x70, 0x20, 0x76, 0x65, 0x63, 0x34, 0x20, 0x5f, //     highp vec4 _
	0x38, 0x32, 0x31, 0x3b, 0x0a, 0x20, 0x20, 0x20, 0x20, 0x20, 0x20, 0x20, 0x20, 0x20, 0x20, 0x20, // 821;.           
	0x20, 0x69, 0x66, 0x20, 0x28, 0x75, 0x5f, 0x62, 0x6c, 0x69, 0x74, 0x2e, 0x78, 0x20, 0x3c, 0x20, //  if (u_blit.x < 
	0x31, 0x2e, 0x35, 0x29, 0x0a, 0x20, 0x20, 0x20, 0x20, 0x20, 0x20, 0x20, 0x20, 0x20, 0x20, 0x20, // 1.5).           
	0x20, 0x7b, 0x0a, 0x20, 0x20, 0x20, 0x20, 0x20, 0x20, 0x20, 0x20, 0x20, 0x20, 0x20, 0x20, 0x20, //  {.             
	0x20, 0x20, 0x20, 0x5f, 0x38, 0x32, 0x31, 0x20, 0x3d, 0x20, 0x5f, 0x32, 0x37, 0x35, 0x20, 0x2a, //    _821 = _275 *
	0x20, 0x5f, 0x32, 0x38, 0x34, 0x2e, 0x77, 0x3b, 0x0a, 0x20, 0x20, 0x20, 0x20, 0x20, 0x20, 0x20, //  _284.w;.       
	0x20, 0x20, 0x20, 0x20, 0x20, 0x7d, 0x0a, 0x20, 0x20, 0x20, 0x20, 0x20, 0x20, 0x20, 0x20, 0x20, //      }.         
	0x20, 0x20, 0x20, 0x65, 0x6c, 0x73, 0x65, 0x0a, 0x20, 0x20, 0x20, 0x20, 0x20, 0x20, 0x20, 0x20, //    else.        
	0x20, 0x20, 0x20, 0x20, 0x7b, 0x0a, 0x20, 0x20, 0x20, 0x20, 0x20, 0x20, 0x20, 0x20, 0x20, 0x20, //     {.          
	0x20, 0x20, 0x20, 0x20, 0x20, 0x20, 0x68, 0x69, 0x67, 0x68, 0x70, 0x20, 0x76, 0x65, 0x63, 0x34, //       highp vec4
	0x20, 0x5f, 0x38, 0x32, 0x32, 0x3b, 0x0a, 0x20, 0x20, 0x20, 0x20, 0x20, 0x20, 0x20, 0x20, 0x20, //  _822;.         
	0x20, 0x20, 0x20, 0x20, 0x20, 0x20, 0x20, 0x69, 0x66, 0x20, 0x28, 0x75, 0x5f, 0x62, 0x6c, 0x69, //        if (u_bli
	0x74, 0x2e, 0x78, 0x20, 0x3c, 0x20, 0x32, 0x2e, 0x35, 0x29, 0x0a, 0x20, 0x20, 0x20, 0x20, 0x20, // t.x < 2.5).     
	0x20, 0x20, 0x20, 0x20, 0x20, 0x20, 0x20, 0x20, 0x20, 0x20, 0x20, 0x7b, 0x0a, 0x20, 0x20, 0x20, //            {.   
	0x20, 0x20, 0x20, 0x20, 0x20, 0x20, 0x20, 0x20, 0x20, 0x20, 0x20, 0x20, 0x20, 0x20, 0x20, 0x20, //                 
	0x20, 0x5f, 0x38, 0x32, 0x32, 0x20, 0x3d, 0x20, 0x5f, 0x32, 0x37, 0x35, 0x20, 0x2a, 0x20, 0x28, //  _822 = _275 * (
	0x31, 0x2e, 0x30, 0x20, 0x2d, 0x20, 0x5f, 0x32, 0x38, 0x34, 0x2e, 0x77, 0x29, 0x3b, 0x0a, 0x20, // 1.0 - _284.w);. 
	0x20, 0x20, 0x20, 0x20, 0x20, 0x20, 0x20, 0x20, 0x20, 0x20, 0x20, 0x20, 0x20, 0x20, 0x20, 0x7d, //                }
	0x0a, 0x20, 0x20, 0x20, 0x20, 0x20, 0x20, 0x20, 0x20, 0x20, 0x20, 0x20, 0x20, 0x20, 0x20, 0x20, // .               
	0x20, 0x65, 0x6c, 0x73, 0x65, 0x0a, 0x20, 0x20, 0x20, 0x20, 0x20, 0x20, 0x20, 0x20, 0x20, 0x20, //  else.          
	0x20, 0x20, 0x20, 0x20, 0x20, 0x20, 0x7b, 0x0a, 0x20, 0x20, 0x20, 0x20, 0x20, 0x20, 0x20, 0x20, //       {.        
	0x20, 0x20, 0x20, 0x20, 0x20, 0x20, 0x20, 0x20, 0x20, 0x20, 0x20, 0x20, 0x68, 0x69, 0x67, 0x68, //             high
	0x70, 0x20, 0x76, 0x65, 0x63, 0x34, 0x20, 0x5f, 0x38, 0x32, 0x33, 0x3b, 0x0a, 0x20, 0x20, 0x20, // p vec4 _823;.   
	0x20, 0x20, 0x20, 0x20, 0x20, 0x20, 0x20, 0x20, 0x20, 0x20, 0x20, 0x20, 0x20, 0x20, 0x20, 0x20, //                 
	0x20, 0x69, 0x66, 0x20, 0x28, 0x75, 0x5f, 0x62, 0x6c, 0x69, 0x74, 0x2e, 0x78, 0x20, 0x3c, 0x20, //  if (u_blit.x < 
	0x33, 0x2e, 0x35, 0x29, 0x0a, 0x20, 0x20, 0x20, 0x20, 0x20, 0x20, 0x20, 0x20, 0x20, 0x20, 0x20, // 3.5).           
	0x20, 0x20, 0x20, 0x20, 0x20, 0x20, 0x20, 0x20, 0x20, 0x7b, 0x0a, 0x20, 0x20, 0x20, 0x20, 0x20, //          {.     
	0x20, 0x20, 0x20, 0x20, 0x20, 0x20, 0x20, 0x20, 0x20, 0x20, 0x20, 0x20, 0x20, 0x20, 0x20, 0x20, //                 
	0x20, 0x20, 0x20, 0x5f, 0x38, 0x32, 0x33, 0x20, 0x3d, 0x20, 0x5f, 0x32, 0x37, 0x35, 0x20, 0x2a, //    _823 = _275 *
	0x20, 0x64, 0x6f, 0x74, 0x28, 0x5f, 0x32, 0x38, 0x34, 0x2e, 0x78, 0x79, 0x7a, 0x2c, 0x20, 0x76, //  dot(_284.xyz, v
	0x65, 0x63, 0x33, 0x28, 0x30, 0x2e, 0x32, 0x31, 0x32, 0x35, 0x39, 0x39, 0x39, 0x39, 0x32, 0x37, // ec3(0.2125999927
	0x35, 0x32, 0x30, 0x37, 0x35, 0x31, 0x39, 0x35, 0x33, 0x31, 0x32, 0x35, 0x2c, 0x20, 0x30, 0x2e, // 520751953125, 0.
	0x37, 0x31, 0x35, 0x32, 0x30, 0x30, 0x30, 0x30, 0x36, 0x39, 0x36, 0x31, 0x38, 0x32, 0x32, 0x35, // 7152000069618225
	0x30, 0x39, 0x37, 0x36, 0x35, 0x36, 0x32, 0x35, 0x2c, 0x20, 0x30, 0x2e, 0x30, 0x37, 0x32, 0x32, // 09765625, 0.0722
	0x30, 0x30, 0x30, 0x30, 0x30, 0x32, 0x38, 0x36, 0x31, 0x30, 0x32, 0x32, 0x39, 0x34, 0x39, 0x32, // 0000028610229492
	0x31, 0x38, 0x37, 0x35, 0x29, 0x29, 0x3b, 0x0a, 0x20, 0x20, 0x20, 0x20, 0x20, 0x20, 0x20, 0x20, // 1875));.        
	0x20, 0x20, 0x20, 0x20, 0x20, 0x20, 0x20, 0x20, 0x20, 0x20, 0x20, 0x20, 0x7d, 0x0a, 0x20, 0x20, //             }.  
	0x20, 0x20, 0x20, 0x20, 0x20, 0x20, 0x20, 0x20, 0x20, 0x20, 0x20, 0x20, 0x20, 0x20, 0x20, 0x20, //                 
	0x20, 0x20, 0x65, 0x6c, 0x73, 0x65, 0x0a, 0x20, 0x20, 0x20, 0x20, 0x20, 0x20, 0x20, 0x20, 0x20, //   else.         
	0x20, 0x20, 0x20, 0x20, 0x20, 0x20, 0x20, 0x20, 0x20, 0x20, 0x20, 0x7b, 0x0a, 0x20, 0x20, 0x20, //            {.   
	0x20, 0x20, 0x20, 0x20, 0x20, 0x20, 0x20, 0x20, 0x20, 0x20, 0x20, 0x20, 0x20, 0x20, 0x20, 0x20, //                 
	0x20, 0x20, 0x20, 0x20, 0x20, 0x68, 0x69, 0x67, 0x68, 0x70, 0x20, 0x76, 0x65, 0x63, 0x34, 0x20, //      highp vec4 
	0x5f, 0x38, 0x32, 0x34, 0x3b, 0x0a, 0x20, 0x20, 0x20, 0x20, 0x20, 0x20, 0x20, 0x20, 0x20, 0x20, // _824;.          
	0x20, 0x20, 0x20, 0x20, 0x20, 0x20, 0x20, 0x20, 0x20, 0x20, 0x20, 0x20, 0x20, 0x20, 0x69, 0x66, //               if
	0x20, 0x28, 0x75, 0x5f, 0x62, 0x6c, 0x69, 0x74, 0x2e, 0x78, 0x20, 0x3c, 0x20, 0x34, 0x2e, 0x35, //  (u_blit.x < 4.5
	0x29, 0x0a, 0x20, 0x20, 0x20, 0x20, 0x20, 0x20, 0x20, 0x20, 0x20, 0x20, 0x20, 0x20, 0x20, 0x20, // ).              
	0x20, 0x20, 0x20, 0x20, 0x20, 0x20, 0x20, 0x20, 0x20, 0x20, 0x7b, 0x0a, 0x20, 0x20, 0x20, 0x20, //           {.    
	0x20, 0x20, 0x20, 0x20, 0x20, 0x20, 0x20, 0x20, 0x20, 0x20, 0x20, 0x20, 0x20, 0x20, 0x20, 0x20, //                 
	0x20, 0x20, 0x20, 0x20, 0x20, 0x20, 0x20, 0x20, 0x5f, 0x38, 0x32, 0x34, 0x20, 0x3d, 0x20, 0x5f, //         _824 = _
	0x32, 0x37, 0x35, 0x20, 0x2a, 0x20, 0x28, 0x31, 0x2e, 0x30, 0x20, 0x2d, 0x20, 0x64, 0x6f, 0x74, // 275 * (1.0 - dot
	0x28, 0x5f, 0x32, 0x38, 0x34, 0x2e, 0x78, 0x79, 0x7a, 0x2c, 0x20, 0x76, 0x65, 0x63, 0x33, 0x28, // (_284.xyz, vec3(
	0x30, 0x2e, 0x32, 0x31, 0x32, 0x35, 0x39, 0x39, 0x39, 0x39, 0x32, 0x37, 0x35, 0x32, 0x30, 0x37, // 0.21259999275207
	0x35, 0x31, 0x39, 0x35, 0x33, 0x31, 0x32, 0x35, 0x2c, 0x20, 0x30, 0x2e, 0x37, 0x31, 0x35, 0x32, // 51953125, 0.7152
	0x30, 0x30, 0x30, 0x30, 0x36, 0x39, 0x36, 0x31, 0x38, 0x32, 0x32, 0x35, 0x30, 0x39, 0x37, 0x36, // 0000696182250976
	0x35, 0x36, 0x32, 0x35, 0x2c, 0x20, 0x30, 0x2e, 0x30, 0x37, 0x32, 0x32, 0x30, 0x30, 0x30, 0x30, // 5625, 0.07220000
	0x30, 0x32, 0x38, 0x36, 0x31, 0x30, 0x32, 0x32, 0x39, 0x34, 0x39, 0x32, 0x31, 0x38, 0x37, 0x35, // 0286102294921875
	0x29, 0x29, 0x29, 0x3b, 0x0a, 0x20, 0x20, 0x20, 0x20, 0x20, 0x20, 0x20, 0x20, 0x20, 0x20, 0x20, // )));.           
	0x20, 0x20, 0x20, 0x20, 0x20, 0x20, 0x20, 0x20, 0x20, 0x20, 0x20, 0x20, 0x20, 0x7d, 0x0a, 0x20, //              }. 
	0x20, 0x20, 0x20, 0x20, 0x20, 0x20, 0x20, 0x20, 0x20, 0x20, 0x20, 0x20, 0x20, 0x20, 0x20, 0x20, //                 
	0x20, 0x20, 0x20, 0x20, 0x20, 0x20, 0x20, 0x65, 0x6c, 0x73, 0x65, 0x0a, 0x20, 0x20, 0x20, 0x20, //        else.    
	0x20, 0x20, 0x20, 0x20, 0x20, 0x20, 0x20, 0x20, 0x20, 0x20, 0x20, 0x20, 0x20, 0x20, 0x20, 0x20, //                 
	0x20, 0x20, 0x20, 0x20, 0x7b, 0x0a, 0x20, 0x20, 0x20, 0x20, 0x20, 0x20, 0x20, 0x20, 0x20, 0x20, //     {.          
	0x20, 0x20, 0x20, 0x20, 0x20, 0x20, 0x20, 0x20, 0x20, 0x20, 0x20, 0x20, 0x20, 0x20, 0x20, 0x20, //                 
	0x20, 0x20, 0x68, 0x69, 0x67, 0x68, 0x70, 0x20, 0x66, 0x6c, 0x6f, 0x61, 0x74, 0x20, 0x5f, 0x38, //   highp float _8
	0x31, 0x30, 0x3b, 0x0a, 0x20, 0x20, 0x20, 0x20, 0x20, 0x20, 0x20, 0x20, 0x20, 0x20, 0x20, 0x20, // 10;.            
	0x20, 0x20, 0x20, 0x20, 0x20, 0x20, 0x20, 0x20, 0x20, 0x20, 0x20, 0x20, 0x20, 0x20, 0x20, 0x20, //                 
	0x69, 0x66, 0x20, 0x28, 0x75, 0x5f, 0x62, 0x6c, 0x69, 0x74, 0x2e, 0x78, 0x20, 0x3c, 0x20, 0x35, // if (u_blit.x < 5
	0x2e, 0x35, 0x29, 0x0a, 0x20, 0x20, 0x20, 0x20, 0x20, 0x20, 0x20, 0x20, 0x20, 0x20, 0x20, 0x20, // .5).            
	0x20, 0x20, 0x20, 0x20, 0x20, 0x20, 0x20, 0x20, 0x20, 0x20, 0x20, 0x20, 0x20, 0x20, 0x20, 0x20, //                 
	0x7b, 0x0a, 0x20, 0x20, 0x20, 0x20, 0x20, 0x20, 0x20, 0x20, 0x20, 0x20, 0x20, 0x20, 0x20, 0x20, // {.              
	0x20, 0x20, 0x20, 0x20, 0x20, 0x20, 0x20, 0x20, 0x20, 0x20, 0x20, 0x20, 0x20, 0x20, 0x20, 0x20, //                 
	0x20, 0x20, 0x68, 0x69, 0x67, 0x68, 0x70, 0x20, 0x66, 0x6c, 0x6f, 0x61, 0x74, 0x20, 0x5f, 0x33, //   highp float _3
	0x33, 0x37, 0x20, 0x3d, 0x20, 0x5f, 0x32, 0x37, 0x35, 0x2e, 0x77, 0x3b, 0x0a, 0x20, 0x20, 0x20, // 37 = _275.w;.   
	0x20, 0x20, 0x20, 0x20, 0x20, 0x20, 0x20, 0x20, 0x20, 0x20, 0x20, 0x20, 0x20, 0x20, 0x20, 0x20, //                 
	0x20, 0x20, 0x20, 0x20, 0x20, 0x20, 0x20, 0x20, 0x20, 0x20, 0x20, 0x20, 0x20, 0x5f, 0x38, 0x31, //              _81
	0x30, 0x20, 0x3d, 0x20, 0x5f, 0x33, 0x33, 0x37, 0x20, 0x2b, 0x20, 0x28, 0x5f, 0x32, 0x38, 0x34, // 0 = _337 + (_284
	0x2e, 0x77, 0x20, 0x2a, 0x20, 0x28, 0x31, 0x2e, 0x30, 0x20, 0x2d, 0x20, 0x5f, 0x33, 0x33, 0x37, // .w * (1.0 - _337
	0x29, 0x29, 0x3b, 0x0a, 0x20, 0x20, 0x20, 0x20, 0x20, 0x20, 0x20, 0x20, 0x20, 0x20, 0x20, 0x20, // ));.            
	0x20, 0x20, 0x20, 0x20, 0x20, 0x20, 0x20, 0x20, 0x20, 0x20, 0x20, 0x20, 0x20, 0x20, 0x20, 0x20, //                 
	0x7d, 0x0a, 0x20, 0x20, 0x20, 0x20, 0x20, 0x20, 0x20, 0x20, 0x20, 0x20, 0x20, 0x20, 0x20, 0x20, // }.              
	0x20, 0x20, 0x20, 0x20, 0x20, 0x20, 0x20, 0x20, 0x20, 0x20, 0x20, 0x20, 0x20, 0x20, 0x65, 0x6c, //               el
	0x73, 0x65, 0x0a, 0x20, 0x20, 0x20, 0x20, 0x20, 0x20, 0x20, 0x20, 0x20, 0x20, 0x20, 0x20, 0x20, // se.             
	0x20, 0x20, 0x20, 0x20, 0x20, 0x20, 0x20, 0x20, 0x20, 0x20, 0x20, 0x20, 0x20, 0x20, 0x20, 0x7b, //                {
	0x0a, 0x20, 0x20, 0x20, 0x20, 0x20, 0x20, 0x20, 0x20, 0x20, 0x20, 0x20, 0x20, 0x20, 0x20, 0x20, // .               
	0x20, 0x20, 0x20, 0x20, 0x20, 0x20, 0x20, 0x20, 0x20, 0x20, 0x20, 0x20, 0x20, 0x20, 0x20, 0x20, //                 
	0x20, 0x68, 0x69, 0x67, 0x68, 0x70, 0x20, 0x66, 0x6c, 0x6f, 0x61, 0x74, 0x20, 0x5f, 0x38, 0x31, //  highp float _81
	0x31, 0x3b, 0x0a, 0x20, 0x20, 0x20, 0x20, 0x20, 0x20, 0x20, 0x20, 0x20, 0x20, 0x20, 0x20, 0x20, // 1;.             
	0x20, 0x20, 0x20, 0x20, 0x20, 0x20, 0x20, 0x20, 0x20, 0x20, 0x20, 0x20, 0x20, 0x20, 0x20, 0x20, //                 
	0x20, 0x20, 0x20, 0x69, 0x66, 0x20, 0x28, 0x75, 0x5f, 0x62, 0x6c, 0x69, 0x74, 0x2e, 0x78, 0x20, //    if (u_blit.x 
	0x3c, 0x20, 0x36, 0x2e, 0x35, 0x29, 0x0a, 0x20, 0x20, 0x20, 0x20, 0x20, 0x20, 0x20, 0x20, 0x20, // < 6.5).         
	0x20, 0x20, 0x20, 0x20, 0x20, 0x20, 0x20, 0x20, 0x20, 0x20, 0x20, 0x20, 0x20, 0x20, 0x20, 0x20, //                 
	0x20, 0x20, 0x20, 0x20, 0x20, 0x20, 0x20, 0x7b, 0x0a, 0x20, 0x20, 0x20, 0x20, 0x20, 0x20, 0x20, //        {.       
	0x20, 0x20, 0x20, 0x20, 0x20, 0x20, 0x20, 0x20, 0x20, 0x20, 0x20, 0x20, 0x20, 0x20, 0x20, 0x20, //                 
	0x20, 0x20, 0x20, 0x20, 0x20, 0x20, 0x20, 0x20, 0x20, 0x20, 0x20, 0x20, 0x20, 0x5f, 0x38, 0x31, //              _81
	0x31, 0x20, 0x3d, 0x20, 0x5f, 0x32, 0x37, 0x35, 0x2e, 0x77, 0x20, 0x2a, 0x20, 0x28, 0x31, 0x2e, // 1 = _275.w * (1.
	0x30, 0x20, 0x2d, 0x20, 0x5f, 0x32, 0x38, 0x34, 0x2e, 0x77, 0x29, 0x3b, 0x0a, 0x20, 0x20, 0x20, // 0 - _284.w);.   
	0x20, 0x20, 0x20, 0x20, 0x20, 0x20, 0x20, 0x20, 0x20, 0x20, 0x20, 0x20, 0x20, 0x20, 0x20, 0x20, //                 
	0x20, 0x20, 0x20, 0x20, 0x20, 0x20, 0x20, 0x20, 0x20, 0x20, 0x20, 0x20, 0x20, 0x7d, 0x0a, 0x20, //              }. 
	0x20, 0x20, 0x20, 0x20, 0x20, 0x20, 0x20, 0x20, 0x20, 0x20, 0x20, 0x20, 0x20, 0x20, 0x20, 0x20, //                 
	0x20, 0x20, 0x20, 0x20, 0x20, 0x20, 0x20, 0x20, 0x20, 0x20, 0x20, 0x20, 0x20, 0x20, 0x20, 0x65, //                e
	0x6c, 0x73, 0x65, 0x0a, 0x20, 0x20, 0x20, 0x20, 0x20, 0x20, 0x20, 0x20, 0x20, 0x20, 0x20, 0x20, // lse.            
	0x20, 0x20, 0x20, 0x20, 0x20, 0x20, 0x20, 0x20, 0x20, 0x20, 0x20, 0x20, 0x20, 0x20, 0x20, 0x20, //                 
	0x20, 0x20, 0x20, 0x20, 0x7b, 0x0a, 0x20, 0x20, 0x20, 0x20, 0x20, 0x20, 0x20, 0x20, 0x20, 0x20, //     {.          
	0x20, 0x20, 0x20, 0x20, 0x20, 0x20, 0x20, 0x20, 0x20, 0x20, 0x20, 0x20, 0x20, 0x20, 0x20, 0x20, //                 
	0x20, 0x20, 0x20, 0x20, 0x20, 0x20, 0x20, 0x20, 0x20, 0x20, 0x68, 0x69, 0x67, 0x68, 0x70, 0x20, //           highp 
	0x66, 0x6c, 0x6f, 0x61, 0x74, 0x20, 0x5f, 0x38, 0x31, 0x32, 0x3b, 0x0a, 0x20, 0x20, 0x20, 0x20, // float _812;.    
	0x20, 0x20, 0x20, 0x20, 0x20, 0x20, 0x20, 0x20, 0x20, 0x20, 0x20, 0x20, 0x20, 0x20, 0x20, 0x20, //                 
	0x20, 0x20, 0x20, 0x20, 0x20, 0x20, 0x20, 0x20, 0x20, 0x20, 0x20, 0x20, 0x20, 0x20, 0x20, 0x20, //                 
	0x69, 0x66, 0x20, 0x28, 0x75, 0x5f, 0x62, 0x6c, 0x69, 0x74, 0x2e, 0x78, 0x20, 0x3c, 0x20, 0x37, // if (u_blit.x < 7
	0x2e, 0x35, 0x29, 0x0a, 0x20, 0x20, 0x20, 0x20, 0x20, 0x20, 0x20, 0x20, 0x20, 0x20, 0x20, 0x20, // .5).            
	0x20, 0x20, 0x20, 0x20, 0x20, 0x20, 0x20, 0x20, 0x20, 0x20, 0x20, 0x20, 0x20, 0x20, 0x20, 0x20, //                 
	0x20, 0x20, 0x20, 0x20, 0x20, 0x20, 0x20, 0x20, 0x7b, 0x0a, 0x20, 0x20, 0x20, 0x20, 0x20, 0x20, //         {.      
	0x20, 0x20, 0x20, 0x20, 0x20, 0x20, 0x20, 0x20, 0x20, 0x20, 0x20, 0x20, 0x20, 0x20, 0x20, 0x20, //                 
	0x20, 0x20, 0x20, 0x20, 0x20, 0x20, 0x20, 0x20, 0x20, 0x20, 0x20, 0x20, 0x20, 0x20, 0x20, 0x20, //                 
	0x20, 0x20, 0x5f, 0x38, 0x31, 0x32, 0x20, 0x3d, 0x20, 0x5f, 0x32, 0x37, 0x35, 0x2e, 0x77, 0x20, //   _812 = _275.w 
	0x2a, 0x20, 0x5f, 0x32, 0x38, 0x34, 0x2e, 0x77, 0x3b, 0x0a, 0x20, 0x20, 0x20, 0x20, 0x20, 0x20, // * _284.w;.      
	0x20, 0x20, 0x20, 0x20, 0x20, 0x20, 0x20, 0x20, 0x20, 0x20, 0x20, 0x20, 0x20, 0x20, 0x20, 0x20, //                 
	0x20, 0x20, 0x20, 0x20, 0x20, 0x20, 0x20, 0x20, 0x20, 0x20, 0x20, 0x20, 0x20, 0x20, 0x7d, 0x0a, //               }.
	0x20, 0x20, 0x20, 0x20, 0x20, 0x20, 0x20, 0x20, 0x20, 0x20, 0x20, 0x20, 0x20, 0x20, 0x20, 0x20, //                 
	0x20, 0x20, 0x20, 0x20, 0x20, 0x20, 0x20, 0x20, 0x20, 0x20, 0x20, 0x20, 0x20, 0x20, 0x20, 0x20, //                 
	0x20, 0x20, 0x20, 0x20, 0x65, 0x6c, 0x73, 0x65, 0x0a, 0x20, 0x20, 0x20, 0x20, 0x20, 0x20, 0x20, //     else.       
	0x20, 0x20, 0x20, 0x20, 0x20, 0x20, 0x20, 0x20, 0x20, 0x20, 0x20, 0x20, 0x20, 0x20, 0x20, 0x20, //                 
	0x20, 0x20, 0x20, 0x20, 0x20, 0x20, 0x20, 0x20, 0x20, 0x20, 0x20, 0x20, 0x20, 0x7b, 0x0a, 0x20, //              {. 
	0x20, 0x20, 0x20, 0x20, 0x20, 0x20, 0x20, 0x20, 0x20, 0x20, 0x20, 0x20, 0x20, 0x20, 0x20, 0x20, //                 
	0x20, 0x20, 0x20, 0x20, 0x20, 0x20, 0x20, 0x20, 0x20, 0x20, 0x20, 0x20, 0x20, 0x20, 0x20, 0x20, //                 
	0x20, 0x20, 0x20, 0x20, 0x20, 0x20, 0x20, 0x68, 0x69, 0x67, 0x68, 0x70, 0x20, 0x66, 0x6c, 0x6f, //        highp flo
	0x61, 0x74, 0x20, 0x5f, 0x38, 0x31, 0x33, 0x3b, 0x0a, 0x20, 0x20, 0x20, 0x20, 0x20, 0x20, 0x20, // at _813;.       
	0x20, 0x20, 0x20, 0x20, 0x20, 0x20, 0x20, 0x20, 0x20, 0x20, 0x20, 0x20, 0x20, 0x20, 0x20, 0x20, //                 
	0x20, 0x20, 0x20, 0x20, 0x20, 0x20, 0x20, 0x20, 0x20, 0x20, 0x20, 0x20, 0x20, 0x20, 0x20, 0x20, //                 
	0x20, 0x69, 0x66, 0x20, 0x28, 0x75, 0x5f, 0x62, 0x6c, 0x69, 0x74, 0x2e, 0x78, 0x20, 0x3c, 0x20, //  if (u_blit.x < 
	0x38, 0x2e, 0x35, 0x29, 0x0a, 0x20, 0x20, 0x20, 0x20, 0x20, 0x20, 0x20, 0x20, 0x20, 0x20, 0x20, // 8.5).           
	0x20, 0x20, 0x20, 0x20, 0x20, 0x20, 0x20, 0x20, 0x20, 0x20, 0x20, 0x20, 0x20, 0x20, 0x20, 0x20, //                 
	0x20, 0x20, 0x20, 0x20, 0x20, 0x20, 0x20, 0x20, 0x20, 0x20, 0x20, 0x20, 0x20, 0x7b, 0x0a, 0x20, //              {. 
	0x20, 0x20, 0x20, 0x20, 0x20, 0x20, 0x20, 0x20, 0x20, 0x20, 0x20, 0x20, 0x20, 0x20, 0x20, 0x20, //                 
	0x20, 0x20, 0x20, 0x20, 0x20, 0x20, 0x20, 0x20, 0x20, 0x20, 0x20, 0x20, 0x20, 0x20, 0x20, 0x20, //                 
	0x20, 0x20, 0x20, 0x20, 0x20, 0x20, 0x20, 0x20, 0x20, 0x20, 0x20, 0x68, 0x69, 0x67, 0x68, 0x70, //            highp
	0x20, 0x66, 0x6c, 0x6f, 0x61, 0x74, 0x20, 0x5f, 0x33, 0x37, 0x32, 0x20, 0x3d, 0x20, 0x5f, 0x32, //  float _372 = _2
	0x37, 0x35, 0x2e, 0x77, 0x3b, 0x0a, 0x20, 0x20, 0x20, 0x20, 0x20, 0x20, 0x20, 0x20, 0x20, 0x20, // 75.w;.          
	0x20, 0x20, 0x20, 0x20, 0x20, 0x20, 0x20, 0x20, 0x20, 0x20, 0x20, 0x20, 0x20, 0x20, 0x20, 0x20, //                 
	0x20, 0x20, 0x20, 0x20, 0x20, 0x20, 0x20, 0x20, 0x20, 0x20, 0x20, 0x20, 0x20, 0x20, 0x20, 0x20, //                 
	0x20, 0x20, 0x68, 0x69, 0x67, 0x68, 0x70, 0x20, 0x66, 0x6c, 0x6f, 0x61, 0x74, 0x20, 0x5f, 0x33, //   highp float _3
	0x37, 0x34, 0x20, 0x3d, 0x20, 0x5f, 0x32, 0x38, 0x34, 0x2e, 0x77, 0x3b, 0x0a, 0x20, 0x20, 0x20, // 74 = _284.w;.   
	0x20, 0x20, 0x20, 0x20, 0x20, 0x20, 0x20, 0x20, 0x20, 0x20, 0x20, 0x20, 0x20, 0x20, 0x20, 0x20, //                 
	0x20, 0x20, 0x20, 0x20, 0x20, 0x20, 0x20, 0x20, 0x20, 0x20, 0x20, 0x20, 0x20, 0x20, 0x20, 0x20, //                 
	0x20, 0x20, 0x20, 0x20, 0x20, 0x20, 0x20, 0x20, 0x20, 0x5f, 0x38, 0x31, 0x33, 0x20, 0x3d, 0x20, //          _813 = 
	0x28, 0x5f, 0x33, 0x37, 0x32, 0x20, 0x2a, 0x20, 0x28, 0x31, 0x2e, 0x30, 0x20, 0x2d, 0x20, 0x5f, // (_372 * (1.0 - _
	0x33, 0x37, 0x34, 0x29, 0x29, 0x20, 0x2b, 0x20, 0x28, 0x5f, 0x33, 0x37, 0x34, 0x20, 0x2a, 0x20, // 374)) + (_374 * 
	0x28, 0x31, 0x2e, 0x30, 0x20, 0x2d, 0x20, 0x5f, 0x33, 0x37, 0x32, 0x29, 0x29, 0x3b, 0x0a, 0x20, // (1.0 - _372));. 
	0x20, 0x20, 0x20, 0x20, 0x20, 0x20, 0x20, 0x20, 0x20, 0x20, 0x20, 0x20, 0x20, 0x20, 0x20, 0x20, //                 
	0x20, 0x20, 0x20, 0x20, 0x20, 0x20, 0x20, 0x20, 0x20, 0x20, 0x20, 0x20, 0x20, 0x20, 0x20, 0x20, //                 
	0x20, 0x20, 0x20, 0x20, 0x20, 0x20, 0x20, 0x7d, 0x0a, 0x20, 0x20, 0x20, 0x20, 0x20, 0x20, 0x20, //        }.       
	0x20, 0x20, 0x20, 0x20, 0x20, 0x20, 0x20, 0x20, 0x20, 0x20, 0x20, 0x20, 0x20, 0x20, 0x20, 0x20, //                 
	0x20, 0x20, 0x20, 0x20, 0x20, 0x20, 0x20, 0x20, 0x20, 0x20, 0x20, 0x20, 0x20, 0x20, 0x20, 0x20, //                 
	0x20, 0x65, 0x6c, 0x73, 0x65, 0x0a, 0x20, 0x20, 0x20, 0x20, 0x20, 0x20, 0x20, 0x20, 0x20, 0x20, //  else.          
	0x20, 0x20, 0x20, 0x20, 0x20, 0x20, 0x20, 0x20, 0x20, 0x20, 0x20, 0x20, 0x20, 0x20, 0x20, 0x20, //                 
	0x20, 0x20, 0x20, 0x20, 0x20, 0x20, 0x20, 0x20, 0x20, 0x20, 0x20, 0x20, 0x20, 0x20, 0x7b, 0x0a, //               {.
	0x20, 0x20, 0x20, 0x20, 0x20, 0x20, 0x20, 0x20, 0x20, 0x20, 0x20, 0x20, 0x20, 0x20, 0x20, 0x20, //                 
	0x20, 0x20, 0x20, 0x20, 0x20, 0x20, 0x20, 0x20, 0x20, 0x20, 0x20, 0x20, 0x20, 0x20, 0x20, 0x20, //                 
	0x20, 0x20, 0x20, 0x20, 0x20, 0x20, 0x20, 0x20, 0x20, 0x20, 0x20, 0x20, 0x68, 0x69, 0x67, 0x68, //             high
	0x70, 0x20, 0x66, 0x6c, 0x6f, 0x61, 0x74, 0x20, 0x5f, 0x38, 0x31, 0x34, 0x3b, 0x0a, 0x20, 0x20, // p float _814;.  
	0x20, 0x20, 0x20, 0x20, 0x20, 0x20, 0x20, 0x20, 0x20, 0x20, 0x20, 0x20, 0x20, 0x20, 0x20, 0x20, //                 
	0x20, 0x20, 0x20, 0x20, 0x20, 0x20, 0x20, 0x20, 0x20, 0x20, 0x20, 0x20, 0x20, 0x20, 0x20, 0x20, //                 
	0x20, 0x20, 0x20, 0x20, 0x20, 0x20, 0x20, 0x20, 0x20, 0x20, 0x69, 0x66, 0x20, 0x28, 0x75, 0x5f, //           if (u_
	0x62, 0x6c, 0x69, 0x74, 0x2e, 0x78, 0x20, 0x3c, 0x20, 0x39, 0x2e, 0x35, 0x29, 0x0a, 0x20, 0x20, // blit.x < 9.5).  
	0x20, 0x20, 0x20, 0x20, 0x20, 0x20, 0x20, 0x20, 0x20, 0x20, 0x20, 0x20, 0x20, 0x20, 0x20, 0x20, //                 
	0x20, 0x20, 0x20, 0x20, 0x20, 0x20, 0x20, 0x20, 0x20, 0x20, 0x20, 0x20, 0x20, 0x20, 0x20, 0x20, //                 
	0x20, 0x20, 0x20, 0x20, 0x20, 0x20, 0x20, 0x20, 0x20, 0x20, 0x7b, 0x0a, 0x20, 0x20, 0x20, 0x20, //           {.    
	0x20, 0x20, 0x20, 0x20, 0x20, 0x20, 0x20, 0x20, 0x20, 0x20, 0x20, 0x20, 0x20, 0x20, 0x20, 0x20, //                 
	0x20, 0x20, 0x20, 0x20, 0x20, 0x20, 0x20, 0x20, 0x20, 0x20, 0x20, 0x20, 0x20, 0x20, 0x20, 0x20, //                 
	0x20, 0x20, 0x20, 0x20, 0x20, 0x20, 0x20, 0x20, 0x20, 0x20, 0x20, 0x20, 0x5f, 0x38, 0x31, 0x34, //             _814
	0x20, 0x3d, 0x20, 0x6d, 0x61, 0x78, 0x28, 0x5f, 0x32, 0x37, 0x35, 0x2e, 0x77, 0x2c, 0x20, 0x5f, //  = max(_275.w, _
	0x32, 0x38, 0x34, 0x2e, 0x77, 0x29, 0x3b, 0x0a, 0x20, 0x20, 0x20, 0x20, 0x20, 0x20, 0x20, 0x20, // 284.w);.        
	0x20, 0x20, 0x20, 0x20, 0x20, 0x20, 0x20, 0x20, 0x20, 0x20, 0x20, 0x20, 0x20, 0x20, 0x20, 0x20, //                 
	0x20, 0x20, 0x20, 0x20, 0x20, 0x20, 0x20, 0x20, 0x20, 0x20, 0x20, 0x20, 0x20, 0x20, 0x20, 0x20, //                 
	0x20, 0x20, 0x20, 0x20, 0x7d, 0x0a, 0x20, 0x20, 0x20, 0x20, 0x20, 0x20, 0x20, 0x20, 0x20, 0x20, //     }.          
	0x20, 0x20, 0x20, 0x20, 0x20, 0x20, 0x20, 0x20, 0x20, 0x20, 0x20, 0x20, 0x20, 0x20, 0x20, 0x20, //                 
	0x20, 0x20, 0x20, 0x20, 0x20, 0x20, 0x20, 0x20, 0x20, 0x20, 0x20, 0x20, 0x20, 0x20, 0x20, 0x20, //                 
	0x20, 0x20, 0x65, 0x6c, 0x73, 0x65, 0x0a, 0x20, 0x20, 0x20, 0x20, 0x20, 0x20, 0x20, 0x20, 0x20, //   else.         
	0x20, 0x20, 0x20, 0x20, 0x20, 0x20, 0x20, 0x20, 0x20, 0x20, 0x20, 0x20, 0x20, 0x20, 0x20, 0x20, //                 
	0x20, 0x20, 0x20, 0x20, 0x20, 0x20, 0x20, 0x20, 0x20, 0x20, 0x20, 0x20, 0x20, 0x20, 0x20, 0x20, //                 
	0x20, 0x20, 0x20, 0x7b, 0x0a, 0x20, 0x20, 0x20, 0x20, 0x20, 0x20, 0x20, 0x20, 0x20, 0x20, 0x20, //    {.           
	0x20, 0x20, 0x20, 0x20, 0x20, 0x20, 0x20, 0x20, 0x20, 0x20, 0x20, 0x20, 0x20, 0x20, 0x20, 0x20, //                 
	0x20, 0x20, 0x20, 0x20, 0x20, 0x20, 0x20, 0x20, 0x20, 0x20, 0x20, 0x20, 0x20, 0x20, 0x20, 0x20, //                 
	0x20, 0x20, 0x20, 0x20, 0x20, 0x5f, 0x38, 0x31, 0x34, 0x20, 0x3d, 0x20, 0x6d, 0x69, 0x6e, 0x28, //      _814 = min(
	0x5f, 0x32, 0x37, 0x35, 0x2e, 0x77, 0x2c, 0x20, 0x5f, 0x32, 0x38, 0x34, 0x2e, 0x77, 0x29, 0x3b, // _275.w, _284.w);
	0x0a, 0x20, 0x20, 0x20, 0x20, 0x20, 0x20, 0x20, 0x20, 0x20, 0x20, 0x20, 0x20, 0x20, 0x20, 0x20, // .               
	0x20, 0x20, 0x20, 0x20, 0x20, 0x20, 0x20, 0x20, 0x20, 0x20, 0x20, 0x20, 0x20, 0x20, 0x20, 0x20, //                 
	0x20, 0x20, 0x20, 0x20, 0x20, 0x20, 0x20, 0x20, 0x20, 0x20, 0x20, 0x20, 0x20, 0x7d, 0x0a, 0x20, //              }. 
	0x20, 0x20, 0x20, 0x20, 0x20, 0x20, 0x20, 0x20, 0x20, 0x20, 0x20, 0x20, 0x20, 0x20, 0x20, 0x20, //                 
	0x20, 0x20, 0x20, 0x20, 0x20, 0x20, 0x20, 0x20, 0x20, 0x20, 0x20, 0x20, 0x20, 0x20, 0x20, 0x20, //                 
	0x20, 0x20, 0x20, 0x20, 0x20, 0x20, 0x20, 0x20, 0x20, 0x20, 0x20, 0x5f, 0x38, 0x31, 0x33, 0x20, //            _813 
	0x3d, 0x20, 0x5f, 0x38, 0x31, 0x34, 0x3b, 0x0a, 0x20, 0x20, 0x20, 0x20, 0x20, 0x20, 0x20, 0x20, // = _814;.        
	0x20, 0x20, 0x20, 0x20, 0x20, 0x20, 0x20, 0x20, 0x20, 0x20, 0x20, 0x20, 0x20, 0x20, 0x20, 0x20, //                 
	0x20, 0x20, 0x20, 0x20, 0x20, 0x20, 0x20, 0x20, 0x20, 0x20, 0x20, 0x20, 0x20, 0x20, 0x20, 0x20, //                 
	0x7d, 0x0a, 0x20, 0x20, 0x20, 0x20, 0x20, 0x20, 0x20, 0x20, 0x20, 0x20, 0x20, 0x20, 0x20, 0x20, // }.              
	0x20, 0x20, 0x20, 0x20, 0x20, 0x20, 0x20, 0x20, 0x20, 0x20, 0x20, 0x20, 0x20, 0x20, 0x20, 0x20, //                 
	0x20, 0x20, 0x20, 0x20, 0x20, 0x20, 0x20, 0x20, 0x20, 0x20, 0x5f, 0x38, 0x31, 0x32, 0x20, 0x3d, //           _812 =
	0x20, 0x5f, 0x38, 0x31, 0x33, 0x3b, 0x0a, 0x20, 0x20, 0x20, 0x20, 0x20, 0x20, 0x20, 0x20, 0x20, //  _813;.         
	0x20, 0x20, 0x20, 0x20, 0x20, 0x20, 0x20, 0x20, 0x20, 0x20, 0x20, 0x20, 0x20, 0x20, 0x20, 0x20, //                 
	0x20, 0x20, 0x20, 0x20, 0x20, 0x20, 0x20, 0x20, 0x20, 0x20, 0x20, 0x7d, 0x0a, 0x20, 0x20, 0x20, //            }.   
	0x20, 0x20, 0x20, 0x20, 0x20, 0x20, 0x20, 0x20, 0x20, 0x20, 0x20, 0x20, 0x20, 0x20, 0x20, 0x20, //                 
	0x20, 0x20, 0x20, 0x20, 0x20, 0x20, 0x20, 0x20, 0x20, 0x20, 0x20, 0x20, 0x20, 0x20, 0x20, 0x20, //                 
	0x20, 0x5f, 0x38, 0x31, 0x31, 0x20, 0x3d, 0x20, 0x5f, 0x38, 0x31, 0x32, 0x3b, 0x0a, 0x20, 0x20, //  _811 = _812;.  
	0x20, 0x20, 0x20, 0x20, 0x20, 0x20, 0x20, 0x20, 0x20, 0x20, 0x20, 0x20, 0x20, 0x20, 0x20, 0x20, //                 
	0x20, 0x20, 0x20, 0x20, 0x20, 0x20, 0x20, 0x20, 0x20, 0x20, 0x20, 0x20, 0x20, 0x20, 0x7d, 0x0a, //               }.
	0x20, 0x20, 0x20, 0x20, 0x20, 0x20, 0x20, 0x20, 0x20, 0x20, 0x20, 0x20, 0x20, 0x20, 0x20, 0x20, //                 
	0x20, 0x20, 0x20, 0x20, 0x20, 0x20, 0x20, 0x20, 0x20, 0x20, 0x20, 0x20, 0x20, 0x20, 0x20, 0x20, //                 
	0x5f, 0x38, 0x31, 0x30, 0x20, 0x3d, 0x20, 0x5f, 0x38, 0x31, 0x31, 0x3b, 0x0a, 0x20, 0x20, 0x20, // _810 = _811;.   
	0x20, 0x20, 0x20, 0x20, 0x20, 0x20, 0x20, 0x20, 0x20, 0x20, 0x20, 0x20, 0x20, 0x20, 0x20, 0x20, //                 
	0x20, 0x20, 0x20, 0x20, 0x20, 0x20, 0x20, 0x20, 0x20, 0x7d, 0x0a, 0x20, 0x20, 0x20, 0x20, 0x20, //          }.     
	0x20, 0x20, 0x20, 0x20, 0x20, 0x20, 0x20, 0x20, 0x20, 0x20, 0x20, 0x20, 0x20, 0x20, 0x20, 0x20, //                 
	0x20, 0x20, 0x20, 0x20, 0x20, 0x20, 0x20, 0x68, 0x69, 0x67, 0x68, 0x70, 0x20, 0x76, 0x65, 0x63, //        highp vec
	0x34, 0x20, 0x5f, 0x37, 0x39, 0x31, 0x20, 0x3d, 0x20, 0x5f, 0x32, 0x37, 0x35, 0x3b, 0x0a, 0x20, // 4 _791 = _275;. 
	0x20, 0x20, 0x20, 0x20, 0x20, 0x20, 0x20, 0x20, 0x20, 0x20, 0x20, 0x20, 0x20, 0x20, 0x20, 0x20, //                 
	0x20, 0x20, 0x20, 0x20, 0x20, 0x20, 0x20, 0x20, 0x20, 0x20, 0x20, 0x5f, 0x37, 0x39, 0x31, 0x2e, //            _791.
	0x77, 0x20, 0x3d, 0x20, 0x5f, 0x38, 0x31, 0x30, 0x3b, 0x0a, 0x20, 0x20, 0x20, 0x20, 0x20, 0x20, // w = _810;.      
	0x20, 0x20, 0x20, 0x20, 0x20, 0x20, 0x20, 0x20, 0x20, 0x20, 0x20, 0x20, 0x20, 0x20, 0x20, 0x20, //                 
	0x20, 0x20, 0x20, 0x20, 0x20, 0x20, 0x5f, 0x38, 0x32, 0x34, 0x20, 0x3d, 0x20, 0x5f, 0x37, 0x39, //       _824 = _79
	0x31, 0x3b, 0x0a, 0x20, 0x20, 0x20, 0x20, 0x20, 0x20, 0x20, 0x20, 0x20, 0x20, 0x20, 0x20, 0x20, // 1;.             
	0x20, 0x20, 0x20, 0x20, 0x20, 0x20, 0x20, 0x20, 0x20, 0x20, 0x20, 0x7d, 0x0a, 0x20, 0x20, 0x20, //            }.   
	0x20, 0x20, 0x20, 0x20, 0x20, 0x20, 0x20, 0x20, 0x20, 0x20, 0x20, 0x20, 0x20, 0x20, 0x20, 0x20, //                 
	0x20, 0x20, 0x20, 0x20, 0x20, 0x5f, 0x38, 0x32, 0x33, 0x20, 0x3d, 0x20, 0x5f, 0x38, 0x32, 0x34, //      _823 = _824
	0x3b, 0x0a, 0x20, 0x20, 0x20, 0x20, 0x20, 0x20, 0x20, 0x20, 0x20, 0x20, 0x20, 0x20, 0x20, 0x20, // ;.              
	0x20, 0x20, 0x20, 0x20, 0x20, 0x20, 0x7d, 0x0a, 0x20, 0x20, 0x20, 0x20, 0x20, 0x20, 0x20, 0x20, //       }.        
	0x20, 0x20, 0x20, 0x20, 0x20, 0x20, 0x20, 0x20, 0x20, 0x20, 0x20, 0x20, 0x5f, 0x38, 0x32, 0x32, //             _822
	0x20, 0x3d, 0x20, 0x5f, 0x38, 0x32, 0x33, 0x3b, 0x0a, 0x20, 0x20, 0x20, 0x20, 0x20, 0x20, 0x20, //  = _823;.       
	0x20, 0x20, 0x20, 0x20, 0x20, 0x20, 0x20, 0x20, 0x20, 0x7d, 0x0a, 0x20, 0x20, 0x20, 0x20, 0x20, //          }.     
	0x20, 0x20, 0x20, 0x20, 0x20, 0x20, 0x20, 0x20, 0x20, 0x20, 0x20, 0x5f, 0x38, 0x32, 0x31, 0x20, //            _821 
	0x3d, 0x20, 0x5f, 0x38, 0x32, 0x32, 0x3b, 0x0a, 0x20, 0x20, 0x20, 0x20, 0x20, 0x20, 0x20, 0x20, // = _822;.        
	0x20, 0x20, 0x20, 0x20, 0x7d, 0x0a, 0x20, 0x20, 0x20, 0x20, 0x20, 0x20, 0x20, 0x20, 0x20, 0x20, //     }.          
	0x20, 0x20, 0x5f, 0x38, 0x32, 0x30, 0x20, 0x3d, 0x20, 0x5f, 0x38, 0x32, 0x31, 0x3b, 0x0a, 0x20, //   _820 = _821;. 
	0x20, 0x20, 0x20, 0x20, 0x20, 0x20, 0x20, 0x7d, 0x0a, 0x20, 0x20, 0x20, 0x20, 0x20, 0x20, 0x20, //        }.       
	0x20, 0x65, 0x6c, 0x73, 0x65, 0x0a, 0x20, 0x20, 0x20, 0x20, 0x20, 0x20, 0x20, 0x20, 0x7b, 0x0a, //  else.        {.
	0x20, 0x20, 0x20, 0x20, 0x20, 0x20, 0x20, 0x20, 0x20, 0x20, 0x20, 0x20, 0x5f, 0x38, 0x32, 0x30, //             _820
	0x20, 0x3d, 0x20, 0x5f, 0x32, 0x37, 0x35, 0x3b, 0x0a, 0x20, 0x20, 0x20, 0x20, 0x20, 0x20, 0x20, //  = _275;.       
	0x20, 0x7d, 0x0a, 0x20, 0x20, 0x20, 0x20, 0x20, 0x20, 0x20, 0x20, 0x69, 0x66, 0x20, 0x28, 0x21, //  }.        if (!
	0x28, 0x28, 0x75, 0x5f, 0x62, 0x6c, 0x69, 0x74, 0x2e, 0x78, 0x20, 0x3e, 0x3d, 0x20, 0x35, 0x2e, // ((u_blit.x >= 5.
	0x30, 0x29, 0x20, 0x7c, 0x7c, 0x20, 0x28, 0x75, 0x5f, 0x62, 0x6c, 0x69, 0x74, 0x2e, 0x7a, 0x20, // 0) || (u_blit.z 
	0x3e, 0x20, 0x30, 0x2e, 0x35, 0x29, 0x29, 0x29, 0x0a, 0x20, 0x20, 0x20, 0x20, 0x20, 0x20, 0x20, // > 0.5))).       
	0x20, 0x7b, 0x0a, 0x20, 0x20, 0x20, 0x20, 0x20, 0x20, 0x20, 0x20, 0x20, 0x20, 0x20, 0x20, 0x68, //  {.            h
	0x69, 0x67, 0x68, 0x70, 0x20, 0x76, 0x65, 0x63, 0x34, 0x20, 0x5f, 0x38, 0x33, 0x31, 0x3b, 0x0a, // ighp vec4 _831;.
	0x20, 0x20, 0x20, 0x20, 0x20, 0x20, 0x20, 0x20, 0x20, 0x20, 0x20, 0x20, 0x69, 0x66, 0x20, 0x28, //             if (
	0x75, 0x5f, 0x62, 0x6c, 0x69, 0x74, 0x2e, 0x77, 0x20, 0x3e, 0x20, 0x30, 0x2e, 0x35, 0x29, 0x0a, // u_blit.w > 0.5).
	0x20, 0x20, 0x20, 0x20, 0x20, 0x20, 0x20, 0x20, 0x20, 0x20, 0x20, 0x20, 0x7b, 0x0a, 0x20, 0x20, //             {.  
	0x20, 0x20, 0x20, 0x20, 0x20, 0x20, 0x20, 0x20, 0x20, 0x20, 0x20, 0x20, 0x20, 0x20, 0x68, 0x69, //               hi
	0x67, 0x68, 0x70, 0x20, 0x76, 0x65, 0x63, 0x33, 0x20, 0x5f, 0x34, 0x32, 0x33, 0x20, 0x3d, 0x20, // ghp vec3 _423 = 
	0x5f, 0x38, 0x32, 0x30, 0x2e, 0x78, 0x79, 0x7a, 0x20, 0x2f, 0x20, 0x76, 0x65, 0x63, 0x33, 0x28, // _820.xyz / vec3(
	0x6d, 0x61, 0x78, 0x28, 0x5f, 0x38, 0x32, 0x30, 0x2e, 0x77, 0x2c, 0x20, 0x39, 0x2e, 0x39, 0x39, // max(_820.w, 9.99
	0x39, 0x39, 0x39, 0x39, 0x39, 0x37, 0x34, 0x37, 0x35, 0x32, 0x34, 0x32, 0x37, 0x30, 0x37, 0x38, // 9999974752427078
	0x37, 0x38, 0x33, 0x35, 0x31, 0x32, 0x31, 0x31, 0x35, 0x34, 0x37, 0x38, 0x35, 0x65, 0x2d, 0x30, // 7835121154785e-0
	0x37, 0x29, 0x29, 0x3b, 0x0a, 0x20, 0x20, 0x20, 0x20, 0x20, 0x20, 0x20, 0x20, 0x20, 0x20, 0x20, // 7));.           
	0x20, 0x20, 0x20, 0x20, 0x20, 0x68, 0x69, 0x67, 0x68, 0x70, 0x20, 0x76, 0x65, 0x63, 0x34, 0x20, //      highp vec4 
	0x5f, 0x37, 0x39, 0x34, 0x20, 0x3d, 0x20, 0x5f, 0x38, 0x32, 0x30, 0x3b, 0x0a, 0x20, 0x20, 0x20, // _794 = _820;.   
	0x20, 0x20, 0x20, 0x20, 0x20, 0x20, 0x20, 0x20, 0x20, 0x20, 0x20, 0x20, 0x20, 0x5f, 0x37, 0x39, //              _79
	0x34, 0x2e, 0x78, 0x20, 0x3d, 0x20, 0x5f, 0x34, 0x32, 0x33, 0x2e, 0x78, 0x3b, 0x0a, 0x20, 0x20, // 4.x = _423.x;.  
	0x20, 0x20, 0x20, 0x20, 0x20, 0x20, 0x20, 0x20, 0x20, 0x20, 0x20, 0x20, 0x20, 0x20, 0x5f, 0x37, //               _7
	0x39, 0x34, 0x2e, 0x79, 0x20, 0x3d, 0x20, 0x5f, 0x34, 0x32, 0x33, 0x2e, 0x79, 0x3b, 0x0a, 0x20, // 94.y = _423.y;. 
	0x20, 0x20, 0x20, 0x20, 0x20, 0x20, 0x20, 0x20, 0x20, 0x20, 0x20, 0x20, 0x20, 0x20, 0x20, 0x5f, //                _
	0x37, 0x39, 0x34, 0x2e, 0x7a, 0x20, 0x3d, 0x20, 0x5f, 0x34, 0x32, 0x33, 0x2e, 0x7a, 0x3b, 0x0a, // 794.z = _423.z;.
	0x20, 0x20, 0x20, 0x20, 0x20, 0x20, 0x20, 0x20, 0x20, 0x20, 0x20, 0x20, 0x20, 0x20, 0x20, 0x20, //                 
	0x5f, 0x38, 0x33, 0x31, 0x20, 0x3d, 0x20, 0x5f, 0x37, 0x39, 0x34, 0x3b, 0x0a, 0x20, 0x20, 0x20, // _831 = _794;.   
	0x20, 0x20, 0x20, 0x20, 0x20, 0x20, 0x20, 0x20, 0x20, 0x7d, 0x0a, 0x20, 0x20, 0x20, 0x20, 0x20, //          }.     
	0x20, 0x20, 0x20, 0x20, 0x20, 0x20, 0x20, 0x65, 0x6c, 0x73, 0x65, 0x0a, 0x20, 0x20, 0x20, 0x20, //        else.    
	0x20, 0x20, 0x20, 0x20, 0x20, 0x20, 0x20, 0x20, 0x7b, 0x0a, 0x20, 0x20, 0x20, 0x20, 0x20, 0x20, //         {.      
	0x20, 0x20, 0x20, 0x20, 0x20, 0x20, 0x20, 0x20, 0x20, 0x20, 0x5f, 0x38, 0x33, 0x31, 0x20, 0x3d, //           _831 =
	0x20, 0x5f, 0x38, 0x32, 0x30, 0x3b, 0x0a, 0x20, 0x20, 0x20, 0x20, 0x20, 0x20, 0x20, 0x20, 0x20, //  _820;.         
	0x20, 0x20, 0x20, 0x7d, 0x0a, 0x20, 0x20, 0x20, 0x20, 0x20, 0x20, 0x20, 0x20, 0x20, 0x20, 0x20, //    }.           
	0x20, 0x62, 0x67, 0x66, 0x78, 0x5f, 0x46, 0x72, 0x61, 0x67, 0x43, 0x6f, 0x6c, 0x6f, 0x72, 0x20, //  bgfx_FragColor 
	0x3d, 0x20, 0x5f, 0x38, 0x33, 0x31, 0x3b, 0x0a, 0x20, 0x20, 0x20, 0x20, 0x20, 0x20, 0x20, 0x20, // = _831;.        
	0x20, 0x20, 0x20, 0x20, 0x62, 0x72, 0x65, 0x61, 0x6b, 0x3b, 0x0a, 0x20, 0x20, 0x20, 0x20, 0x20, //     break;.     
	0x20, 0x20, 0x20, 0x7d, 0x0a, 0x20, 0x20, 0x20, 0x20, 0x20, 0x20, 0x20, 0x20, 0x68, 0x69, 0x67, //    }.        hig
	0x68, 0x70, 0x20, 0x76, 0x65, 0x63, 0x34, 0x20, 0x5f, 0x34, 0x33, 0x38, 0x20, 0x3d, 0x20, 0x74, // hp vec4 _438 = t
	0x65, 0x78, 0x74, 0x75, 0x72, 0x65, 0x28, 0x73, 0x5f, 0x64, 0x73, 0x74, 0x2c, 0x20, 0x76, 0x5f, // exture(s_dst, v_
	0x75, 0x76, 0x29, 0x3b, 0x0a, 0x20, 0x20, 0x20, 0x20, 0x20, 0x20, 0x20, 0x20, 0x69, 0x66, 0x20, // uv);.        if 
	0x28, 0x75, 0x5f, 0x62, 0x6c, 0x69, 0x74, 0x2e, 0x7a, 0x20, 0x3c, 0x20, 0x30, 0x2e, 0x35, 0x29, // (u_blit.z < 0.5)
	0x0a, 0x20, 0x20, 0x20, 0x20, 0x20, 0x20, 0x20, 0x20, 0x7b, 0x0a, 0x20, 0x20, 0x20, 0x20, 0x20, // .        {.     
	0x20, 0x20, 0x20, 0x20, 0x20, 0x20, 0x20, 0x68, 0x69, 0x67, 0x68, 0x70, 0x20, 0x66, 0x6c, 0x6f, //        highp flo
	0x61, 0x74, 0x20, 0x5f, 0x34, 0x34, 0x39, 0x20, 0x3d, 0x20, 0x31, 0x2e, 0x30, 0x20, 0x2d, 0x20, // at _449 = 1.0 - 
	0x5f, 0x38, 0x32, 0x30, 0x2e, 0x77, 0x3b, 0x0a, 0x20, 0x20, 0x20, 0x20, 0x20, 0x20, 0x20, 0x20, // _820.w;.        
	0x20, 0x20, 0x20, 0x20, 0x62, 0x67, 0x66, 0x78, 0x5f, 0x46, 0x72, 0x61, 0x67, 0x43, 0x6f, 0x6c, //     bgfx_FragCol
	0x6f, 0x72, 0x20, 0x3d, 0x20, 0x76, 0x65, 0x63, 0x34, 0x28, 0x5f, 0x38, 0x32, 0x30, 0x2e, 0x78, // or = vec4(_820.x
	0x79, 0x7a, 0x20, 0x2b, 0x20, 0x28, 0x5f, 0x34, 0x33, 0x38, 0x2e, 0x78, 0x79, 0x7a, 0x20, 0x2a, // yz + (_438.xyz *
	0x20, 0x5f, 0x34, 0x34, 0x39, 0x29, 0x2c, 0x20, 0x5f, 0x38, 0x32, 0x30, 0x2e, 0x77, 0x20, 0x2b, //  _449), _820.w +
	0x20, 0x28, 0x5f, 0x34, 0x33, 0x38, 0x2e, 0x77, 0x20, 0x2a, 0x20, 0x5f, 0x34, 0x34, 0x39, 0x29, //  (_438.w * _449)
	0x29, 0x3b, 0x0a, 0x20, 0x20, 0x20, 0x20, 0x20, 0x20, 0x20, 0x20, 0x20, 0x20, 0x20, 0x20, 0x62, // );.            b
	0x72, 0x65, 0x61, 0x6b, 0x3b, 0x0a, 0x20, 0x20, 0x20, 0x20, 0x20, 0x20, 0x20, 0x20, 0x7d, 0x0a, // reak;.        }.
	0x20, 0x20, 0x20, 0x20, 0x20, 0x20, 0x20, 0x20, 0x68, 0x69, 0x67, 0x68, 0x70, 0x20, 0x76, 0x65, //         highp ve
	0x63, 0x33, 0x20, 0x5f, 0x34, 0x37, 0x33, 0x20, 0x3d, 0x20, 0x5f, 0x38, 0x32, 0x30, 0x2e, 0x78, // c3 _473 = _820.x
	0x79, 0x7a, 0x20, 0x2f, 0x20, 0x76, 0x65, 0x63, 0x33, 0x28, 0x6d, 0x61, 0x78, 0x28, 0x5f, 0x38, // yz / vec3(max(_8
	0x32, 0x30, 0x2e, 0x77, 0x2c, 0x20, 0x39, 0x2e, 0x39, 0x39, 0x39, 0x39, 0x39, 0x39, 0x39, 0x37, // 20.w, 9.99999997
	0x34, 0x37, 0x35, 0x32, 0x34, 0x32, 0x37, 0x30, 0x37, 0x38, 0x37, 0x38, 0x33, 0x35, 0x31, 0x32, // 4752427078783512
	0x31, 0x31, 0x35, 0x34, 0x37, 0x38, 0x35, 0x65, 0x2d, 0x30, 0x37, 0x29, 0x29, 0x3b, 0x0a, 0x20, // 1154785e-07));. 
	0x20, 0x20, 0x20, 0x20, 0x20, 0x20, 0x20, 0x68, 0x69, 0x67, 0x68, 0x70, 0x20, 0x76, 0x65, 0x63, //        highp vec
	0x33, 0x20, 0x5f, 0x34, 0x37, 0x36, 0x20, 0x3d, 0x20, 0x5f, 0x34, 0x33, 0x38, 0x2e, 0x78, 0x79, // 3 _476 = _438.xy
	0x7a, 0x3b, 0x0a, 0x20, 0x20, 0x20, 0x20, 0x20, 0x20, 0x20, 0x20, 0x68, 0x69, 0x67, 0x68, 0x70, // z;.        highp
	0x20, 0x66, 0x6c, 0x6f, 0x61, 0x74, 0x20, 0x5f, 0x34, 0x37, 0x38, 0x20, 0x3d, 0x20, 0x5f, 0x34, //  float _478 = _4
	0x33, 0x38, 0x2e, 0x77, 0x3b, 0x0a, 0x20, 0x20, 0x20, 0x20, 0x20, 0x20, 0x20, 0x20, 0x68, 0x69, // 38.w;.        hi
	0x67, 0x68, 0x70, 0x20, 0x76, 0x65, 0x63, 0x33, 0x20, 0x5f, 0x34, 0x38, 0x31, 0x20, 0x3d, 0x20, // ghp vec3 _481 = 
	0x5f, 0x34, 0x37, 0x36, 0x20, 0x2f, 0x20, 0x76, 0x65, 0x63, 0x33, 0x28, 0x6d, 0x61, 0x78, 0x28, // _476 / vec3(max(
	0x5f, 0x34, 0x37, 0x38, 0x2c, 0x20, 0x39, 0x2e, 0x39, 0x39, 0x39, 0x39, 0x39, 0x39, 0x39, 0x37, // _478, 9.99999997
	0x34, 0x37, 0x35, 0x32, 0x34, 0x32, 0x37, 0x30, 0x37, 0x38, 0x37, 0x38, 0x33, 0x35, 0x31, 0x32, // 4752427078783512
	0x31, 0x31, 0x35, 0x34, 0x37, 0x38, 0x35, 0x65, 0x2d, 0x30, 0x37, 0x29, 0x29, 0x3b, 0x0a, 0x20, // 1154785e-07));. 
	0x20, 0x20, 0x20, 0x20, 0x20, 0x20, 0x20, 0x68, 0x69, 0x67, 0x68, 0x70, 0x20, 0x76, 0x65, 0x63, //        highp vec
	0x33, 0x20, 0x5f, 0x38, 0x32, 0x37, 0x3b, 0x0a, 0x20, 0x20, 0x20, 0x20, 0x20, 0x20, 0x20, 0x20, // 3 _827;.        
	0x64, 0x6f, 0x0a, 0x20, 0x20, 0x20, 0x20, 0x20, 0x20, 0x20, 0x20, 0x7b, 0x0a, 0x20, 0x20, 0x20, // do.        {.   
	0x20, 0x20, 0x20, 0x20, 0x20, 0x20, 0x20, 0x20, 0x20, 0x69, 0x66, 0x20, 0x28, 0x75, 0x5f, 0x62, //          if (u_b
	0x6c, 0x69, 0x74, 0x2e, 0x7a, 0x20, 0x3c, 0x20, 0x32, 0x2e, 0x35, 0x29, 0x0a, 0x20, 0x20, 0x20, // lit.z < 2.5).   
	0x20, 0x20, 0x20, 0x20, 0x20, 0x20, 0x20, 0x20, 0x20, 0x7b, 0x0a, 0x20, 0x20, 0x20, 0x20, 0x20, //          {.     
	0x20, 0x20, 0x20, 0x20, 0x20, 0x20, 0x20, 0x20, 0x20, 0x20, 0x20, 0x68, 0x69, 0x67, 0x68, 0x70, //            highp
	0x20, 0x76, 0x65, 0x63, 0x33, 0x20, 0x5f, 0x38, 0x32, 0x36, 0x3b, 0x0a, 0x20, 0x20, 0x20, 0x20, //  vec3 _826;.    
	0x20, 0x20, 0x20, 0x20, 0x20, 0x20, 0x20, 0x20, 0x20, 0x20, 0x20, 0x20, 0x69, 0x66, 0x20, 0x28, //             if (
	0x75, 0x5f, 0x62, 0x6c, 0x69, 0x74, 0x2e, 0x7a, 0x20, 0x3c, 0x20, 0x32, 0x2e, 0x30, 0x29, 0x0a, // u_blit.z < 2.0).
	0x20, 0x20, 0x20, 0x20, 0x20, 0x20, 0x20, 0x20, 0x20, 0x20, 0x20, 0x20, 0x20, 0x20, 0x20, 0x20, //                 
	0x7b, 0x0a, 0x20, 0x20, 0x20, 0x20, 0x20, 0x20, 0x20, 0x20, 0x20, 0x20, 0x20, 0x20, 0x20, 0x20, // {.              
	0x20, 0x20, 0x20, 0x20, 0x20, 0x20, 0x5f, 0x38, 0x32, 0x36, 0x20, 0x3d, 0x20, 0x5f, 0x34, 0x37, //       _826 = _47
	0x33, 0x20, 0x2a, 0x20, 0x5f, 0x34, 0x38, 0x31, 0x3b, 0x0a, 0x20, 0x20, 0x20, 0x20, 0x20, 0x20, // 3 * _481;.      
	0x20, 0x20, 0x20, 0x20, 0x20, 0x20, 0x20, 0x20, 0x20, 0x20, 0x7d, 0x0a, 0x20, 0x20, 0x20, 0x20, //           }.    
	0x20, 0x20, 0x20, 0x20, 0x20, 0x20, 0x20, 0x20, 0x20, 0x20, 0x20, 0x20, 0x65, 0x6c, 0x73, 0x65, //             else
	0x0a, 0x20, 0x20, 0x20, 0x20, 0x20, 0x20, 0x20, 0x20, 0x20, 0x20, 0x20, 0x20, 0x20, 0x20, 0x20, // .               
	0x20, 0x7b, 0x0a, 0x20, 0x20, 0x20, 0x20, 0x20, 0x20, 0x20, 0x20, 0x20, 0x20, 0x20, 0x20, 0x20, //  {.             
	0x20, 0x20, 0x20, 0x20, 0x20, 0x20, 0x20, 0x5f, 0x38, 0x32, 0x36, 0x20, 0x3d, 0x20, 0x28, 0x5f, //        _826 = (_
	0x34, 0x37, 0x33, 0x20, 0x2b, 0x20, 0x5f, 0x34, 0x38, 0x31, 0x29, 0x20, 0x2d, 0x20, 0x28, 0x5f, // 473 + _481) - (_
	0x34, 0x37, 0x33, 0x20, 0x2a, 0x20, 0x5f, 0x34, 0x38, 0x31, 0x29, 0x3b, 0x0a, 0x20, 0x20, 0x20, // 473 * _481);.   
	0x20, 0x20, 0x20, 0x20, 0x20, 0x20, 0x20, 0x20, 0x20, 0x20, 0x20, 0x20, 0x20, 0x7d, 0x0a, 0x20, //              }. 
	0x20, 0x20, 0x20, 0x20, 0x20, 0x20, 0x20, 0x20, 0x20, 0x20, 0x20, 0x20, 0x20, 0x20, 0x20, 0x5f, //                _
	0x38, 0x32, 0x37, 0x20, 0x3d, 0x20, 0x5f, 0x38, 0x32, 0x36, 0x3b, 0x0a, 0x20, 0x20, 0x20, 0x20, // 827 = _826;.    
	0x20, 0x20, 0x20, 0x20, 0x20, 0x20, 0x20, 0x20, 0x20, 0x20, 0x20, 0x20, 0x62, 0x72, 0x65, 0x61, //             brea
	0x6b, 0x3b, 0x0a, 0x20, 0x20, 0x20, 0x20, 0x20, 0x20, 0x20, 0x20, 0x20, 0x20, 0x20, 0x20, 0x7d, // k;.            }
	0x0a, 0x20, 0x20, 0x20, 0x20, 0x20, 0x20, 0x20, 0x20, 0x20, 0x20, 0x20, 0x20, 0x68, 0x69, 0x67, // .            hig
	0x68, 0x70, 0x20, 0x76, 0x65, 0x63, 0x33, 0x20, 0x5f, 0x35, 0x38, 0x34, 0x20, 0x3d, 0x20, 0x5f, // hp vec3 _584 = _
	0x34, 0x37, 0x33, 0x20, 0x2a, 0x20, 0x32, 0x2e, 0x30, 0x3b, 0x0a, 0x20, 0x20, 0x20, 0x20, 0x20, // 473 * 2.0;.     
	0x20, 0x20, 0x20, 0x20, 0x20, 0x20, 0x20, 0x68, 0x69, 0x67, 0x68, 0x70, 0x20, 0x76, 0x65, 0x63, //        highp vec
	0x33, 0x20, 0x5f, 0x35, 0x38, 0x36, 0x20, 0x3d, 0x20, 0x5f, 0x35, 0x38, 0x34, 0x20, 0x2a, 0x20, // 3 _586 = _584 * 
	0x5f, 0x34, 0x38, 0x31, 0x3b, 0x0a, 0x20, 0x20, 0x20, 0x20, 0x20, 0x20, 0x20, 0x20, 0x20, 0x20, // _481;.          
	0x20, 0x20, 0x68, 0x69, 0x67, 0x68, 0x70, 0x20, 0x76, 0x65, 0x63, 0x33, 0x20, 0x5f, 0x35, 0x38, //   highp vec3 _58
	0x39, 0x20, 0x3d, 0x20, 0x76, 0x65, 0x63, 0x33, 0x28, 0x31, 0x2e, 0x30, 0x29, 0x20, 0x2d, 0x20, // 9 = vec3(1.0) - 
	0x5f, 0x34, 0x37, 0x33, 0x3b, 0x0a, 0x20, 0x20, 0x20, 0x20, 0x20, 0x20, 0x20, 0x20, 0x20, 0x20, // _473;.          
	0x20, 0x20, 0x68, 0x69, 0x67, 0x68, 0x70, 0x20, 0x76, 0x65, 0x63, 0x33, 0x20, 0x5f, 0x35, 0x39, //   highp vec3 _59
	0x33, 0x20, 0x3d, 0x20, 0x76, 0x65, 0x63, 0x33, 0x28, 0x31, 0x2e, 0x30, 0x29, 0x20, 0x2d, 0x20, // 3 = vec3(1.0) - 
	0x5f, 0x34, 0x38, 0x31, 0x3b, 0x0a, 0x20, 0x20, 0x20, 0x20, 0x20, 0x20, 0x20, 0x20, 0x20, 0x20, // _481;.          
	0x20, 0x20, 0x68, 0x69, 0x67, 0x68, 0x70, 0x20, 0x76, 0x65, 0x63, 0x33, 0x20, 0x5f, 0x35, 0x39, //   highp vec3 _59
	0x36, 0x20, 0x3d, 0x20, 0x76, 0x65, 0x63, 0x33, 0x28, 0x31, 0x2e, 0x30, 0x29, 0x20, 0x2d, 0x20, // 6 = vec3(1.0) - 
	0x28, 0x28, 0x5f, 0x35, 0x38, 0x39, 0x20, 0x2a, 0x20, 0x32, 0x2e, 0x30, 0x29, 0x20, 0x2a, 0x20, // ((_589 * 2.0) * 
	0x5f, 0x35, 0x39, 0x33, 0x29, 0x3b, 0x0a, 0x20, 0x20, 0x20, 0x20, 0x20, 0x20, 0x20, 0x20, 0x20, // _593);.         
	0x20, 0x20, 0x20, 0x69, 0x66, 0x20, 0x28, 0x75, 0x5f, 0x62, 0x6c, 0x69, 0x74, 0x2e, 0x7a, 0x20, //    if (u_blit.z 
	0x3c, 0x20, 0x33, 0x2e, 0x35, 0x29, 0x0a, 0x20, 0x20, 0x20, 0x20, 0x20, 0x20, 0x20, 0x20, 0x20, // < 3.5).         
	0x20, 0x20, 0x20, 0x7b, 0x0a, 0x20, 0x20, 0x20, 0x20, 0x20, 0x20, 0x20, 0x20, 0x20, 0x20, 0x20, //    {.           
	0x20, 0x20, 0x20, 0x20, 0x20, 0x5f, 0x38, 0x32, 0x37, 0x20, 0x3d, 0x20, 0x6d, 0x69, 0x78, 0x28, //      _827 = mix(
	0x5f, 0x35, 0x38, 0x36, 0x2c, 0x20, 0x5f, 0x35, 0x39, 0x36, 0x2c, 0x20, 0x73, 0x74, 0x65, 0x70, // _586, _596, step
	0x28, 0x76, 0x65, 0x63, 0x33, 0x28, 0x30, 0x2e, 0x35, 0x29, 0x2c, 0x20, 0x5f, 0x34, 0x38, 0x31, // (vec3(0.5), _481
	0x29, 0x29, 0x3b, 0x0a, 0x20, 0x20, 0x20, 0x20, 0x20, 0x20, 0x20, 0x20, 0x20, 0x20, 0x20, 0x20, // ));.            
	0x20, 0x20, 0x20, 0x20, 0x62, 0x72, 0x65, 0x61, 0x6b, 0x3b, 0x0a, 0x20, 0x20, 0x20, 0x20, 0x20, //     break;.     
	0x20, 0x20, 0x20, 0x20, 0x20, 0x20, 0x20, 0x7d, 0x0a, 0x20, 0x20, 0x20, 0x20, 0x20, 0x20, 0x20, //        }.       
	0x20, 0x20, 0x20, 0x20, 0x20, 0x69, 0x66, 0x20, 0x28, 0x75, 0x5f, 0x62, 0x6c, 0x69, 0x74, 0x2e, //      if (u_blit.
	0x7a, 0x20, 0x3c, 0x20, 0x35, 0x2e, 0x35, 0x29, 0x0a, 0x20, 0x20, 0x20, 0x20, 0x20, 0x20, 0x20, // z < 5.5).       
	0x20, 0x20, 0x20, 0x20, 0x20, 0x7b, 0x0a, 0x20, 0x20, 0x20, 0x20, 0x20, 0x20, 0x20, 0x20, 0x20, //      {.         
	0x20, 0x20, 0x20, 0x20, 0x20, 0x20, 0x20, 0x68, 0x69, 0x67, 0x68, 0x70, 0x20, 0x76, 0x65, 0x63, //        highp vec
	0x33, 0x20, 0x5f, 0x38, 0x32, 0x35, 0x3b, 0x0a, 0x20, 0x20, 0x20, 0x20, 0x20, 0x20, 0x20, 0x20, // 3 _825;.        
	0x20, 0x20, 0x20, 0x20, 0x20, 0x20, 0x20, 0x20, 0x69, 0x66, 0x20, 0x28, 0x75, 0x5f, 0x62, 0x6c, //         if (u_bl
	0x69, 0x74, 0x2e, 0x7a, 0x20, 0x3c, 0x20, 0x35, 0x2e, 0x30, 0x29, 0x0a, 0x20, 0x20, 0x20, 0x20, // it.z < 5.0).    
	0x20, 0x20, 0x20, 0x20, 0x20, 0x20, 0x20, 0x20, 0x20, 0x20, 0x20, 0x20, 0x7b, 0x0a, 0x20, 0x20, //             {.  
	0x20, 0x20, 0x20, 0x20, 0x20, 0x20, 0x20, 0x20, 0x20, 0x20, 0x20, 0x20, 0x20, 0x20, 0x20, 0x20, //                 
	0x20, 0x20, 0x5f, 0x38, 0x32, 0x35, 0x20, 0x3d, 0x20, 0x6d, 0x69, 0x6e, 0x28, 0x5f, 0x34, 0x37, //   _825 = min(_47
	0x33, 0x2c, 0x20, 0x5f, 0x34, 0x38, 0x31, 0x29, 0x3b, 0x0a, 0x20, 0x20, 0x20, 0x20, 0x20, 0x20, // 3, _481);.      
	0x20, 0x20, 0x20, 0x20, 0x20, 0x20, 0x20, 0x20, 0x20, 0x20, 0x7d, 0x0a, 0x20, 0x20, 0x20, 0x20, //           }.    
	0x20, 0x20, 0x20, 0x20, 0x20, 0x20, 0x20, 0x20, 0x20, 0x20, 0x20, 0x20, 0x65, 0x6c, 0x73, 0x65, //             else
	0x0a, 0x20, 0x20, 0x20, 0x20, 0x20, 0x20, 0x20, 0x20, 0x20, 0x20, 0x20, 0x20, 0x20, 0x20, 0x20, // .               
	0x20, 0x7b, 0x0a, 0x20, 0x20, 0x20, 0x20, 0x20, 0x20, 0x20, 0x20, 0x20, 0x20, 0x20, 0x20, 0x20, //  {.             
	0x20, 0x20, 0x20, 0x20, 0x20, 0x20, 0x20, 0x5f, 0x38, 0x32, 0x35, 0x20, 0x3d, 0x20, 0x6d, 0x61, //        _825 = ma
	0x78, 0x28, 0x5f, 0x34, 0x37, 0x33, 0x2c, 0x20, 0x5f, 0x34, 0x38, 0x31, 0x29, 0x3b, 0x0a, 0x20, // x(_473, _481);. 
	0x20, 0x20, 0x20, 0x20, 0x20, 0x20, 0x20, 0x20, 0x20, 0x20, 0x20, 0x20, 0x20, 0x20, 0x20, 0x7d, //                }
	0x0a, 0x20, 0x20, 0x20, 0x20, 0x20, 0x20, 0x20, 0x20, 0x20, 0x20, 0x20, 0x20, 0x20, 0x20, 0x20, // .               
	0x20, 0x5f, 0x38, 0x32, 0x37, 0x20, 0x3d, 0x20, 0x5f, 0x38, 0x32, 0x35, 0x3b, 0x0a, 0x20, 0x20, //  _827 = _825;.  
	0x20, 0x20, 0x20, 0x20, 0x20, 0x20, 0x20, 0x20, 0x20, 0x20, 0x20, 0x20, 0x20, 0x20, 0x62, 0x72, //               br
	0x65, 0x61, 0x6b, 0x3b, 0x0a, 0x20, 0x20, 0x20, 0x20, 0x20, 0x20, 0x20, 0x20, 0x20, 0x20, 0x20, // eak;.           
	0x20, 0x7d, 0x0a, 0x20, 0x20, 0x20, 0x20, 0x20, 0x20, 0x20, 0x20, 0x20, 0x20, 0x20, 0x20, 0x69, //  }.            i
	0x66, 0x20, 0x28, 0x75, 0x5f, 0x62, 0x6c, 0x69, 0x74, 0x2e, 0x7a, 0x20, 0x3c, 0x20, 0x36, 0x2e, // f (u_blit.z < 6.
	0x35, 0x29, 0x0a, 0x20, 0x20, 0x20, 0x20, 0x20, 0x20, 0x20, 0x20, 0x20, 0x20, 0x20, 0x20, 0x7b, // 5).            {
	0x0a, 0x20, 0x20, 0x20, 0x20, 0x20, 0x20, 0x20, 0x20, 0x20, 0x20, 0x20, 0x20, 0x20, 0x20, 0x20, // .               
	0x20, 0x5f, 0x38, 0x32, 0x37, 0x20, 0x3d, 0x20, 0x6d, 0x69, 0x6e, 0x28, 0x76, 0x65, 0x63, 0x33, //  _827 = min(vec3
	0x28, 0x31, 0x2e, 0x30, 0x29, 0x2c, 0x20, 0x5f, 0x34, 0x38, 0x31, 0x20, 0x2f, 0x20, 0x6d, 0x61, // (1.0), _481 / ma
	0x78, 0x28, 0x76, 0x65, 0x63, 0x33, 0x28, 0x39, 0x2e, 0x39, 0x39, 0x39, 0x39, 0x39, 0x39, 0x39, // x(vec3(9.9999999
	0x37, 0x34, 0x37, 0x35, 0x32, 0x34, 0x32, 0x37, 0x30, 0x37, 0x38, 0x37, 0x38, 0x33, 0x35, 0x31, // 7475242707878351
	0x32, 0x31, 0x31, 0x35, 0x34, 0x37, 0x38, 0x35, 0x65, 0x2d, 0x30, 0x37, 0x29, 0x2c, 0x20, 0x5f, // 21154785e-07), _
	0x35, 0x38, 0x39, 0x29, 0x29, 0x3b, 0x0a, 0x20, 0x20, 0x20, 0x20, 0x20, 0x20, 0x20, 0x20, 0x20, // 589));.         
	0x20, 0x20, 0x20, 0x20, 0x20, 0x20, 0x20, 0x62, 0x72, 0x65, 0x61, 0x6b, 0x3b, 0x0a, 0x20, 0x20, //        break;.  
	0x20, 0x20, 0x20, 0x20, 0x20, 0x20, 0x20, 0x20, 0x20, 0x20, 0x7d, 0x0a, 0x20, 0x20, 0x20, 0x20, //           }.    
	0x20, 0x20, 0x20, 0x20, 0x20, 0x20, 0x20, 0x20, 0x69, 0x66, 0x20, 0x28, 0x75, 0x5f, 0x62, 0x6c, //         if (u_bl
	0x69, 0x74, 0x2e, 0x7a, 0x20, 0x3c, 0x20, 0x37, 0x2e, 0x35, 0x29, 0x0a, 0x20, 0x20, 0x20, 0x20, // it.z < 7.5).    
	0x20, 0x20, 0x20, 0x20, 0x20, 0x20, 0x20, 0x20, 0x7b, 0x0a, 0x20, 0x20, 0x20, 0x20, 0x20, 0x20, //         {.      
	0x20, 0x20, 0x20, 0x20, 0x20, 0x20, 0x20, 0x20, 0x20, 0x20, 0x5f, 0x38, 0x32, 0x37, 0x20, 0x3d, //           _827 =
	0x20, 0x76, 0x65, 0x63, 0x33, 0x28, 0x31, 0x2e, 0x30, 0x29, 0x20, 0x2d, 0x20, 0x6d, 0x69, 0x6e, //  vec3(1.0) - min
	0x28, 0x76, 0x65, 0x63, 0x33, 0x28, 0x31, 0x2e, 0x30, 0x29, 0x2c, 0x20, 0x5f, 0x35, 0x39, 0x33, // (vec3(1.0), _593
	0x20, 0x2f, 0x20, 0x6d, 0x61, 0x78, 0x28, 0x76, 0x65, 0x63, 0x33, 0x28, 0x39, 0x2e, 0x39, 0x39, //  / max(vec3(9.99
	0x39, 0x39, 0x39, 0x39, 0x39, 0x37, 0x34, 0x37, 0x35, 0x32, 0x34, 0x32, 0x37, 0x30, 0x37, 0x38, // 9999974752427078
	0x37, 0x38, 0x33, 0x35, 0x31, 0x32, 0x31, 0x31, 0x35, 0x34, 0x37, 0x38, 0x35, 0x65, 0x2d, 0x30, // 7835121154785e-0
	0x37, 0x29, 0x2c, 0x20, 0x5f, 0x34, 0x37, 0x33, 0x29, 0x29, 0x3b, 0x0a, 0x20, 0x20, 0x20, 0x20, // 7), _473));.    
	0x20, 0x20, 0x20, 0x20, 0x20, 0x20, 0x20, 0x20, 0x20, 0x20, 0x20, 0x20, 0x62, 0x72, 0x65, 0x61, //             brea
	0x6b, 0x3b, 0x0a, 0x20, 0x20, 0x20, 0x20, 0x20, 0x20, 0x20, 0x20, 0x20, 0x20, 0x20, 0x20, 0x7d, // k;.            }
	0x0a, 0x20, 0x20, 0x20, 0x20, 0x20, 0x20, 0x20, 0x20, 0x20, 0x20, 0x20, 0x20, 0x69, 0x66, 0x20, // .            if 
	0x28, 0x75, 0x5f, 0x62, 0x6c, 0x69, 0x74, 0x2e, 0x7a, 0x20, 0x3c, 0x20, 0x38, 0x2e, 0x35, 0x29, // (u_blit.z < 8.5)
	0x0a, 0x20, 0x20, 0x20, 0x20, 0x20, 0x20, 0x20, 0x20, 0x20, 0x20, 0x20, 0x20, 0x7b, 0x0a, 0x20, // .            {. 
	0x20, 0x20, 0x20, 0x20, 0x20, 0x20, 0x20, 0x20, 0x20, 0x20, 0x20, 0x20, 0x20, 0x20, 0x20, 0x5f, //                _
	0x38, 0x32, 0x37, 0x20, 0x3d, 0x20, 0x6d, 0x69, 0x78, 0x28, 0x5f, 0x35, 0x38, 0x36, 0x2c, 0x20, // 827 = mix(_586, 
	0x5f, 0x35, 0x39, 0x36, 0x2c, 0x20, 0x73, 0x74, 0x65, 0x70, 0x28, 0x76, 0x65, 0x63, 0x33, 0x28, // _596, step(vec3(
	0x30, 0x2e, 0x35, 0x29, 0x2c, 0x20, 0x5f, 0x34, 0x37, 0x33, 0x29, 0x29, 0x3b, 0x0a, 0x20, 0x20, // 0.5), _473));.  
	0x20, 0x20, 0x20, 0x20, 0x20, 0x20, 0x20, 0x20, 0x20, 0x20, 0x20, 0x20, 0x20, 0x20, 0x62, 0x72, //               br
	0x65, 0x61, 0x6b, 0x3b, 0x0a, 0x20, 0x20, 0x20, 0x20, 0x20, 0x20, 0x20, 0x20, 0x20, 0x20, 0x20, // eak;.           
	0x20, 0x7d, 0x0a, 0x20, 0x20, 0x20, 0x20, 0x20, 0x20, 0x20, 0x20, 0x20, 0x20, 0x20, 0x20, 0x69, //  }.            i
	0x66, 0x20, 0x28, 0x75, 0x5f, 0x62, 0x6c, 0x69, 0x74, 0x2e, 0x7a, 0x20, 0x3c, 0x20, 0x39, 0x2e, // f (u_blit.z < 9.
	0x35, 0x29, 0x0a, 0x20, 0x20, 0x20, 0x20, 0x20, 0x20, 0x20, 0x20, 0x20, 0x20, 0x20, 0x20, 0x7b, // 5).            {
	0x0a, 0x20, 0x20, 0x20, 0x20, 0x20, 0x20, 0x20, 0x20, 0x20, 0x20, 0x20, 0x20, 0x20, 0x20, 0x20, // .               
	0x20, 0x5f, 0x38, 0x32, 0x37, 0x20, 0x3d, 0x20, 0x6d, 0x69, 0x78, 0x28, 0x5f, 0x34, 0x38, 0x31, //  _827 = mix(_481
	0x20, 0x2d, 0x20, 0x28, 0x28, 0x28, 0x76, 0x65, 0x63, 0x33, 0x28, 0x31, 0x2e, 0x30, 0x29, 0x20, //  - (((vec3(1.0) 
	0x2d, 0x20, 0x5f, 0x35, 0x38, 0x34, 0x29, 0x20, 0x2a, 0x20, 0x5f, 0x34, 0x38, 0x31, 0x29, 0x20, // - _584) * _481) 
	0x2a, 0x20, 0x5f, 0x35, 0x39, 0x33, 0x29, 0x2c, 0x20, 0x5f, 0x34, 0x38, 0x31, 0x20, 0x2b, 0x20, // * _593), _481 + 
	0x28, 0x28, 0x5f, 0x35, 0x38, 0x34, 0x20, 0x2d, 0x20, 0x76, 0x65, 0x63, 0x33, 0x28, 0x31, 0x2e, // ((_584 - vec3(1.
	0x30, 0x29, 0x29, 0x20, 0x2a, 0x20, 0x28, 0x6d, 0x69, 0x78, 0x28, 0x73, 0x71, 0x72, 0x74, 0x28, // 0)) * (mix(sqrt(
	0x5f, 0x34, 0x38, 0x31, 0x29, 0x2c, 0x20, 0x28, 0x28, 0x28, 0x28, 0x5f, 0x34, 0x38, 0x31, 0x20, // _481), ((((_481 
	0x2a, 0x20, 0x31, 0x36, 0x2e, 0x30, 0x29, 0x20, 0x2d, 0x20, 0x76, 0x65, 0x63, 0x33, 0x28, 0x31, // * 16.0) - vec3(1
	0x32, 0x2e, 0x30, 0x29, 0x29, 0x20, 0x2a, 0x20, 0x5f, 0x34, 0x38, 0x31, 0x29, 0x20, 0x2b, 0x20, // 2.0)) * _481) + 
	0x76, 0x65, 0x63, 0x33, 0x28, 0x34, 0x2e, 0x30, 0x29, 0x29, 0x20, 0x2a, 0x20, 0x5f, 0x34, 0x38, // vec3(4.0)) * _48
	0x31, 0x2c, 0x20, 0x73, 0x74, 0x65, 0x70, 0x28, 0x5f, 0x34, 0x38, 0x31, 0x2c, 0x20, 0x76, 0x65, // 1, step(_481, ve
	0x63, 0x33, 0x28, 0x30, 0x2e, 0x32, 0x35, 0x29, 0x29, 0x29, 0x20, 0x2d, 0x20, 0x5f, 0x34, 0x38, // c3(0.25))) - _48
	0x31, 0x29, 0x29, 0x2c, 0x20, 0x73, 0x74, 0x65, 0x70, 0x28, 0x5f, 0x34, 0x37, 0x33, 0x2c, 0x20, // 1)), step(_473, 
	0x76, 0x65, 0x63, 0x33, 0x28, 0x30, 0x2e, 0x35, 0x29, 0x29, 0x29, 0x3b, 0x0a, 0x20, 0x20, 0x20, // vec3(0.5)));.   
	0x20, 0x20, 0x20, 0x20, 0x20, 0x20, 0x20, 0x20, 0x20, 0x20, 0x20, 0x20, 0x20, 0x62, 0x72, 0x65, //              bre
	0x61, 0x6b, 0x3b, 0x0a, 0x20, 0x20, 0x20, 0x20, 0x20, 0x20, 0x20, 0x20, 0x20, 0x20, 0x20, 0x20, // ak;.            
	0x7d, 0x0a, 0x20, 0x20, 0x20, 0x20, 0x20, 0x20, 0x20, 0x20, 0x20, 0x20, 0x20, 0x20, 0x69, 0x66, // }.            if
	0x20, 0x28, 0x75, 0x5f, 0x62, 0x6c, 0x69, 0x74, 0x2e, 0x7a, 0x20, 0x3c, 0x20, 0x31, 0x30, 0x2e, //  (u_blit.z < 10.
	0x35, 0x29, 0x0a, 0x20, 0x20, 0x20, 0x20, 0x20, 0x20, 0x20, 0x20, 0x20, 0x20, 0x20, 0x20, 0x7b, // 5).            {
	0x0a, 0x20, 0x20, 0x20, 0x20, 0x20, 0x20, 0x20, 0x20, 0x20, 0x20, 0x20, 0x20, 0x20, 0x20, 0x20, // .               
	0x20, 0x5f, 0x38, 0x32, 0x37, 0x20, 0x3d, 0x20, 0x61, 0x62, 0x73, 0x28, 0x5f, 0x34, 0x37, 0x33, //  _827 = abs(_473
	0x20, 0x2d, 0x20, 0x5f, 0x34, 0x38, 0x31, 0x29, 0x3b, 0x0a, 0x20, 0x20, 0x20, 0x20, 0x20, 0x20, //  - _481);.      
	0x20, 0x20, 0x20, 0x20, 0x20, 0x20, 0x20, 0x20, 0x20, 0x20, 0x62, 0x72, 0x65, 0x61, 0x6b, 0x3b, //           break;
	0x0a, 0x20, 0x20, 0x20, 0x20, 0x20, 0x20, 0x20, 0x20, 0x20, 0x20, 0x20, 0x20, 0x7d, 0x0a, 0x20, // .            }. 
	0x20, 0x20, 0x20, 0x20, 0x20, 0x20, 0x20, 0x20, 0x20, 0x20, 0x20, 0x5f, 0x38, 0x32, 0x37, 0x20, //            _827 
	0x3d, 0x20, 0x28, 0x5f, 0x34, 0x37, 0x33, 0x20, 0x2b, 0x20, 0x5f, 0x34, 0x38, 0x31, 0x29, 0x20, // = (_473 + _481) 
	0x2d, 0x20, 0x5f, 0x35, 0x38, 0x36, 0x3b, 0x0a, 0x20, 0x20, 0x20, 0x20, 0x20, 0x20, 0x20, 0x20, // - _586;.        
	0x20, 0x20, 0x20, 0x20, 0x62, 0x72, 0x65, 0x61, 0x6b, 0x3b, 0x0a, 0x20, 0x20, 0x20, 0x20, 0x20, //     break;.     
	0x20, 0x20, 0x20, 0x7d, 0x20, 0x77, 0x68, 0x69, 0x6c, 0x65, 0x28, 0x66, 0x61, 0x6c, 0x73, 0x65, //    } while(false
	0x29, 0x3b, 0x0a, 0x20, 0x20, 0x20, 0x20, 0x20, 0x20, 0x20, 0x20, 0x68, 0x69, 0x67, 0x68, 0x70, // );.        highp
	0x20, 0x66, 0x6c, 0x6f, 0x61, 0x74, 0x20, 0x5f, 0x34, 0x39, 0x38, 0x20, 0x3d, 0x20, 0x31, 0x2e, //  float _498 = 1.
	0x30, 0x20, 0x2d, 0x20, 0x5f, 0x38, 0x32, 0x30, 0x2e, 0x77, 0x3b, 0x0a, 0x20, 0x20, 0x20, 0x20, // 0 - _820.w;.    
	0x20, 0x20, 0x20, 0x20, 0x62, 0x67, 0x66, 0x78, 0x5f, 0x46, 0x72, 0x61, 0x67, 0x43, 0x6f, 0x6c, //     bgfx_FragCol
	0x6f, 0x72, 0x20, 0x3d, 0x20, 0x76, 0x65, 0x63, 0x34, 0x28, 0x28, 0x5f, 0x38, 0x32, 0x37, 0x20, // or = vec4((_827 
	0x2a, 0x20, 0x5f, 0x38, 0x32, 0x30, 0x2e, 0x77, 0x29, 0x20, 0x2b, 0x20, 0x28, 0x5f, 0x34, 0x37, // * _820.w) + (_47
	0x36, 0x20, 0x2a, 0x20, 0x5f, 0x34, 0x39, 0x38, 0x29, 0x2c, 0x20, 0x5f, 0x38, 0x32, 0x30, 0x2e, // 6 * _498), _820.
	0x77, 0x20, 0x2b, 0x20, 0x28, 0x5f, 0x34, 0x37, 0x38, 0x20, 0x2a, 0x20, 0x5f, 0x34, 0x39, 0x38, // w + (_478 * _498
	0x29, 0x29, 0x3b, 0x0a, 0x20, 0x20, 0x20, 0x20, 0x20, 0x20, 0x20, 0x20, 0x62, 0x72, 0x65, 0x61, // ));.        brea
	0x6b, 0x3b, 0x0a, 0x20, 0x20, 0x20, 0x20, 0x7d, 0x20, 0x77, 0x68, 0x69, 0x6c, 0x65, 0x28, 0x66, // k;.    } while(f
	0x61, 0x6c, 0x73, 0x65, 0x29, 0x3b, 0x0a, 0x7d, 0x0a, 0x0a, 0x00,                               // alse);.}...
};
static const uint8_t fs_blit_spv[7476] =
{
	0x46, 0x53, 0x48, 0x0c, 0x29, 0x3e, 0x5c, 0xd3, 0x00, 0x00, 0x00, 0x00, 0x00, 0x00, 0x00, 0x00, // FSH.)>..........
	0x00, 0x00, 0x00, 0x00, 0x04, 0x00, 0x06, 0x75, 0x5f, 0x62, 0x6c, 0x69, 0x74, 0x12, 0x01, 0x00, // .......u_blit...
	0x00, 0x01, 0x00, 0x00, 0x00, 0x00, 0x00, 0x05, 0x73, 0x5f, 0x74, 0x65, 0x78, 0x30, 0x00, 0x03, // ........s_tex0..
	0x00, 0x00, 0x00, 0x00, 0x02, 0x29, 0x00, 0x06, 0x73, 0x5f, 0x6d, 0x61, 0x73, 0x6b, 0x30, 0x00, // .....)..s_mask0.
	0x04, 0x00, 0x00, 0x00, 0x00, 0x02, 0x29, 0x00, 0x05, 0x73, 0x5f, 0x64, 0x73, 0x74, 0x30, 0x00, // ......)..s_dst0.
	0x05, 0x00, 0x00, 0x00, 0x00, 0x02, 0x29, 0x00, 0xd4, 0x1c, 0x00, 0x00, 0x03, 0x02, 0x23, 0x07, // ......).......#.
	0x00, 0x00, 0x01, 0x00, 0x0b, 0x00, 0x08, 0x00, 0xf9, 0x04, 0x00, 0x00, 0x00, 0x00, 0x00, 0x00, // ................
	0x11, 0x00, 0x02, 0x00, 0x01, 0x00, 0x00, 0x00, 0x0b, 0x00, 0x06, 0x00, 0x01, 0x00, 0x00, 0x00, // ................
	0x47, 0x4c, 0x53, 0x4c, 0x2e, 0x73, 0x74, 0x64, 0x2e, 0x34, 0x35, 0x30, 0x00, 0x00, 0x00, 0x00, // GLSL.std.450....
	0x0e, 0x00, 0x03, 0x00, 0x00, 0x00, 0x00, 0x00, 0x01, 0x00, 0x00, 0x00, 0x0f, 0x00, 0x07, 0x00, // ................
	0x04, 0x00, 0x00, 0x00, 0x04, 0x00, 0x00, 0x00, 0x6d, 0x61, 0x69, 0x6e, 0x00, 0x00, 0x00, 0x00, // ........main....
	0x60, 0x02, 0x00, 0x00, 0x6f, 0x02, 0x00, 0x00, 0x10, 0x00, 0x03, 0x00, 0x04, 0x00, 0x00, 0x00, // `...o...........
	0x07, 0x00, 0x00, 0x00, 0x03, 0x00, 0x03, 0x00, 0x05, 0x00, 0x00, 0x00, 0xf4, 0x01, 0x00, 0x00, // ................
	0x05, 0x00, 0x04, 0x00, 0x04, 0x00, 0x00, 0x00, 0x6d, 0x61, 0x69, 0x6e, 0x00, 0x00, 0x00, 0x00, // ........main....
	0x05, 0x00, 0x06, 0x00, 0x36, 0x00, 0x00, 0x00, 0x73, 0x5f, 0x74, 0x65, 0x78, 0x53, 0x61, 0x6d, // ....6...s_texSam
	0x70, 0x6c, 0x65, 0x72, 0x00, 0x00, 0x00, 0x00, 0x05, 0x00, 0x06, 0x00, 0x39, 0x00, 0x00, 0x00, // pler........9...
	0x73, 0x5f, 0x74, 0x65, 0x78, 0x54, 0x65, 0x78, 0x74, 0x75, 0x72, 0x65, 0x00, 0x00, 0x00, 0x00, // s_texTexture....
	0x05, 0x00, 0x06, 0x00, 0x3d, 0x00, 0x00, 0x00, 0x73, 0x5f, 0x6d, 0x61, 0x73, 0x6b, 0x53, 0x61, // ....=...s_maskSa
	0x6d, 0x70, 0x6c, 0x65, 0x72, 0x00, 0x00, 0x00, 0x05, 0x00, 0x06, 0x00, 0x3f, 0x00, 0x00, 0x00, // mpler.......?...
	0x73, 0x5f, 0x6d, 0x61, 0x73, 0x6b, 0x54, 0x65, 0x78, 0x74, 0x75, 0x72, 0x65, 0x00, 0x00, 0x00, // s_maskTexture...
	0x05, 0x00, 0x06, 0x00, 0x43, 0x00, 0x00, 0x00, 0x73, 0x5f, 0x64, 0x73, 0x74, 0x53, 0x61, 0x6d, // ....C...s_dstSam
	0x70, 0x6c, 0x65, 0x72, 0x00, 0x00, 0x00, 0x00, 0x05, 0x00, 0x06, 0x00, 0x45, 0x00, 0x00, 0x00, // pler........E...
	0x73, 0x5f, 0x64, 0x73, 0x74, 0x54, 0x65, 0x78, 0x74, 0x75, 0x72, 0x65, 0x00, 0x00, 0x00, 0x00, // s_dstTexture....
	0x05, 0x00, 0x06, 0x00, 0x4a, 0x01, 0x00, 0x00, 0x55, 0x6e, 0x69, 0x66, 0x6f, 0x72, 0x6d, 0x42, // ....J...UniformB
	0x6c, 0x6f, 0x63, 0x6b, 0x00, 0x00, 0x00, 0x00, 0x06, 0x00, 0x05, 0x00, 0x4a, 0x01, 0x00, 0x00, // lock........J...
	0x00, 0x00, 0x00, 0x00, 0x75, 0x5f, 0x62, 0x6c, 0x69, 0x74, 0x00, 0x00, 0x05, 0x00, 0x03, 0x00, // ....u_blit......
	0x4c, 0x01, 0x00, 0x00, 0x00, 0x00, 0x00, 0x00, 0x05, 0x00, 0x04, 0x00, 0x60, 0x02, 0x00, 0x00, // L...........`...
	0x76, 0x5f, 0x75, 0x76, 0x00, 0x00, 0x00, 0x00, 0x05, 0x00, 0x06, 0x00, 0x6f, 0x02, 0x00, 0x00, // v_uv........o...
	0x62, 0x67, 0x66, 0x78, 0x5f, 0x46, 0x72, 0x61, 0x67, 0x44, 0x61, 0x74, 0x61, 0x30, 0x00, 0x00, // bgfx_FragData0..
	0x47, 0x00, 0x04, 0x00, 0x36, 0x00, 0x00, 0x00, 0x21, 0x00, 0x00, 0x00, 0x13, 0x00, 0x00, 0x00, // G...6...!.......
	0x47, 0x00, 0x04, 0x00, 0x36, 0x00, 0x00, 0x00, 0x22, 0x00, 0x00, 0x00, 0x00, 0x00, 0x00, 0x00, // G...6...".......
	0x47, 0x00, 0x04, 0x00, 0x39, 0x00, 0x00, 0x00, 0x21, 0x00, 0x00, 0x00, 0x03, 0x00, 0x00, 0x00, // G...9...!.......
	0x47, 0x00, 0x04, 0x00, 0x39, 0x00, 0x00, 0x00, 0x22, 0x00, 0x00, 0x00, 0x00, 0x00, 0x00, 0x00, // G...9...".......
	0x47, 0x00, 0x04, 0x00, 0x3d, 0x00, 0x00, 0x00, 0x21, 0x00, 0x00, 0x00, 0x14, 0x00, 0x00, 0x00, // G...=...!.......
	0x47, 0x00, 0x04, 0x00, 0x3d, 0x00, 0x00, 0x00, 0x22, 0x00, 0x00, 0x00, 0x00, 0x00, 0x00, 0x00, // G...=...".......
	0x47, 0x00, 0x04, 0x00, 0x3f, 0x00, 0x00, 0x00, 0x21, 0x00, 0x00, 0x00, 0x04, 0x00, 0x00, 0x00, // G...?...!.......
	0x47, 0x00, 0x04, 0x00, 0x3f, 0x00, 0x00, 0x00, 0x22, 0x00, 0x00, 0x00, 0x00, 0x00, 0x00, 0x00, // G...?...".......
	0x47, 0x00, 0x04, 0x00, 0x43, 0x00, 0x00, 0x00, 0x21, 0x00, 0x00, 0x00, 0x15, 0x00, 0x00, 0x00, // G...C...!.......
	0x47, 0x00, 0x04, 0x00, 0x43, 0x00, 0x00, 0x00, 0x22, 0x00, 0x00, 0x00, 0x00, 0x00, 0x00, 0x00, // G...C...".......
	0x47, 0x00, 0x04, 0x00, 0x45, 0x00, 0x00, 0x00, 0x21, 0x00, 0x00, 0x00, 0x05, 0x00, 0x00, 0x00, // G...E...!.......
	0x47, 0x00, 0x04, 0x00, 0x45, 0x00, 0x00, 0x00, 0x22, 0x00, 0x00, 0x00, 0x00, 0x00, 0x00, 0x00, // G...E...".......
	0x47, 0x00, 0x03, 0x00, 0x4a, 0x01, 0x00, 0x00, 0x02, 0x00, 0x00, 0x00, 0x48, 0x00, 0x05, 0x00, // G...J.......H...
	0x4a, 0x01, 0x00, 0x00, 0x00, 0x00, 0x00, 0x00, 0x23, 0x00, 0x00, 0x00, 0x00, 0x00, 0x00, 0x00, // J.......#.......
	0x47, 0x00, 0x04, 0x00, 0x4c, 0x01, 0x00, 0x00, 0x21, 0x00, 0x00, 0x00, 0x01, 0x00, 0x00, 0x00, // G...L...!.......
	0x47, 0x00, 0x04, 0x00, 0x4c, 0x01, 0x00, 0x00, 0x22, 0x00, 0x00, 0x00, 0x00, 0x00, 0x00, 0x00, // G...L...".......
	0x47, 0x00, 0x04, 0x00, 0x60, 0x02, 0x00, 0x00, 0x1e, 0x00, 0x00, 0x00, 0x02, 0x00, 0x00, 0x00, // G...`...........
	0x47, 0x00, 0x04, 0x00, 0x6f, 0x02, 0x00, 0x00, 0x1e, 0x00, 0x00, 0x00, 0x00, 0x00, 0x00, 0x00, // G...o...........
	0x13, 0x00, 0x02, 0x00, 0x02, 0x00, 0x00, 0x00, 0x21, 0x00, 0x03, 0x00, 0x03, 0x00, 0x00, 0x00, // ........!.......
	0x02, 0x00, 0x00, 0x00, 0x1a, 0x00, 0x02, 0x00, 0x06, 0x00, 0x00, 0x00, 0x16, 0x00, 0x03, 0x00, // ................
	0x07, 0x00, 0x00, 0x00, 0x20, 0x00, 0x00, 0x00, 0x19, 0x00, 0x09, 0x00, 0x08, 0x00, 0x00, 0x00, // .... ...........
	0x07, 0x00, 0x00, 0x00, 0x01, 0x00, 0x00, 0x00, 0x00, 0x00, 0x00, 0x00, 0x00, 0x00, 0x00, 0x00, // ................
	0x00, 0x00, 0x00, 0x00, 0x01, 0x00, 0x00, 0x00, 0x00, 0x00, 0x00, 0x00, 0x17, 0x00, 0x04, 0x00, // ................
	0x0b, 0x00, 0x00, 0x00, 0x07, 0x00, 0x00, 0x00, 0x02, 0x00, 0x00, 0x00, 0x17, 0x00, 0x04, 0x00, // ................
	0x0d, 0x00, 0x00, 0x00, 0x07, 0x00, 0x00, 0x00, 0x04, 0x00, 0x00, 0x00, 0x17, 0x00, 0x04, 0x00, // ................
	0x13, 0x00, 0x00, 0x00, 0x07, 0x00, 0x00, 0x00, 0x03, 0x00, 0x00, 0x00, 0x20, 0x00, 0x04, 0x00, // ............ ...
	0x35, 0x00, 0x00, 0x00, 0x00, 0x00, 0x00, 0x00, 0x06, 0x00, 0x00, 0x00, 0x3b, 0x00, 0x04, 0x00, // 5...........;...
	0x35, 0x00, 0x00, 0x00, 0x36, 0x00, 0x00, 0x00, 0x00, 0x00, 0x00, 0x00, 0x20, 0x00, 0x04, 0x00, // 5...6....... ...
	0x38, 0x00, 0x00, 0x00, 0x00, 0x00, 0x00, 0x00, 0x08, 0x00, 0x00, 0x00, 0x3b, 0x00, 0x04, 0x00, // 8...........;...
	0x38, 0x00, 0x00, 0x00, 0x39, 0x00, 0x00, 0x00, 0x00, 0x00, 0x00, 0x00, 0x3b, 0x00, 0x04, 0x00, // 8...9.......;...
	0x35, 0x00, 0x00, 0x00, 0x3d, 0x00, 0x00, 0x00, 0x00, 0x00, 0x00, 0x00, 0x3b, 0x00, 0x04, 0x00, // 5...=.......;...
	0x38, 0x00, 0x00, 0x00, 0x3f, 0x00, 0x00, 0x00, 0x00, 0x00, 0x00, 0x00, 0x3b, 0x00, 0x04, 0x00, // 8...?.......;...
	0x35, 0x00, 0x00, 0x00, 0x43, 0x00, 0x00, 0x00, 0x00, 0x00, 0x00, 0x00, 0x3b, 0x00, 0x04, 0x00, // 5...C.......;...
	0x38, 0x00, 0x00, 0x00, 0x45, 0x00, 0x00, 0x00, 0x00, 0x00, 0x00, 0x00, 0x15, 0x00, 0x04, 0x00, // 8...E...........
	0x48, 0x00, 0x00, 0x00, 0x20, 0x00, 0x00, 0x00, 0x01, 0x00, 0x00, 0x00, 0x2b, 0x00, 0x04, 0x00, // H... .......+...
	0x48, 0x00, 0x00, 0x00, 0x4d, 0x00, 0x00, 0x00, 0x00, 0x00, 0x00, 0x00, 0x1b, 0x00, 0x03, 0x00, // H...M...........
	0x51, 0x00, 0x00, 0x00, 0x08, 0x00, 0x00, 0x00, 0x2b, 0x00, 0x04, 0x00, 0x07, 0x00, 0x00, 0x00, // Q.......+.......
	0x66, 0x00, 0x00, 0x00, 0x00, 0x00, 0x20, 0x40, 0x14, 0x00, 0x02, 0x00, 0x67, 0x00, 0x00, 0x00, // f..... @....g...
	0x2b, 0x00, 0x04, 0x00, 0x07, 0x00, 0x00, 0x00, 0x6c, 0x00, 0x00, 0x00, 0x00, 0x00, 0x00, 0x40, // +.......l......@
	0x17, 0x00, 0x04, 0x00, 0x78, 0x00, 0x00, 0x00, 0x67, 0x00, 0x00, 0x00, 0x03, 0x00, 0x00, 0x00, // ....x...g.......
	0x2b, 0x00, 0x04, 0x00, 0x07, 0x00, 0x00, 0x00, 0x82, 0x00, 0x00, 0x00, 0x00, 0x00, 0x80, 0x3f, // +..............?
	0x2b, 0x00, 0x04, 0x00, 0x07, 0x00, 0x00, 0x00, 0x8e, 0x00, 0x00, 0x00, 0x00, 0x00, 0x60, 0x40, // +.............`@
	0x2b, 0x00, 0x04, 0x00, 0x07, 0x00, 0x00, 0x00, 0x92, 0x00, 0x00, 0x00, 0x00, 0x00, 0x00, 0x3f, // +..............?
	0x2b, 0x00, 0x04, 0x00, 0x07, 0x00, 0x00, 0x00, 0x9f, 0x00, 0x00, 0x00, 0x00, 0x00, 0xb0, 0x40, // +..............@
	0x2b, 0x00, 0x04, 0x00, 0x07, 0x00, 0x00, 0x00, 0xa4, 0x00, 0x00, 0x00, 0x00, 0x00, 0xa0, 0x40, // +..............@
	0x2b, 0x00, 0x04, 0x00, 0x07, 0x00, 0x00, 0x00, 0xb0, 0x00, 0x00, 0x00, 0x00, 0x00, 0xd0, 0x40, // +..............@
	0x2b, 0x00, 0x04, 0x00, 0x07, 0x00, 0x00, 0x00, 0xb7, 0x00, 0x00, 0x00, 0xbd, 0x37, 0x86, 0x35, // +............7.5
	0x2b, 0x00, 0x04, 0x00, 0x07, 0x00, 0x00, 0x00, 0xc2, 0x00, 0x00, 0x00, 0x00, 0x00, 0xf0, 0x40, // +..............@
	0x2b, 0x00, 0x04, 0x00, 0x07, 0x00, 0x00, 0x00, 0xe3, 0x00, 0x00, 0x00, 0x00, 0x00, 0x08, 0x41, // +..............A
	0x2b, 0x00, 0x04, 0x00, 0x07, 0x00, 0x00, 0x00, 0xf3, 0x00, 0x00, 0x00, 0x00, 0x00, 0x18, 0x41, // +..............A
	0x2b, 0x00, 0x04, 0x00, 0x07, 0x00, 0x00, 0x00, 0xfa, 0x00, 0x00, 0x00, 0x00, 0x00, 0x80, 0x41, // +..............A
	0x2b, 0x00, 0x04, 0x00, 0x07, 0x00, 0x00, 0x00, 0xfd, 0x00, 0x00, 0x00, 0x00, 0x00, 0x40, 0x41, // +.............@A
	0x2b, 0x00, 0x04, 0x00, 0x07, 0x00, 0x00, 0x00, 0x02, 0x01, 0x00, 0x00, 0x00, 0x00, 0x80, 0x40, // +..............@
	0x2b, 0x00, 0x04, 0x00, 0x07, 0x00, 0x00, 0x00, 0x08, 0x01, 0x00, 0x00, 0x00, 0x00, 0x80, 0x3e, // +..............>
	0x2b, 0x00, 0x04, 0x00, 0x07, 0x00, 0x00, 0x00, 0x32, 0x01, 0x00, 0x00, 0x00, 0x00, 0x28, 0x41, // +.......2.....(A
	0x1e, 0x00, 0x03, 0x00, 0x4a, 0x01, 0x00, 0x00, 0x0d, 0x00, 0x00, 0x00, 0x20, 0x00, 0x04, 0x00, // ....J....... ...
	0x4b, 0x01, 0x00, 0x00, 0x02, 0x00, 0x00, 0x00, 0x4a, 0x01, 0x00, 0x00, 0x3b, 0x00, 0x04, 0x00, // K.......J...;...
	0x4b, 0x01, 0x00, 0x00, 0x4c, 0x01, 0x00, 0x00, 0x02, 0x00, 0x00, 0x00, 0x15, 0x00, 0x04, 0x00, // K...L...........
	0x4d, 0x01, 0x00, 0x00, 0x20, 0x00, 0x00, 0x00, 0x00, 0x00, 0x00, 0x00, 0x2b, 0x00, 0x04, 0x00, // M... .......+...
	0x4d, 0x01, 0x00, 0x00, 0x4e, 0x01, 0x00, 0x00, 0x00, 0x00, 0x00, 0x00, 0x20, 0x00, 0x04, 0x00, // M...N....... ...
	0x4f, 0x01, 0x00, 0x00, 0x02, 0x00, 0x00, 0x00, 0x07, 0x00, 0x00, 0x00, 0x2b, 0x00, 0x04, 0x00, // O...........+...
	0x4d, 0x01, 0x00, 0x00, 0x53, 0x01, 0x00, 0x00, 0x01, 0x00, 0x00, 0x00, 0x2b, 0x00, 0x04, 0x00, // M...S.......+...
	0x4d, 0x01, 0x00, 0x00, 0x57, 0x01, 0x00, 0x00, 0x02, 0x00, 0x00, 0x00, 0x2b, 0x00, 0x04, 0x00, // M...W.......+...
	0x4d, 0x01, 0x00, 0x00, 0x5b, 0x01, 0x00, 0x00, 0x03, 0x00, 0x00, 0x00, 0x2b, 0x00, 0x04, 0x00, // M...[.......+...
	0x07, 0x00, 0x00, 0x00, 0x71, 0x01, 0x00, 0x00, 0x00, 0x00, 0xc0, 0x3f, 0x2b, 0x00, 0x04, 0x00, // ....q......?+...
	0x07, 0x00, 0x00, 0x00, 0x8a, 0x01, 0x00, 0x00, 0xd0, 0xb3, 0x59, 0x3e, 0x2b, 0x00, 0x04, 0x00, // ..........Y>+...
	0x07, 0x00, 0x00, 0x00, 0x8b, 0x01, 0x00, 0x00, 0x59, 0x17, 0x37, 0x3f, 0x2b, 0x00, 0x04, 0x00, // ........Y.7?+...
	0x07, 0x00, 0x00, 0x00, 0x8c, 0x01, 0x00, 0x00, 0x98, 0xdd, 0x93, 0x3d, 0x2c, 0x00, 0x06, 0x00, // ...........=,...
	0x13, 0x00, 0x00, 0x00, 0x8d, 0x01, 0x00, 0x00, 0x8a, 0x01, 0x00, 0x00, 0x8b, 0x01, 0x00, 0x00, // ................
	0x8c, 0x01, 0x00, 0x00, 0x2b, 0x00, 0x04, 0x00, 0x07, 0x00, 0x00, 0x00, 0x93, 0x01, 0x00, 0x00, // ....+...........
	0x00, 0x00, 0x90, 0x40, 0x20, 0x00, 0x04, 0x00, 0x5c, 0x02, 0x00, 0x00, 0x01, 0x00, 0x00, 0x00, // ...@ ...........
	0x0b, 0x00, 0x00, 0x00, 0x3b, 0x00, 0x04, 0x00, 0x5c, 0x02, 0x00, 0x00, 0x60, 0x02, 0x00, 0x00, // ....;.......`...
	0x01, 0x00, 0x00, 0x00, 0x20, 0x00, 0x04, 0x00, 0x6e, 0x02, 0x00, 0x00, 0x03, 0x00, 0x00, 0x00, // .... ...n.......
	0x0d, 0x00, 0x00, 0x00, 0x3b, 0x00, 0x04, 0x00, 0x6e, 0x02, 0x00, 0x00, 0x6f, 0x02, 0x00, 0x00, // ....;...n...o...
	0x03, 0x00, 0x00, 0x00, 0x2c, 0x00, 0x06, 0x00, 0x13, 0x00, 0x00, 0x00, 0xe0, 0x04, 0x00, 0x00, // ....,...........
	0x82, 0x00, 0x00, 0x00, 0x82, 0x00, 0x00, 0x00, 0x82, 0x00, 0x00, 0x00, 0x2c, 0x00, 0x06, 0x00, // ............,...
	0x13, 0x00, 0x00, 0x00, 0xe1, 0x04, 0x00, 0x00, 0xfd, 0x00, 0x00, 0x00, 0xfd, 0x00, 0x00, 0x00, // ................
	0xfd, 0x00, 0x00, 0x00, 0x2c, 0x00, 0x06, 0x00, 0x13, 0x00, 0x00, 0x00, 0xe2, 0x04, 0x00, 0x00, // ....,...........
	0x02, 0x01, 0x00, 0x00, 0x02, 0x01, 0x00, 0x00, 0x02, 0x01, 0x00, 0x00, 0x2c, 0x00, 0x06, 0x00, // ............,...
	0x13, 0x00, 0x00, 0x00, 0xe3, 0x04, 0x00, 0x00, 0x08, 0x01, 0x00, 0x00, 0x08, 0x01, 0x00, 0x00, // ................
	0x08, 0x01, 0x00, 0x00, 0x2c, 0x00, 0x06, 0x00, 0x13, 0x00, 0x00, 0x00, 0xe4, 0x04, 0x00, 0x00, // ....,...........
	0x92, 0x00, 0x00, 0x00, 0x92, 0x00, 0x00, 0x00, 0x92, 0x00, 0x00, 0x00, 0x2c, 0x00, 0x06, 0x00, // ............,...
	0x13, 0x00, 0x00, 0x00, 0xe5, 0x04, 0x00, 0x00, 0xb7, 0x00, 0x00, 0x00, 0xb7, 0x00, 0x00, 0x00, // ................
	0xb7, 0x00, 0x00, 0x00, 0x36, 0x00, 0x05, 0x00, 0x02, 0x00, 0x00, 0x00, 0x04, 0x00, 0x00, 0x00, // ....6...........
	0x00, 0x00, 0x00, 0x00, 0x03, 0x00, 0x00, 0x00, 0xf8, 0x00, 0x02, 0x00, 0x05, 0x00, 0x00, 0x00, // ................
	0x3d, 0x00, 0x04, 0x00, 0x06, 0x00, 0x00, 0x00, 0x37, 0x00, 0x00, 0x00, 0x36, 0x00, 0x00, 0x00, // =.......7...6...
	0x3d, 0x00, 0x04, 0x00, 0x08, 0x00, 0x00, 0x00, 0x3a, 0x00, 0x00, 0x00, 0x39, 0x00, 0x00, 0x00, // =.......:...9...
	0x3d, 0x00, 0x04, 0x00, 0x06, 0x00, 0x00, 0x00, 0x3e, 0x00, 0x00, 0x00, 0x3d, 0x00, 0x00, 0x00, // =.......>...=...
	0x3d, 0x00, 0x04, 0x00, 0x08, 0x00, 0x00, 0x00, 0x40, 0x00, 0x00, 0x00, 0x3f, 0x00, 0x00, 0x00, // =.......@...?...
	0x3d, 0x00, 0x04, 0x00, 0x06, 0x00, 0x00, 0x00, 0x44, 0x00, 0x00, 0x00, 0x43, 0x00, 0x00, 0x00, // =.......D...C...
	0x3d, 0x00, 0x04, 0x00, 0x08, 0x00, 0x00, 0x00, 0x46, 0x00, 0x00, 0x00, 0x45, 0x00, 0x00, 0x00, // =.......F...E...
	0x3d, 0x00, 0x04, 0x00, 0x0b, 0x00, 0x00, 0x00, 0x61, 0x02, 0x00, 0x00, 0x60, 0x02, 0x00, 0x00, // =.......a...`...
	0xf7, 0x00, 0x03, 0x00, 0x8c, 0x03, 0x00, 0x00, 0x00, 0x00, 0x00, 0x00, 0xfb, 0x00, 0x03, 0x00, // ................
	0x4e, 0x01, 0x00, 0x00, 0xa6, 0x02, 0x00, 0x00, 0xf8, 0x00, 0x02, 0x00, 0xa6, 0x02, 0x00, 0x00, // N...............
	0x41, 0x00, 0x06, 0x00, 0x4f, 0x01, 0x00, 0x00, 0xa8, 0x02, 0x00, 0x00, 0x4c, 0x01, 0x00, 0x00, // A...O.......L...
	0x4d, 0x00, 0x00, 0x00, 0x4e, 0x01, 0x00, 0x00, 0x3d, 0x00, 0x04, 0x00, 0x07, 0x00, 0x00, 0x00, // M...N...=.......
	0xa9, 0x02, 0x00, 0x00, 0xa8, 0x02, 0x00, 0x00, 0x41, 0x00, 0x06, 0x00, 0x4f, 0x01, 0x00, 0x00, // ........A...O...
	0xaa, 0x02, 0x00, 0x00, 0x4c, 0x01, 0x00, 0x00, 0x4d, 0x00, 0x00, 0x00, 0x53, 0x01, 0x00, 0x00, // ....L...M...S...
	0x3d, 0x00, 0x04, 0x00, 0x07, 0x00, 0x00, 0x00, 0xab, 0x02, 0x00, 0x00, 0xaa, 0x02, 0x00, 0x00, // =...............
	0x41, 0x00, 0x06, 0x00, 0x4f, 0x01, 0x00, 0x00, 0xac, 0x02, 0x00, 0x00, 0x4c, 0x01, 0x00, 0x00, // A...O.......L...
	0x4d, 0x00, 0x00, 0x00, 0x57, 0x01, 0x00, 0x00, 0x3d, 0x00, 0x04, 0x00, 0x07, 0x00, 0x00, 0x00, // M...W...=.......
	0xad, 0x02, 0x00, 0x00, 0xac, 0x02, 0x00, 0x00, 0x41, 0x00, 0x06, 0x00, 0x4f, 0x01, 0x00, 0x00, // ........A...O...
	0xae, 0x02, 0x00, 0x00, 0x4c, 0x01, 0x00, 0x00, 0x4d, 0x00, 0x00, 0x00, 0x5b, 0x01, 0x00, 0x00, // ....L...M...[...
	0x3d, 0x00, 0x04, 0x00, 0x07, 0x00, 0x00, 0x00, 0xaf, 0x02, 0x00, 0x00, 0xae, 0x02, 0x00, 0x00, // =...............
	0x56, 0x00, 0x05, 0x00, 0x51, 0x00, 0x00, 0x00, 0x97, 0x03, 0x00, 0x00, 0x3a, 0x00, 0x00, 0x00, // V...Q.......:...
	0x37, 0x00, 0x00, 0x00, 0x57, 0x00, 0x05, 0x00, 0x0d, 0x00, 0x00, 0x00, 0x99, 0x03, 0x00, 0x00, // 7...W...........
	0x97, 0x03, 0x00, 0x00, 0x61, 0x02, 0x00, 0x00, 0x8e, 0x00, 0x05, 0x00, 0x0d, 0x00, 0x00, 0x00, // ....a...........
	0xb4, 0x02, 0x00, 0x00, 0x99, 0x03, 0x00, 0x00, 0xab, 0x02, 0x00, 0x00, 0xba, 0x00, 0x05, 0x00, // ................
	0x67, 0x00, 0x00, 0x00, 0xb6, 0x02, 0x00, 0x00, 0xa9, 0x02, 0x00, 0x00, 0x92, 0x00, 0x00, 0x00, // g...............
	0xf7, 0x00, 0x03, 0x00, 0x29, 0x03, 0x00, 0x00, 0x00, 0x00, 0x00, 0x00, 0xfa, 0x00, 0x04, 0x00, // ....)...........
	0xb6, 0x02, 0x00, 0x00, 0xb7, 0x02, 0x00, 0x00, 0x29, 0x03, 0x00, 0x00, 0xf8, 0x00, 0x02, 0x00, // ........).......
	0xb7, 0x02, 0x00, 0x00, 0x56, 0x00, 0x05, 0x00, 0x51, 0x00, 0x00, 0x00, 0xa0, 0x03, 0x00, 0x00, // ....V...Q.......
	0x40, 0x00, 0x00, 0x00, 0x3e, 0x00, 0x00, 0x00, 0x57, 0x00, 0x05, 0x00, 0x0d, 0x00, 0x00, 0x00, // @...>...W.......
	0xa2, 0x03, 0x00, 0x00, 0xa0, 0x03, 0x00, 0x00, 0x61, 0x02, 0x00, 0x00, 0xb8, 0x00, 0x05, 0x00, // ........a.......
	0x67, 0x00, 0x00, 0x00, 0xbc, 0x02, 0x00, 0x00, 0xa9, 0x02, 0x00, 0x00, 0x71, 0x01, 0x00, 0x00, // g...........q...
	0xf7, 0x00, 0x03, 0x00, 0x28, 0x03, 0x00, 0x00, 0x00, 0x00, 0x00, 0x00, 0xfa, 0x00, 0x04, 0x00, // ....(...........
	0xbc, 0x02, 0x00, 0x00, 0xbd, 0x02, 0x00, 0x00, 0xc2, 0x02, 0x00, 0x00, 0xf8, 0x00, 0x02, 0x00, // ................
	0xbd, 0x02, 0x00, 0x00, 0x51, 0x00, 0x05, 0x00, 0x07, 0x00, 0x00, 0x00, 0xbf, 0x02, 0x00, 0x00, // ....Q...........
	0xa2, 0x03, 0x00, 0x00, 0x03, 0x00, 0x00, 0x00, 0x8e, 0x00, 0x05, 0x00, 0x0d, 0x00, 0x00, 0x00, // ................
	0xc1, 0x02, 0x00, 0x00, 0xb4, 0x02, 0x00, 0x00, 0xbf, 0x02, 0x00, 0x00, 0xf9, 0x00, 0x02, 0x00, // ................
	0x28, 0x03, 0x00, 0x00, 0xf8, 0x00, 0x02, 0x00, 0xc2, 0x02, 0x00, 0x00, 0xb8, 0x00, 0x05, 0x00, // (...............
	0x67, 0x00, 0x00, 0x00, 0xc4, 0x02, 0x00, 0x00, 0xa9, 0x02, 0x00, 0x00, 0x66, 0x00, 0x00, 0x00, // g...........f...
	0xf7, 0x00, 0x03, 0x00, 0x27, 0x03, 0x00, 0x00, 0x00, 0x00, 0x00, 0x00, 0xfa, 0x00, 0x04, 0x00, // ....'...........
	0xc4, 0x02, 0x00, 0x00, 0xc5, 0x02, 0x00, 0x00, 0xcb, 0x02, 0x00, 0x00, 0xf8, 0x00, 0x02, 0x00, // ................
	0xc5, 0x02, 0x00, 0x00, 0x51, 0x00, 0x05, 0x00, 0x07, 0x00, 0x00, 0x00, 0xc7, 0x02, 0x00, 0x00, // ....Q...........
	0xa2, 0x03, 0x00, 0x00, 0x03, 0x00, 0x00, 0x00, 0x83, 0x00, 0x05, 0x00, 0x07, 0x00, 0x00, 0x00, // ................
	0xc8, 0x02, 0x00, 0x00, 0x82, 0x00, 0x00, 0x00, 0xc7, 0x02, 0x00, 0x00, 0x8e, 0x00, 0x05, 0x00, // ................
	0x0d, 0x00, 0x00, 0x00, 0xca, 0x02, 0x00, 0x00, 0xb4, 0x02, 0x00, 0x00, 0xc8, 0x02, 0x00, 0x00, // ................
	0xf9, 0x00, 0x02, 0x00, 0x27, 0x03, 0x00, 0x00, 0xf8, 0x00, 0x02, 0x00, 0xcb, 0x02, 0x00, 0x00, // ....'...........
	0xb8, 0x00, 0x05, 0x00, 0x67, 0x00, 0x00, 0x00, 0xcd, 0x02, 0x00, 0x00, 0xa9, 0x02, 0x00, 0x00, // ....g...........
	0x8e, 0x00, 0x00, 0x00, 0xf7, 0x00, 0x03, 0x00, 0x26, 0x03, 0x00, 0x00, 0x00, 0x00, 0x00, 0x00, // ........&.......
	0xfa, 0x00, 0x04, 0x00, 0xcd, 0x02, 0x00, 0x00, 0xce, 0x02, 0x00, 0x00, 0xd4, 0x02, 0x00, 0x00, // ................
	0xf8, 0x00, 0x02, 0x00, 0xce, 0x02, 0x00, 0x00, 0x4f, 0x00, 0x08, 0x00, 0x13, 0x00, 0x00, 0x00, // ........O.......
	0xd0, 0x02, 0x00, 0x00, 0xa2, 0x03, 0x00, 0x00, 0xa2, 0x03, 0x00, 0x00, 0x00, 0x00, 0x00, 0x00, // ................
	0x01, 0x00, 0x00, 0x00, 0x02, 0x00, 0x00, 0x00, 0x94, 0x00, 0x05, 0x00, 0x07, 0x00, 0x00, 0x00, // ................
	0xd1, 0x02, 0x00, 0x00, 0xd0, 0x02, 0x00, 0x00, 0x8d, 0x01, 0x00, 0x00, 0x8e, 0x00, 0x05, 0x00, // ................
	0x0d, 0x00, 0x00, 0x00, 0xd3, 0x02, 0x00, 0x00, 0xb4, 0x02, 0x00, 0x00, 0xd1, 0x02, 0x00, 0x00, // ................
	0xf9, 0x00, 0x02, 0x00, 0x26, 0x03, 0x00, 0x00, 0xf8, 0x00, 0x02, 0x00, 0xd4, 0x02, 0x00, 0x00, // ....&...........
	0xb8, 0x00, 0x05, 0x00, 0x67, 0x00, 0x00, 0x00, 0xd6, 0x02, 0x00, 0x00, 0xa9, 0x02, 0x00, 0x00, // ....g...........
	0x93, 0x01, 0x00, 0x00, 0xf7, 0x00, 0x03, 0x00, 0x25, 0x03, 0x00, 0x00, 0x00, 0x00, 0x00, 0x00, // ........%.......
	0xfa, 0x00, 0x04, 0x00, 0xd6, 0x02, 0x00, 0x00, 0xd7, 0x02, 0x00, 0x00, 0xde, 0x02, 0x00, 0x00, // ................
	0xf8, 0x00, 0x02, 0x00, 0xd7, 0x02, 0x00, 0x00, 0x4f, 0x00, 0x08, 0x00, 0x13, 0x00, 0x00, 0x00, // ........O.......
	0xd9, 0x02, 0x00, 0x00, 0xa2, 0x03, 0x00, 0x00, 0xa2, 0x03, 0x00, 0x00, 0x00, 0x00, 0x00, 0x00, // ................
	0x01, 0x00, 0x00, 0x00, 0x02, 0x00, 0x00, 0x00, 0x94, 0x00, 0x05, 0x00, 0x07, 0x00, 0x00, 0x00, // ................
	0xda, 0x02, 0x00, 0x00, 0xd9, 0x02, 0x00, 0x00, 0x8d, 0x01, 0x00, 0x00, 0x83, 0x00, 0x05, 0x00, // ................
	0x07, 0x00, 0x00, 0x00, 0xdb, 0x02, 0x00, 0x00, 0x82, 0x00, 0x00, 0x00, 0xda, 0x02, 0x00, 0x00, // ................
	0x8e, 0x00, 0x05, 0x00, 0x0d, 0x00, 0x00, 0x00, 0xdd, 0x02, 0x00, 0x00, 0xb4, 0x02, 0x00, 0x00, // ................
	0xdb, 0x02, 0x00, 0x00, 0xf9, 0x00, 0x02, 0x00, 0x25, 0x03, 0x00, 0x00, 0xf8, 0x00, 0x02, 0x00, // ........%.......
	0xde, 0x02, 0x00, 0x00, 0xb8, 0x00, 0x05, 0x00, 0x67, 0x00, 0x00, 0x00, 0xe0, 0x02, 0x00, 0x00, // ........g.......
	0xa9, 0x02, 0x00, 0x00, 0x9f, 0x00, 0x00, 0x00, 0xf7, 0x00, 0x03, 0x00, 0x22, 0x03, 0x00, 0x00, // ............"...
	0x00, 0x00, 0x00, 0x00, 0xfa, 0x00, 0x04, 0x00, 0xe0, 0x02, 0x00, 0x00, 0xe1, 0x02, 0x00, 0x00, // ................
	0xeb, 0x02, 0x00, 0x00, 0xf8, 0x00, 0x02, 0x00, 0xe1, 0x02, 0x00, 0x00, 0x51, 0x00, 0x05, 0x00, // ............Q...
	0x07, 0x00, 0x00, 0x00, 0xe3, 0x02, 0x00, 0x00, 0xb4, 0x02, 0x00, 0x00, 0x03, 0x00, 0x00, 0x00, // ................
	0x51, 0x00, 0x05, 0x00, 0x07, 0x00, 0x00, 0x00, 0xe5, 0x02, 0x00, 0x00, 0xa2, 0x03, 0x00, 0x00, // Q...............
	0x03, 0x00, 0x00, 0x00, 0x83, 0x00, 0x05, 0x00, 0x07, 0x00, 0x00, 0x00, 0xe8, 0x02, 0x00, 0x00, // ................
	0x82, 0x00, 0x00, 0x00, 0xe3, 0x02, 0x00, 0x00, 0x85, 0x00, 0x05, 0x00, 0x07, 0x00, 0x00, 0x00, // ................
	0xe9, 0x02, 0x00, 0x00, 0xe5, 0x02, 0x00, 0x00, 0xe8, 0x02, 0x00, 0x00, 0x81, 0x00, 0x05, 0x00, // ................
	0x07, 0x00, 0x00, 0x00, 0xea, 0x02, 0x00, 0x00, 0xe3, 0x02, 0x00, 0x00, 0xe9, 0x02, 0x00, 0x00, // ................
	0xf9, 0x00, 0x02, 0x00, 0x22, 0x03, 0x00, 0x00, 0xf8, 0x00, 0x02, 0x00, 0xeb, 0x02, 0x00, 0x00, // ...."...........
	0xb8, 0x00, 0x05, 0x00, 0x67, 0x00, 0x00, 0x00, 0xed, 0x02, 0x00, 0x00, 0xa9, 0x02, 0x00, 0x00, // ....g...........
	0xb0, 0x00, 0x00, 0x00, 0xf7, 0x00, 0x03, 0x00, 0x21, 0x03, 0x00, 0x00, 0x00, 0x00, 0x00, 0x00, // ........!.......
	0xfa, 0x00, 0x04, 0x00, 0xed, 0x02, 0x00, 0x00, 0xee, 0x02, 0x00, 0x00, 0xf5, 0x02, 0x00, 0x00, // ................
	0xf8, 0x00, 0x02, 0x00, 0xee, 0x02, 0x00, 0x00, 0x51, 0x00, 0x05, 0x00, 0x07, 0x00, 0x00, 0x00, // ........Q.......
	0xf0, 0x02, 0x00, 0x00, 0xb4, 0x02, 0x00, 0x00, 0x03, 0x00, 0x00, 0x00, 0x51, 0x00, 0x05, 0x00, // ............Q...
	0x07, 0x00, 0x00, 0x00, 0xf2, 0x02, 0x00, 0x00, 0xa2, 0x03, 0x00, 0x00, 0x03, 0x00, 0x00, 0x00, // ................
	0x83, 0x00, 0x05, 0x00, 0x07, 0x00, 0x00, 0x00, 0xf3, 0x02, 0x00, 0x00, 0x82, 0x00, 0x00, 0x00, // ................
	0xf2, 0x02, 0x00, 0x00, 0x85, 0x00, 0x05, 0x00, 0x07, 0x00, 0x00, 0x00, 0xf4, 0x02, 0x00, 0x00, // ................
	0xf0, 0x02, 0x00, 0x00, 0xf3, 0x02, 0x00, 0x00, 0xf9, 0x00, 0x02, 0x00, 0x21, 0x03, 0x00, 0x00, // ............!...
	0xf8, 0x00, 0x02, 0x00, 0xf5, 0x02, 0x00, 0x00, 0xb8, 0x00, 0x05, 0x00, 0x67, 0x00, 0x00, 0x00, // ............g...
	0xf7, 0x02, 0x00, 0x00, 0xa9, 0x02, 0x00, 0x00, 0xc2, 0x00, 0x00, 0x00, 0xf7, 0x00, 0x03, 0x00, // ................
	0x20, 0x03, 0x00, 0x00, 0x00, 0x00, 0x00, 0x00, 0xfa, 0x00, 0x04, 0x00, 0xf7, 0x02, 0x00, 0x00, //  ...............
	0xf8, 0x02, 0x00, 0x00, 0xfe, 0x02, 0x00, 0x00, 0xf8, 0x00, 0x02, 0x00, 0xf8, 0x02, 0x00, 0x00, // ................
	0x51, 0x00, 0x05, 0x00, 0x07, 0x00, 0x00, 0x00, 0xfa, 0x02, 0x00, 0x00, 0xb4, 0x02, 0x00, 0x00, // Q...............
	0x03, 0x00, 0x00, 0x00, 0x51, 0x00, 0x05, 0x00, 0x07, 0x00, 0x00, 0x00, 0xfc, 0x02, 0x00, 0x00, // ....Q...........
	0xa2, 0x03, 0x00, 0x00, 0x03, 0x00, 0x00, 0x00, 0x85, 0x00, 0x05, 0x00, 0x07, 0x00, 0x00, 0x00, // ................
	0xfd, 0x02, 0x00, 0x00, 0xfa, 0x02, 0x00, 0x00, 0xfc, 0x02, 0x00, 0x00, 0xf9, 0x00, 0x02, 0x00, // ................
	0x20, 0x03, 0x00, 0x00, 0xf8, 0x00, 0x02, 0x00, 0xfe, 0x02, 0x00, 0x00, 0xb8, 0x00, 0x05, 0x00, //  ...............
	0x67, 0x00, 0x00, 0x00, 0x00, 0x03, 0x00, 0x00, 0xa9, 0x02, 0x00, 0x00, 0xe3, 0x00, 0x00, 0x00, // g...............
	0xf7, 0x00, 0x03, 0x00, 0x1f, 0x03, 0x00, 0x00, 0x00, 0x00, 0x00, 0x00, 0xfa, 0x00, 0x04, 0x00, // ................
	0x00, 0x03, 0x00, 0x00, 0x01, 0x03, 0x00, 0x00, 0x0f, 0x03, 0x00, 0x00, 0xf8, 0x00, 0x02, 0x00, // ................
	0x01, 0x03, 0x00, 0x00, 0x51, 0x00, 0x05, 0x00, 0x07, 0x00, 0x00, 0x00, 0x03, 0x03, 0x00, 0x00, // ....Q...........
	0xb4, 0x02, 0x00, 0x00, 0x03, 0x00, 0x00, 0x00, 0x51, 0x00, 0x05, 0x00, 0x07, 0x00, 0x00, 0x00, // ........Q.......
	0x05, 0x03, 0x00, 0x00, 0xa2, 0x03, 0x00, 0x00, 0x03, 0x00, 0x00, 0x00, 0x83, 0x00, 0x05, 0x00, // ................
	0x07, 0x00, 0x00, 0x00, 0x06, 0x03, 0x00, 0x00, 0x82, 0x00, 0x00, 0x00, 0x05, 0x03, 0x00, 0x00, // ................
	0x85, 0x00, 0x05, 0x00, 0x07, 0x00, 0x00, 0x00, 0x07, 0x03, 0x00, 0x00, 0x03, 0x03, 0x00, 0x00, // ................
	0x06, 0x03, 0x00, 0x00, 0x83, 0x00, 0x05, 0x00, 0x07, 0x00, 0x00, 0x00, 0x0c, 0x03, 0x00, 0x00, // ................
	0x82, 0x00, 0x00, 0x00, 0x03, 0x03, 0x00, 0x00, 0x85, 0x00, 0x05, 0x00, 0x07, 0x00, 0x00, 0x00, // ................
	0x0d, 0x03, 0x00, 0x00, 0x05, 0x03, 0x00, 0x00, 0x0c, 0x03, 0x00, 0x00, 0x81, 0x00, 0x05, 0x00, // ................
	0x07, 0x00, 0x00, 0x00, 0x0e, 0x03, 0x00, 0x00, 0x07, 0x03, 0x00, 0x00, 0x0d, 0x03, 0x00, 0x00, // ................
	0xf9, 0x00, 0x02, 0x00, 0x1f, 0x03, 0x00, 0x00, 0xf8, 0x00, 0x02, 0x00, 0x0f, 0x03, 0x00, 0x00, // ................
	0xb8, 0x00, 0x05, 0x00, 0x67, 0x00, 0x00, 0x00, 0x11, 0x03, 0x00, 0x00, 0xa9, 0x02, 0x00, 0x00, // ....g...........
	0xf3, 0x00, 0x00, 0x00, 0xf7, 0x00, 0x03, 0x00, 0x1e, 0x03, 0x00, 0x00, 0x00, 0x00, 0x00, 0x00, // ................
	0xfa, 0x00, 0x04, 0x00, 0x11, 0x03, 0x00, 0x00, 0x12, 0x03, 0x00, 0x00, 0x18, 0x03, 0x00, 0x00, // ................
	0xf8, 0x00, 0x02, 0x00, 0x12, 0x03, 0x00, 0x00, 0x51, 0x00, 0x05, 0x00, 0x07, 0x00, 0x00, 0x00, // ........Q.......
	0x14, 0x03, 0x00, 0x00, 0xb4, 0x02, 0x00, 0x00, 0x03, 0x00, 0x00, 0x00, 0x51, 0x00, 0x05, 0x00, // ............Q...
	0x07, 0x00, 0x00, 0x00, 0x16, 0x03, 0x00, 0x00, 0xa2, 0x03, 0x00, 0x00, 0x03, 0x00, 0x00, 0x00, // ................
	0x0c, 0x00, 0x07, 0x00, 0x07, 0x00, 0x00, 0x00, 0x17, 0x03, 0x00, 0x00, 0x01, 0x00, 0x00, 0x00, // ................
	0x28, 0x00, 0x00, 0x00, 0x14, 0x03, 0x00, 0x00, 0x16, 0x03, 0x00, 0x00, 0xf9, 0x00, 0x02, 0x00, // (...............
	0x1e, 0x03, 0x00, 0x00, 0xf8, 0x00, 0x02, 0x00, 0x18, 0x03, 0x00, 0x00, 0x51, 0x00, 0x05, 0x00, // ............Q...
	0x07, 0x00, 0x00, 0x00, 0x1a, 0x03, 0x00, 0x00, 0xb4, 0x02, 0x00, 0x00, 0x03, 0x00, 0x00, 0x00, // ................
	0x51, 0x00, 0x05, 0x00, 0x07, 0x00, 0x00, 0x00, 0x1c, 0x03, 0x00, 0x00, 0xa2, 0x03, 0x00, 0x00, // Q...............
	0x03, 0x00, 0x00, 0x00, 0x0c, 0x00, 0x07, 0x00, 0x07, 0x00, 0x00, 0x00, 0x1d, 0x03, 0x00, 0x00, // ................
	0x01, 0x00, 0x00, 0x00, 0x25, 0x00, 0x00, 0x00, 0x1a, 0x03, 0x00, 0x00, 0x1c, 0x03, 0x00, 0x00, // ....%...........
	0xf9, 0x00, 0x02, 0x00, 0x1e, 0x03, 0x00, 0x00, 0xf8, 0x00, 0x02, 0x00, 0x1e, 0x03, 0x00, 0x00, // ................
	0xf5, 0x00, 0x07, 0x00, 0x07, 0x00, 0x00, 0x00, 0xea, 0x04, 0x00, 0x00, 0x17, 0x03, 0x00, 0x00, // ................
	0x12, 0x03, 0x00, 0x00, 0x1d, 0x03, 0x00, 0x00, 0x18, 0x03, 0x00, 0x00, 0xf9, 0x00, 0x02, 0x00, // ................
	0x1f, 0x03, 0x00, 0x00, 0xf8, 0x00, 0x02, 0x00, 0x1f, 0x03, 0x00, 0x00, 0xf5, 0x00, 0x07, 0x00, // ................
	0x07, 0x00, 0x00, 0x00, 0xe9, 0x04, 0x00, 0x00, 0x0e, 0x03, 0x00, 0x00, 0x01, 0x03, 0x00, 0x00, // ................
	0xea, 0x04, 0x00, 0x00, 0x1e, 0x03, 0x00, 0x00, 0xf9, 0x00, 0x02, 0x00, 0x20, 0x03, 0x00, 0x00, // ............ ...
	0xf8, 0x00, 0x02, 0x00, 0x20, 0x03, 0x00, 0x00, 0xf5, 0x00, 0x07, 0x00, 0x07, 0x00, 0x00, 0x00, // .... ...........
	0xe8, 0x04, 0x00, 0x00, 0xfd, 0x02, 0x00, 0x00, 0xf8, 0x02, 0x00, 0x00, 0xe9, 0x04, 0x00, 0x00, // ................
	0x1f, 0x03, 0x00, 0x00, 0xf9, 0x00, 0x02, 0x00, 0x21, 0x03, 0x00, 0x00, 0xf8, 0x00, 0x02, 0x00, // ........!.......
	0x21, 0x03, 0x00, 0x00, 0xf5, 0x00, 0x07, 0x00, 0x07, 0x00, 0x00, 0x00, 0xe7, 0x04, 0x00, 0x00, // !...............
	0xf4, 0x02, 0x00, 0x00, 0xee, 0x02, 0x00, 0x00, 0xe8, 0x04, 0x00, 0x00, 0x20, 0x03, 0x00, 0x00, // ............ ...
	0xf9, 0x00, 0x02, 0x00, 0x22, 0x03, 0x00, 0x00, 0xf8, 0x00, 0x02, 0x00, 0x22, 0x03, 0x00, 0x00, // ...."......."...
	0xf5, 0x00, 0x07, 0x00, 0x07, 0x00, 0x00, 0x00, 0xe6, 0x04, 0x00, 0x00, 0xea, 0x02, 0x00, 0x00, // ................
	0xe1, 0x02, 0x00, 0x00, 0xe7, 0x04, 0x00, 0x00, 0x21, 0x03, 0x00, 0x00, 0x52, 0x00, 0x06, 0x00, // ........!...R...
	0x0d, 0x00, 0x00, 0x00, 0xcc, 0x04, 0x00, 0x00, 0xe6, 0x04, 0x00, 0x00, 0xb4, 0x02, 0x00, 0x00, // ................
	0x03, 0x00, 0x00, 0x00, 0xf9, 0x00, 0x02, 0x00, 0x25, 0x03, 0x00, 0x00, 0xf8, 0x00, 0x02, 0x00, // ........%.......
	0x25, 0x03, 0x00, 0x00, 0xf5, 0x00, 0x07, 0x00, 0x0d, 0x00, 0x00, 0x00, 0xf4, 0x04, 0x00, 0x00, // %...............
	0xdd, 0x02, 0x00, 0x00, 0xd7, 0x02, 0x00, 0x00, 0xcc, 0x04, 0x00, 0x00, 0x22, 0x03, 0x00, 0x00, // ............"...
	0xf9, 0x00, 0x02, 0x00, 0x26, 0x03, 0x00, 0x00, 0xf8, 0x00, 0x02, 0x00, 0x26, 0x03, 0x00, 0x00, // ....&.......&...
	0xf5, 0x00, 0x07, 0x00, 0x0d, 0x00, 0x00, 0x00, 0xf3, 0x04, 0x00, 0x00, 0xd3, 0x02, 0x00, 0x00, // ................
	0xce, 0x02, 0x00, 0x00, 0xf4, 0x04, 0x00, 0x00, 0x25, 0x03, 0x00, 0x00, 0xf9, 0x00, 0x02, 0x00, // ........%.......
	0x27, 0x03, 0x00, 0x00, 0xf8, 0x00, 0x02, 0x00, 0x27, 0x03, 0x00, 0x00, 0xf5, 0x00, 0x07, 0x00, // '.......'.......
	0x0d, 0x00, 0x00, 0x00, 0xf2, 0x04, 0x00, 0x00, 0xca, 0x02, 0x00, 0x00, 0xc5, 0x02, 0x00, 0x00, // ................
	0xf3, 0x04, 0x00, 0x00, 0x26, 0x03, 0x00, 0x00, 0xf9, 0x00, 0x02, 0x00, 0x28, 0x03, 0x00, 0x00, // ....&.......(...
	0xf8, 0x00, 0x02, 0x00, 0x28, 0x03, 0x00, 0x00, 0xf5, 0x00, 0x07, 0x00, 0x0d, 0x00, 0x00, 0x00, // ....(...........
	0xf1, 0x04, 0x00, 0x00, 0xc1, 0x02, 0x00, 0x00, 0xbd, 0x02, 0x00, 0x00, 0xf2, 0x04, 0x00, 0x00, // ................
	0x27, 0x03, 0x00, 0x00, 0xf9, 0x00, 0x02, 0x00, 0x29, 0x03, 0x00, 0x00, 0xf8, 0x00, 0x02, 0x00, // '.......).......
	0x29, 0x03, 0x00, 0x00, 0xf5, 0x00, 0x07, 0x00, 0x0d, 0x00, 0x00, 0x00, 0xf0, 0x04, 0x00, 0x00, // )...............
	0xb4, 0x02, 0x00, 0x00, 0xa6, 0x02, 0x00, 0x00, 0xf1, 0x04, 0x00, 0x00, 0x28, 0x03, 0x00, 0x00, // ............(...
	0xbe, 0x00, 0x05, 0x00, 0x67, 0x00, 0x00, 0x00, 0x2b, 0x03, 0x00, 0x00, 0xa9, 0x02, 0x00, 0x00, // ....g...+.......
	0xa4, 0x00, 0x00, 0x00, 0xba, 0x00, 0x05, 0x00, 0x67, 0x00, 0x00, 0x00, 0x2d, 0x03, 0x00, 0x00, // ........g...-...
	0xad, 0x02, 0x00, 0x00, 0x92, 0x00, 0x00, 0x00, 0xa6, 0x00, 0x05, 0x00, 0x67, 0x00, 0x00, 0x00, // ............g...
	0x2e, 0x03, 0x00, 0x00, 0x2b, 0x03, 0x00, 0x00, 0x2d, 0x03, 0x00, 0x00, 0xa8, 0x00, 0x04, 0x00, // ....+...-.......
	0x67, 0x00, 0x00, 0x00, 0x30, 0x03, 0x00, 0x00, 0x2e, 0x03, 0x00, 0x00, 0xf7, 0x00, 0x03, 0x00, // g...0...........
	0x44, 0x03, 0x00, 0x00, 0x00, 0x00, 0x00, 0x00, 0xfa, 0x00, 0x04, 0x00, 0x30, 0x03, 0x00, 0x00, // D...........0...
	0x31, 0x03, 0x00, 0x00, 0x44, 0x03, 0x00, 0x00, 0xf8, 0x00, 0x02, 0x00, 0x31, 0x03, 0x00, 0x00, // 1...D.......1...
	0xba, 0x00, 0x05, 0x00, 0x67, 0x00, 0x00, 0x00, 0x33, 0x03, 0x00, 0x00, 0xaf, 0x02, 0x00, 0x00, // ....g...3.......
	0x92, 0x00, 0x00, 0x00, 0xf7, 0x00, 0x03, 0x00, 0x42, 0x03, 0x00, 0x00, 0x00, 0x00, 0x00, 0x00, // ........B.......
	0xfa, 0x00, 0x04, 0x00, 0x33, 0x03, 0x00, 0x00, 0x34, 0x03, 0x00, 0x00, 0x42, 0x03, 0x00, 0x00, // ....3...4...B...
	0xf8, 0x00, 0x02, 0x00, 0x34, 0x03, 0x00, 0x00, 0x4f, 0x00, 0x08, 0x00, 0x13, 0x00, 0x00, 0x00, // ....4...O.......
	0x36, 0x03, 0x00, 0x00, 0xf0, 0x04, 0x00, 0x00, 0xf0, 0x04, 0x00, 0x00, 0x00, 0x00, 0x00, 0x00, // 6...............
	0x01, 0x00, 0x00, 0x00, 0x02, 0x00, 0x00, 0x00, 0x51, 0x00, 0x05, 0x00, 0x07, 0x00, 0x00, 0x00, // ........Q.......
	0x38, 0x03, 0x00, 0x00, 0xf0, 0x04, 0x00, 0x00, 0x03, 0x00, 0x00, 0x00, 0x0c, 0x00, 0x07, 0x00, // 8...............
	0x07, 0x00, 0x00, 0x00, 0x39, 0x03, 0x00, 0x00, 0x01, 0x00, 0x00, 0x00, 0x28, 0x00, 0x00, 0x00, // ....9.......(...
	0x38, 0x03, 0x00, 0x00, 0xb7, 0x00, 0x00, 0x00, 0x50, 0x00, 0x06, 0x00, 0x13, 0x00, 0x00, 0x00, // 8.......P.......
	0x3a, 0x03, 0x00, 0x00, 0x39, 0x03, 0x00, 0x00, 0x39, 0x03, 0x00, 0x00, 0x39, 0x03, 0x00, 0x00, // :...9...9...9...
	0x88, 0x00, 0x05, 0x00, 0x13, 0x00, 0x00, 0x00, 0x3b, 0x03, 0x00, 0x00, 0x36, 0x03, 0x00, 0x00, // ........;...6...
	0x3a, 0x03, 0x00, 0x00, 0x51, 0x00, 0x05, 0x00, 0x07, 0x00, 0x00, 0x00, 0x3d, 0x03, 0x00, 0x00, // :...Q.......=...
	0x3b, 0x03, 0x00, 0x00, 0x00, 0x00, 0x00, 0x00, 0x52, 0x00, 0x06, 0x00, 0x0d, 0x00, 0x00, 0x00, // ;.......R.......
	0xcf, 0x04, 0x00, 0x00, 0x3d, 0x03, 0x00, 0x00, 0xf0, 0x04, 0x00, 0x00, 0x00, 0x00, 0x00, 0x00, // ....=...........
	0x51, 0x00, 0x05, 0x00, 0x07, 0x00, 0x00, 0x00, 0x3f, 0x03, 0x00, 0x00, 0x3b, 0x03, 0x00, 0x00, // Q.......?...;...
	0x01, 0x00, 0x00, 0x00, 0x52, 0x00, 0x06, 0x00, 0x0d, 0x00, 0x00, 0x00, 0xd1, 0x04, 0x00, 0x00, // ....R...........
	0x3f, 0x03, 0x00, 0x00, 0xcf, 0x04, 0x00, 0x00, 0x01, 0x00, 0x00, 0x00, 0x51, 0x00, 0x05, 0x00, // ?...........Q...
	0x07, 0x00, 0x00, 0x00, 0x41, 0x03, 0x00, 0x00, 0x3b, 0x03, 0x00, 0x00, 0x02, 0x00, 0x00, 0x00, // ....A...;.......
	0x52, 0x00, 0x06, 0x00, 0x0d, 0x00, 0x00, 0x00, 0xd3, 0x04, 0x00, 0x00, 0x41, 0x03, 0x00, 0x00, // R...........A...
	0xd1, 0x04, 0x00, 0x00, 0x02, 0x00, 0x00, 0x00, 0xf9, 0x00, 0x02, 0x00, 0x42, 0x03, 0x00, 0x00, // ............B...
	0xf8, 0x00, 0x02, 0x00, 0x42, 0x03, 0x00, 0x00, 0xf5, 0x00, 0x07, 0x00, 0x0d, 0x00, 0x00, 0x00, // ....B...........
	0xf7, 0x04, 0x00, 0x00, 0xf0, 0x04, 0x00, 0x00, 0x31, 0x03, 0x00, 0x00, 0xd3, 0x04, 0x00, 0x00, // ........1.......
	0x34, 0x03, 0x00, 0x00, 0xf9, 0x00, 0x02, 0x00, 0x8c, 0x03, 0x00, 0x00, 0xf8, 0x00, 0x02, 0x00, // 4...............
	0x44, 0x03, 0x00, 0x00, 0x56, 0x00, 0x05, 0x00, 0x51, 0x00, 0x00, 0x00, 0xa9, 0x03, 0x00, 0x00, // D...V...Q.......
	0x46, 0x00, 0x00, 0x00, 0x44, 0x00, 0x00, 0x00, 0x57, 0x00, 0x05, 0x00, 0x0d, 0x00, 0x00, 0x00, // F...D...W.......
	0xab, 0x03, 0x00, 0x00, 0xa9, 0x03, 0x00, 0x00, 0x61, 0x02, 0x00, 0x00, 0xb8, 0x00, 0x05, 0x00, // ........a.......
	0x67, 0x00, 0x00, 0x00, 0x49, 0x03, 0x00, 0x00, 0xad, 0x02, 0x00, 0x00, 0x92, 0x00, 0x00, 0x00, // g...I...........
	0xf7, 0x00, 0x03, 0x00, 0x61, 0x03, 0x00, 0x00, 0x00, 0x00, 0x00, 0x00, 0xfa, 0x00, 0x04, 0x00, // ....a...........
	0x49, 0x03, 0x00, 0x00, 0x4a, 0x03, 0x00, 0x00, 0x61, 0x03, 0x00, 0x00, 0xf8, 0x00, 0x02, 0x00, // I...J...a.......
	0x4a, 0x03, 0x00, 0x00, 0x4f, 0x00, 0x08, 0x00, 0x13, 0x00, 0x00, 0x00, 0x4c, 0x03, 0x00, 0x00, // J...O.......L...
	0xf0, 0x04, 0x00, 0x00, 0xf0, 0x04, 0x00, 0x00, 0x00, 0x00, 0x00, 0x00, 0x01, 0x00, 0x00, 0x00, // ................
	0x02, 0x00, 0x00, 0x00, 0x4f, 0x00, 0x08, 0x00, 0x13, 0x00, 0x00, 0x00, 0x4e, 0x03, 0x00, 0x00, // ....O.......N...
	0xab, 0x03, 0x00, 0x00, 0xab, 0x03, 0x00, 0x00, 0x00, 0x00, 0x00, 0x00, 0x01, 0x00, 0x00, 0x00, // ................
	0x02, 0x00, 0x00, 0x00, 0x51, 0x00, 0x05, 0x00, 0x07, 0x00, 0x00, 0x00, 0x50, 0x03, 0x00, 0x00, // ....Q.......P...
	0xf0, 0x04, 0x00, 0x00, 0x03, 0x00, 0x00, 0x00, 0x83, 0x00, 0x05, 0x00, 0x07, 0x00, 0x00, 0x00, // ................
	0x51, 0x03, 0x00, 0x00, 0x82, 0x00, 0x00, 0x00, 0x50, 0x03, 0x00, 0x00, 0x8e, 0x00, 0x05, 0x00, // Q.......P.......
	0x13, 0x00, 0x00, 0x00, 0x52, 0x03, 0x00, 0x00, 0x4e, 0x03, 0x00, 0x00, 0x51, 0x03, 0x00, 0x00, // ....R...N...Q...
	0x81, 0x00, 0x05, 0x00, 0x13, 0x00, 0x00, 0x00, 0x53, 0x03, 0x00, 0x00, 0x4c, 0x03, 0x00, 0x00, // ........S...L...
	0x52, 0x03, 0x00, 0x00, 0x51, 0x00, 0x05, 0x00, 0x07, 0x00, 0x00, 0x00, 0x57, 0x03, 0x00, 0x00, // R...Q.......W...
	0xab, 0x03, 0x00, 0x00, 0x03, 0x00, 0x00, 0x00, 0x85, 0x00, 0x05, 0x00, 0x07, 0x00, 0x00, 0x00, // ................
	0x5b, 0x03, 0x00, 0x00, 0x57, 0x03, 0x00, 0x00, 0x51, 0x03, 0x00, 0x00, 0x81, 0x00, 0x05, 0x00, // [...W...Q.......
	0x07, 0x00, 0x00, 0x00, 0x5c, 0x03, 0x00, 0x00, 0x50, 0x03, 0x00, 0x00, 0x5b, 0x03, 0x00, 0x00, // ........P...[...
	0x51, 0x00, 0x05, 0x00, 0x07, 0x00, 0x00, 0x00, 0x5d, 0x03, 0x00, 0x00, 0x53, 0x03, 0x00, 0x00, // Q.......]...S...
	0x00, 0x00, 0x00, 0x00, 0x51, 0x00, 0x05, 0x00, 0x07, 0x00, 0x00, 0x00, 0x5e, 0x03, 0x00, 0x00, // ....Q.......^...
	0x53, 0x03, 0x00, 0x00, 0x01, 0x00, 0x00, 0x00, 0x51, 0x00, 0x05, 0x00, 0x07, 0x00, 0x00, 0x00, // S.......Q.......
	0x5f, 0x03, 0x00, 0x00, 0x53, 0x03, 0x00, 0x00, 0x02, 0x00, 0x00, 0x00, 0x50, 0x00, 0x07, 0x00, // _...S.......P...
	0x0d, 0x00, 0x00, 0x00, 0x60, 0x03, 0x00, 0x00, 0x5d, 0x03, 0x00, 0x00, 0x5e, 0x03, 0x00, 0x00, // ....`...]...^...
	0x5f, 0x03, 0x00, 0x00, 0x5c, 0x03, 0x00, 0x00, 0xf9, 0x00, 0x02, 0x00, 0x8c, 0x03, 0x00, 0x00, // _...............
	0xf8, 0x00, 0x02, 0x00, 0x61, 0x03, 0x00, 0x00, 0x4f, 0x00, 0x08, 0x00, 0x13, 0x00, 0x00, 0x00, // ....a...O.......
	0x63, 0x03, 0x00, 0x00, 0xf0, 0x04, 0x00, 0x00, 0xf0, 0x04, 0x00, 0x00, 0x00, 0x00, 0x00, 0x00, // c...............
	0x01, 0x00, 0x00, 0x00, 0x02, 0x00, 0x00, 0x00, 0x51, 0x00, 0x05, 0x00, 0x07, 0x00, 0x00, 0x00, // ........Q.......
	0x65, 0x03, 0x00, 0x00, 0xf0, 0x04, 0x00, 0x00, 0x03, 0x00, 0x00, 0x00, 0x0c, 0x00, 0x07, 0x00, // e...............
	0x07, 0x00, 0x00, 0x00, 0x66, 0x03, 0x00, 0x00, 0x01, 0x00, 0x00, 0x00, 0x28, 0x00, 0x00, 0x00, // ....f.......(...
	0x65, 0x03, 0x00, 0x00, 0xb7, 0x00, 0x00, 0x00, 0x50, 0x00, 0x06, 0x00, 0x13, 0x00, 0x00, 0x00, // e.......P.......
	0x67, 0x03, 0x00, 0x00, 0x66, 0x03, 0x00, 0x00, 0x66, 0x03, 0x00, 0x00, 0x66, 0x03, 0x00, 0x00, // g...f...f...f...
	0x88, 0x00, 0x05, 0x00, 0x13, 0x00, 0x00, 0x00, 0x68, 0x03, 0x00, 0x00, 0x63, 0x03, 0x00, 0x00, // ........h...c...
	0x67, 0x03, 0x00, 0x00, 0x4f, 0x00, 0x08, 0x00, 0x13, 0x00, 0x00, 0x00, 0x6a, 0x03, 0x00, 0x00, // g...O.......j...
	0xab, 0x03, 0x00, 0x00, 0xab, 0x03, 0x00, 0x00, 0x00, 0x00, 0x00, 0x00, 0x01, 0x00, 0x00, 0x00, // ................
	0x02, 0x00, 0x00, 0x00, 0x51, 0x00, 0x05, 0x00, 0x07, 0x00, 0x00, 0x00, 0x6c, 0x03, 0x00, 0x00, // ....Q.......l...
	0xab, 0x03, 0x00, 0x00, 0x03, 0x00, 0x00, 0x00, 0x0c, 0x00, 0x07, 0x00, 0x07, 0x00, 0x00, 0x00, // ................
	0x6d, 0x03, 0x00, 0x00, 0x01, 0x00, 0x00, 0x00, 0x28, 0x00, 0x00, 0x00, 0x6c, 0x03, 0x00, 0x00, // m.......(...l...
	0xb7, 0x00, 0x00, 0x00, 0x50, 0x00, 0x06, 0x00, 0x13, 0x00, 0x00, 0x00, 0x6e, 0x03, 0x00, 0x00, // ....P.......n...
	0x6d, 0x03, 0x00, 0x00, 0x6d, 0x03, 0x00, 0x00, 0x6d, 0x03, 0x00, 0x00, 0x88, 0x00, 0x05, 0x00, // m...m...m.......
	0x13, 0x00, 0x00, 0x00, 0x6f, 0x03, 0x00, 0x00, 0x6a, 0x03, 0x00, 0x00, 0x6e, 0x03, 0x00, 0x00, // ....o...j...n...
	0xf7, 0x00, 0x03, 0x00, 0x74, 0x04, 0x00, 0x00, 0x00, 0x00, 0x00, 0x00, 0xfb, 0x00, 0x03, 0x00, // ....t...........
	0x4e, 0x01, 0x00, 0x00, 0xc7, 0x03, 0x00, 0x00, 0xf8, 0x00, 0x02, 0x00, 0xc7, 0x03, 0x00, 0x00, // N...............
	0xb8, 0x00, 0x05, 0x00, 0x67, 0x00, 0x00, 0x00, 0xc9, 0x03, 0x00, 0x00, 0xad, 0x02, 0x00, 0x00, // ....g...........
	0x66, 0x00, 0x00, 0x00, 0xf7, 0x00, 0x03, 0x00, 0xd9, 0x03, 0x00, 0x00, 0x00, 0x00, 0x00, 0x00, // f...............
	0xfa, 0x00, 0x04, 0x00, 0xc9, 0x03, 0x00, 0x00, 0xca, 0x03, 0x00, 0x00, 0xd9, 0x03, 0x00, 0x00, // ................
	0xf8, 0x00, 0x02, 0x00, 0xca, 0x03, 0x00, 0x00, 0xb8, 0x00, 0x05, 0x00, 0x67, 0x00, 0x00, 0x00, // ............g...
	0xcc, 0x03, 0x00, 0x00, 0xad, 0x02, 0x00, 0x00, 0x6c, 0x00, 0x00, 0x00, 0x85, 0x00, 0x05, 0x00, // ........l.......
	0x13, 0x00, 0x00, 0x00, 0xcf, 0x03, 0x00, 0x00, 0x68, 0x03, 0x00, 0x00, 0x6f, 0x03, 0x00, 0x00, // ........h...o...
	0x81, 0x00, 0x05, 0x00, 0x13, 0x00, 0x00, 0x00, 0xd2, 0x03, 0x00, 0x00, 0x68, 0x03, 0x00, 0x00, // ............h...
	0x6f, 0x03, 0x00, 0x00, 0x83, 0x00, 0x05, 0x00, 0x13, 0x00, 0x00, 0x00, 0xd6, 0x03, 0x00, 0x00, // o...............
	0xd2, 0x03, 0x00, 0x00, 0xcf, 0x03, 0x00, 0x00, 0x50, 0x00, 0x06, 0x00, 0x78, 0x00, 0x00, 0x00, // ........P...x...
	0xd7, 0x03, 0x00, 0x00, 0xcc, 0x03, 0x00, 0x00, 0xcc, 0x03, 0x00, 0x00, 0xcc, 0x03, 0x00, 0x00, // ................
	0xa9, 0x00, 0x06, 0x00, 0x13, 0x00, 0x00, 0x00, 0xd8, 0x03, 0x00, 0x00, 0xd7, 0x03, 0x00, 0x00, // ................
	0xcf, 0x03, 0x00, 0x00, 0xd6, 0x03, 0x00, 0x00, 0xf9, 0x00, 0x02, 0x00, 0x74, 0x04, 0x00, 0x00, // ............t...
	0xf8, 0x00, 0x02, 0x00, 0xd9, 0x03, 0x00, 0x00, 0x8e, 0x00, 0x05, 0x00, 0x13, 0x00, 0x00, 0x00, // ................
	0xdb, 0x03, 0x00, 0x00, 0x68, 0x03, 0x00, 0x00, 0x6c, 0x00, 0x00, 0x00, 0x85, 0x00, 0x05, 0x00, // ....h...l.......
	0x13, 0x00, 0x00, 0x00, 0xdd, 0x03, 0x00, 0x00, 0xdb, 0x03, 0x00, 0x00, 0x6f, 0x03, 0x00, 0x00, // ............o...
	0x83, 0x00, 0x05, 0x00, 0x13, 0x00, 0x00, 0x00, 0xe0, 0x03, 0x00, 0x00, 0xe0, 0x04, 0x00, 0x00, // ................
	0x68, 0x03, 0x00, 0x00, 0x8e, 0x00, 0x05, 0x00, 0x13, 0x00, 0x00, 0x00, 0xe1, 0x03, 0x00, 0x00, // h...............
	0xe0, 0x03, 0x00, 0x00, 0x6c, 0x00, 0x00, 0x00, 0x83, 0x00, 0x05, 0x00, 0x13, 0x00, 0x00, 0x00, // ....l...........
	0xe4, 0x03, 0x00, 0x00, 0xe0, 0x04, 0x00, 0x00, 0x6f, 0x03, 0x00, 0x00, 0x85, 0x00, 0x05, 0x00, // ........o.......
	0x13, 0x00, 0x00, 0x00, 0xe5, 0x03, 0x00, 0x00, 0xe1, 0x03, 0x00, 0x00, 0xe4, 0x03, 0x00, 0x00, // ................
	0x83, 0x00, 0x05, 0x00, 0x13, 0x00, 0x00, 0x00, 0xe7, 0x03, 0x00, 0x00, 0xe0, 0x04, 0x00, 0x00, // ................
	0xe5, 0x03, 0x00, 0x00, 0xb8, 0x00, 0x05, 0x00, 0x67, 0x00, 0x00, 0x00, 0xe9, 0x03, 0x00, 0x00, // ........g.......
	0xad, 0x02, 0x00, 0x00, 0x8e, 0x00, 0x00, 0x00, 0xf7, 0x00, 0x03, 0x00, 0xf1, 0x03, 0x00, 0x00, // ................
	0x00, 0x00, 0x00, 0x00, 0xfa, 0x00, 0x04, 0x00, 0xe9, 0x03, 0x00, 0x00, 0xea, 0x03, 0x00, 0x00, // ................
	0xf1, 0x03, 0x00, 0x00, 0xf8, 0x00, 0x02, 0x00, 0xea, 0x03, 0x00, 0x00, 0x0c, 0x00, 0x07, 0x00, // ................
	0x13, 0x00, 0x00, 0x00, 0xed, 0x03, 0x00, 0x00, 0x01, 0x00, 0x00, 0x00, 0x30, 0x00, 0x00, 0x00, // ............0...
	0xe4, 0x04, 0x00, 0x00, 0x6f, 0x03, 0x00, 0x00, 0x0c, 0x00, 0x08, 0x00, 0x13, 0x00, 0x00, 0x00, // ....o...........
	0x7f, 0x04, 0x00, 0x00, 0x01, 0x00, 0x00, 0x00, 0x2e, 0x00, 0x00, 0x00, 0xdd, 0x03, 0x00, 0x00, // ................
	0xe7, 0x03, 0x00, 0x00, 0xed, 0x03, 0x00, 0x00, 0xf9, 0x00, 0x02, 0x00, 0x74, 0x04, 0x00, 0x00, // ............t...
	0xf8, 0x00, 0x02, 0x00, 0xf1, 0x03, 0x00, 0x00, 0xb8, 0x00, 0x05, 0x00, 0x67, 0x00, 0x00, 0x00, // ............g...
	0xf3, 0x03, 0x00, 0x00, 0xad, 0x02, 0x00, 0x00, 0x9f, 0x00, 0x00, 0x00, 0xf7, 0x00, 0x03, 0x00, // ................
	0xff, 0x03, 0x00, 0x00, 0x00, 0x00, 0x00, 0x00, 0xfa, 0x00, 0x04, 0x00, 0xf3, 0x03, 0x00, 0x00, // ................
	0xf4, 0x03, 0x00, 0x00, 0xff, 0x03, 0x00, 0x00, 0xf8, 0x00, 0x02, 0x00, 0xf4, 0x03, 0x00, 0x00, // ................
	0xb8, 0x00, 0x05, 0x00, 0x67, 0x00, 0x00, 0x00, 0xf6, 0x03, 0x00, 0x00, 0xad, 0x02, 0x00, 0x00, // ....g...........
	0xa4, 0x00, 0x00, 0x00, 0x0c, 0x00, 0x07, 0x00, 0x13, 0x00, 0x00, 0x00, 0xf9, 0x03, 0x00, 0x00, // ................
	0x01, 0x00, 0x00, 0x00, 0x25, 0x00, 0x00, 0x00, 0x68, 0x03, 0x00, 0x00, 0x6f, 0x03, 0x00, 0x00, // ....%...h...o...
	0x0c, 0x00, 0x07, 0x00, 0x13, 0x00, 0x00, 0x00, 0xfc, 0x03, 0x00, 0x00, 0x01, 0x00, 0x00, 0x00, // ................
	0x28, 0x00, 0x00, 0x00, 0x68, 0x03, 0x00, 0x00, 0x6f, 0x03, 0x00, 0x00, 0x50, 0x00, 0x06, 0x00, // (...h...o...P...
	0x78, 0x00, 0x00, 0x00, 0xfd, 0x03, 0x00, 0x00, 0xf6, 0x03, 0x00, 0x00, 0xf6, 0x03, 0x00, 0x00, // x...............
	0xf6, 0x03, 0x00, 0x00, 0xa9, 0x00, 0x06, 0x00, 0x13, 0x00, 0x00, 0x00, 0xfe, 0x03, 0x00, 0x00, // ................
	0xfd, 0x03, 0x00, 0x00, 0xf9, 0x03, 0x00, 0x00, 0xfc, 0x03, 0x00, 0x00, 0xf9, 0x00, 0x02, 0x00, // ................
	0x74, 0x04, 0x00, 0x00, 0xf8, 0x00, 0x02, 0x00, 0xff, 0x03, 0x00, 0x00, 0xb8, 0x00, 0x05, 0x00, // t...............
	0x67, 0x00, 0x00, 0x00, 0x01, 0x04, 0x00, 0x00, 0xad, 0x02, 0x00, 0x00, 0xb0, 0x00, 0x00, 0x00, // g...............
	0xf7, 0x00, 0x03, 0x00, 0x0c, 0x04, 0x00, 0x00, 0x00, 0x00, 0x00, 0x00, 0xfa, 0x00, 0x04, 0x00, // ................
	0x01, 0x04, 0x00, 0x00, 0x02, 0x04, 0x00, 0x00, 0x0c, 0x04, 0x00, 0x00, 0xf8, 0x00, 0x02, 0x00, // ................
	0x02, 0x04, 0x00, 0x00, 0x0c, 0x00, 0x07, 0x00, 0x13, 0x00, 0x00, 0x00, 0x09, 0x04, 0x00, 0x00, // ................
	0x01, 0x00, 0x00, 0x00, 0x28, 0x00, 0x00, 0x00, 0xe5, 0x04, 0x00, 0x00, 0xe0, 0x03, 0x00, 0x00, // ....(...........
	0x88, 0x00, 0x05, 0x00, 0x13, 0x00, 0x00, 0x00, 0x0a, 0x04, 0x00, 0x00, 0x6f, 0x03, 0x00, 0x00, // ............o...
	0x09, 0x04, 0x00, 0x00, 0x0c, 0x00, 0x07, 0x00, 0x13, 0x00, 0x00, 0x00, 0x0b, 0x04, 0x00, 0x00, // ................
	0x01, 0x00, 0x00, 0x00, 0x25, 0x00, 0x00, 0x00, 0xe0, 0x04, 0x00, 0x00, 0x0a, 0x04, 0x00, 0x00, // ....%...........
	0xf9, 0x00, 0x02, 0x00, 0x74, 0x04, 0x00, 0x00, 0xf8, 0x00, 0x02, 0x00, 0x0c, 0x04, 0x00, 0x00, // ....t...........
	0xb8, 0x00, 0x05, 0x00, 0x67, 0x00, 0x00, 0x00, 0x0e, 0x04, 0x00, 0x00, 0xad, 0x02, 0x00, 0x00, // ....g...........
	0xc2, 0x00, 0x00, 0x00, 0xf7, 0x00, 0x03, 0x00, 0x1b, 0x04, 0x00, 0x00, 0x00, 0x00, 0x00, 0x00, // ................
	0xfa, 0x00, 0x04, 0x00, 0x0e, 0x04, 0x00, 0x00, 0x0f, 0x04, 0x00, 0x00, 0x1b, 0x04, 0x00, 0x00, // ................
	0xf8, 0x00, 0x02, 0x00, 0x0f, 0x04, 0x00, 0x00, 0x0c, 0x00, 0x07, 0x00, 0x13, 0x00, 0x00, 0x00, // ................
	0x16, 0x04, 0x00, 0x00, 0x01, 0x00, 0x00, 0x00, 0x28, 0x00, 0x00, 0x00, 0xe5, 0x04, 0x00, 0x00, // ........(.......
	0x68, 0x03, 0x00, 0x00, 0x88, 0x00, 0x05, 0x00, 0x13, 0x00, 0x00, 0x00, 0x17, 0x04, 0x00, 0x00, // h...............
	0xe4, 0x03, 0x00, 0x00, 0x16, 0x04, 0x00, 0x00, 0x0c, 0x00, 0x07, 0x00, 0x13, 0x00, 0x00, 0x00, // ................
	0x18, 0x04, 0x00, 0x00, 0x01, 0x00, 0x00, 0x00, 0x25, 0x00, 0x00, 0x00, 0xe0, 0x04, 0x00, 0x00, // ........%.......
	0x17, 0x04, 0x00, 0x00, 0x83, 0x00, 0x05, 0x00, 0x13, 0x00, 0x00, 0x00, 0x1a, 0x04, 0x00, 0x00, // ................
	0xe0, 0x04, 0x00, 0x00, 0x18, 0x04, 0x00, 0x00, 0xf9, 0x00, 0x02, 0x00, 0x74, 0x04, 0x00, 0x00, // ............t...
	0xf8, 0x00, 0x02, 0x00, 0x1b, 0x04, 0x00, 0x00, 0xb8, 0x00, 0x05, 0x00, 0x67, 0x00, 0x00, 0x00, // ............g...
	0x2b, 0x04, 0x00, 0x00, 0xad, 0x02, 0x00, 0x00, 0xe3, 0x00, 0x00, 0x00, 0xf7, 0x00, 0x03, 0x00, // +...............
	0x33, 0x04, 0x00, 0x00, 0x00, 0x00, 0x00, 0x00, 0xfa, 0x00, 0x04, 0x00, 0x2b, 0x04, 0x00, 0x00, // 3...........+...
	0x2c, 0x04, 0x00, 0x00, 0x33, 0x04, 0x00, 0x00, 0xf8, 0x00, 0x02, 0x00, 0x2c, 0x04, 0x00, 0x00, // ,...3.......,...
	0x0c, 0x00, 0x07, 0x00, 0x13, 0x00, 0x00, 0x00, 0x2f, 0x04, 0x00, 0x00, 0x01, 0x00, 0x00, 0x00, // ......../.......
	0x30, 0x00, 0x00, 0x00, 0xe4, 0x04, 0x00, 0x00, 0x68, 0x03, 0x00, 0x00, 0x0c, 0x00, 0x08, 0x00, // 0.......h.......
	0x13, 0x00, 0x00, 0x00, 0x99, 0x04, 0x00, 0x00, 0x01, 0x00, 0x00, 0x00, 0x2e, 0x00, 0x00, 0x00, // ................
	0xdd, 0x03, 0x00, 0x00, 0xe7, 0x03, 0x00, 0x00, 0x2f, 0x04, 0x00, 0x00, 0xf9, 0x00, 0x02, 0x00, // ......../.......
	0x74, 0x04, 0x00, 0x00, 0xf8, 0x00, 0x02, 0x00, 0x33, 0x04, 0x00, 0x00, 0xb8, 0x00, 0x05, 0x00, // t.......3.......
	0x67, 0x00, 0x00, 0x00, 0x35, 0x04, 0x00, 0x00, 0xad, 0x02, 0x00, 0x00, 0xf3, 0x00, 0x00, 0x00, // g...5...........
	0xf7, 0x00, 0x03, 0x00, 0x63, 0x04, 0x00, 0x00, 0x00, 0x00, 0x00, 0x00, 0xfa, 0x00, 0x04, 0x00, // ....c...........
	0x35, 0x04, 0x00, 0x00, 0x36, 0x04, 0x00, 0x00, 0x63, 0x04, 0x00, 0x00, 0xf8, 0x00, 0x02, 0x00, // 5...6...c.......
	0x36, 0x04, 0x00, 0x00, 0x0c, 0x00, 0x06, 0x00, 0x13, 0x00, 0x00, 0x00, 0x38, 0x04, 0x00, 0x00, // 6...........8...
	0x01, 0x00, 0x00, 0x00, 0x1f, 0x00, 0x00, 0x00, 0x6f, 0x03, 0x00, 0x00, 0x8e, 0x00, 0x05, 0x00, // ........o.......
	0x13, 0x00, 0x00, 0x00, 0x3a, 0x04, 0x00, 0x00, 0x6f, 0x03, 0x00, 0x00, 0xfa, 0x00, 0x00, 0x00, // ....:...o.......
	0x83, 0x00, 0x05, 0x00, 0x13, 0x00, 0x00, 0x00, 0x3c, 0x04, 0x00, 0x00, 0x3a, 0x04, 0x00, 0x00, // ........<...:...
	0xe1, 0x04, 0x00, 0x00, 0x85, 0x00, 0x05, 0x00, 0x13, 0x00, 0x00, 0x00, 0x3e, 0x04, 0x00, 0x00, // ............>...
	0x3c, 0x04, 0x00, 0x00, 0x6f, 0x03, 0x00, 0x00, 0x81, 0x00, 0x05, 0x00, 0x13, 0x00, 0x00, 0x00, // <...o...........
	0x40, 0x04, 0x00, 0x00, 0x3e, 0x04, 0x00, 0x00, 0xe2, 0x04, 0x00, 0x00, 0x85, 0x00, 0x05, 0x00, // @...>...........
	0x13, 0x00, 0x00, 0x00, 0x42, 0x04, 0x00, 0x00, 0x40, 0x04, 0x00, 0x00, 0x6f, 0x03, 0x00, 0x00, // ....B...@...o...
	0x0c, 0x00, 0x07, 0x00, 0x13, 0x00, 0x00, 0x00, 0x45, 0x04, 0x00, 0x00, 0x01, 0x00, 0x00, 0x00, // ........E.......
	0x30, 0x00, 0x00, 0x00, 0x6f, 0x03, 0x00, 0x00, 0xe3, 0x04, 0x00, 0x00, 0x0c, 0x00, 0x08, 0x00, // 0...o...........
	0x13, 0x00, 0x00, 0x00, 0xa3, 0x04, 0x00, 0x00, 0x01, 0x00, 0x00, 0x00, 0x2e, 0x00, 0x00, 0x00, // ................
	0x38, 0x04, 0x00, 0x00, 0x42, 0x04, 0x00, 0x00, 0x45, 0x04, 0x00, 0x00, 0x83, 0x00, 0x05, 0x00, // 8...B...E.......
	0x13, 0x00, 0x00, 0x00, 0x4b, 0x04, 0x00, 0x00, 0xe0, 0x04, 0x00, 0x00, 0xdb, 0x03, 0x00, 0x00, // ....K...........
	0x85, 0x00, 0x05, 0x00, 0x13, 0x00, 0x00, 0x00, 0x4d, 0x04, 0x00, 0x00, 0x4b, 0x04, 0x00, 0x00, // ........M...K...
	0x6f, 0x03, 0x00, 0x00, 0x85, 0x00, 0x05, 0x00, 0x13, 0x00, 0x00, 0x00, 0x51, 0x04, 0x00, 0x00, // o...........Q...
	0x4d, 0x04, 0x00, 0x00, 0xe4, 0x03, 0x00, 0x00, 0x83, 0x00, 0x05, 0x00, 0x13, 0x00, 0x00, 0x00, // M...............
	0x52, 0x04, 0x00, 0x00, 0x6f, 0x03, 0x00, 0x00, 0x51, 0x04, 0x00, 0x00, 0x83, 0x00, 0x05, 0x00, // R...o...Q.......
	0x13, 0x00, 0x00, 0x00, 0x57, 0x04, 0x00, 0x00, 0xdb, 0x03, 0x00, 0x00, 0xe0, 0x04, 0x00, 0x00, // ....W...........
	0x83, 0x00, 0x05, 0x00, 0x13, 0x00, 0x00, 0x00, 0x5a, 0x04, 0x00, 0x00, 0xa3, 0x04, 0x00, 0x00, // ........Z.......
	0x6f, 0x03, 0x00, 0x00, 0x85, 0x00, 0x05, 0x00, 0x13, 0x00, 0x00, 0x00, 0x5b, 0x04, 0x00, 0x00, // o...........[...
	0x57, 0x04, 0x00, 0x00, 0x5a, 0x04, 0x00, 0x00, 0x81, 0x00, 0x05, 0x00, 0x13, 0x00, 0x00, 0x00, // W...Z...........
	0x5c, 0x04, 0x00, 0x00, 0x6f, 0x03, 0x00, 0x00, 0x5b, 0x04, 0x00, 0x00, 0x0c, 0x00, 0x07, 0x00, // ....o...[.......
	0x13, 0x00, 0x00, 0x00, 0x5f, 0x04, 0x00, 0x00, 0x01, 0x00, 0x00, 0x00, 0x30, 0x00, 0x00, 0x00, // ...._.......0...
	0x68, 0x03, 0x00, 0x00, 0xe4, 0x04, 0x00, 0x00, 0x0c, 0x00, 0x08, 0x00, 0x13, 0x00, 0x00, 0x00, // h...............
	0xad, 0x04, 0x00, 0x00, 0x01, 0x00, 0x00, 0x00, 0x2e, 0x00, 0x00, 0x00, 0x52, 0x04, 0x00, 0x00, // ............R...
	0x5c, 0x04, 0x00, 0x00, 0x5f, 0x04, 0x00, 0x00, 0xf9, 0x00, 0x02, 0x00, 0x74, 0x04, 0x00, 0x00, // ...._.......t...
	0xf8, 0x00, 0x02, 0x00, 0x63, 0x04, 0x00, 0x00, 0xb8, 0x00, 0x05, 0x00, 0x67, 0x00, 0x00, 0x00, // ....c.......g...
	0x65, 0x04, 0x00, 0x00, 0xad, 0x02, 0x00, 0x00, 0x32, 0x01, 0x00, 0x00, 0xf7, 0x00, 0x03, 0x00, // e.......2.......
	0x6b, 0x04, 0x00, 0x00, 0x00, 0x00, 0x00, 0x00, 0xfa, 0x00, 0x04, 0x00, 0x65, 0x04, 0x00, 0x00, // k...........e...
	0x66, 0x04, 0x00, 0x00, 0x6b, 0x04, 0x00, 0x00, 0xf8, 0x00, 0x02, 0x00, 0x66, 0x04, 0x00, 0x00, // f...k.......f...
	0x83, 0x00, 0x05, 0x00, 0x13, 0x00, 0x00, 0x00, 0x69, 0x04, 0x00, 0x00, 0x68, 0x03, 0x00, 0x00, // ........i...h...
	0x6f, 0x03, 0x00, 0x00, 0x0c, 0x00, 0x06, 0x00, 0x13, 0x00, 0x00, 0x00, 0x6a, 0x04, 0x00, 0x00, // o...........j...
	0x01, 0x00, 0x00, 0x00, 0x04, 0x00, 0x00, 0x00, 0x69, 0x04, 0x00, 0x00, 0xf9, 0x00, 0x02, 0x00, // ........i.......
	0x74, 0x04, 0x00, 0x00, 0xf8, 0x00, 0x02, 0x00, 0x6b, 0x04, 0x00, 0x00, 0x81, 0x00, 0x05, 0x00, // t.......k.......
	0x13, 0x00, 0x00, 0x00, 0x6e, 0x04, 0x00, 0x00, 0x68, 0x03, 0x00, 0x00, 0x6f, 0x03, 0x00, 0x00, // ....n...h...o...
	0x83, 0x00, 0x05, 0x00, 0x13, 0x00, 0x00, 0x00, 0x73, 0x04, 0x00, 0x00, 0x6e, 0x04, 0x00, 0x00, // ........s...n...
	0xdd, 0x03, 0x00, 0x00, 0xf9, 0x00, 0x02, 0x00, 0x74, 0x04, 0x00, 0x00, 0xf8, 0x00, 0x02, 0x00, // ........t.......
	0x74, 0x04, 0x00, 0x00, 0xf5, 0x00, 0x15, 0x00, 0x13, 0x00, 0x00, 0x00, 0xf5, 0x04, 0x00, 0x00, // t...............
	0xd8, 0x03, 0x00, 0x00, 0xca, 0x03, 0x00, 0x00, 0x7f, 0x04, 0x00, 0x00, 0xea, 0x03, 0x00, 0x00, // ................
	0xfe, 0x03, 0x00, 0x00, 0xf4, 0x03, 0x00, 0x00, 0x0b, 0x04, 0x00, 0x00, 0x02, 0x04, 0x00, 0x00, // ................
	0x1a, 0x04, 0x00, 0x00, 0x0f, 0x04, 0x00, 0x00, 0x99, 0x04, 0x00, 0x00, 0x2c, 0x04, 0x00, 0x00, // ............,...
	0xad, 0x04, 0x00, 0x00, 0x36, 0x04, 0x00, 0x00, 0x6a, 0x04, 0x00, 0x00, 0x66, 0x04, 0x00, 0x00, // ....6...j...f...
	0x73, 0x04, 0x00, 0x00, 0x6b, 0x04, 0x00, 0x00, 0x8e, 0x00, 0x05, 0x00, 0x13, 0x00, 0x00, 0x00, // s...k...........
	0x77, 0x03, 0x00, 0x00, 0xf5, 0x04, 0x00, 0x00, 0x65, 0x03, 0x00, 0x00, 0x83, 0x00, 0x05, 0x00, // w.......e.......
	0x07, 0x00, 0x00, 0x00, 0x7c, 0x03, 0x00, 0x00, 0x82, 0x00, 0x00, 0x00, 0x65, 0x03, 0x00, 0x00, // ....|.......e...
	0x8e, 0x00, 0x05, 0x00, 0x13, 0x00, 0x00, 0x00, 0x7d, 0x03, 0x00, 0x00, 0x6a, 0x03, 0x00, 0x00, // ........}...j...
	0x7c, 0x03, 0x00, 0x00, 0x81, 0x00, 0x05, 0x00, 0x13, 0x00, 0x00, 0x00, 0x7e, 0x03, 0x00, 0x00, // |...........~...
	0x77, 0x03, 0x00, 0x00, 0x7d, 0x03, 0x00, 0x00, 0x85, 0x00, 0x05, 0x00, 0x07, 0x00, 0x00, 0x00, // w...}...........
	0x86, 0x03, 0x00, 0x00, 0x6c, 0x03, 0x00, 0x00, 0x7c, 0x03, 0x00, 0x00, 0x81, 0x00, 0x05, 0x00, // ....l...|.......
	0x07, 0x00, 0x00, 0x00, 0x87, 0x03, 0x00, 0x00, 0x65, 0x03, 0x00, 0x00, 0x86, 0x03, 0x00, 0x00, // ........e.......
	0x51, 0x00, 0x05, 0x00, 0x07, 0x00, 0x00, 0x00, 0x88, 0x03, 0x00, 0x00, 0x7e, 0x03, 0x00, 0x00, // Q...........~...
	0x00, 0x00, 0x00, 0x00, 0x51, 0x00, 0x05, 0x00, 0x07, 0x00, 0x00, 0x00, 0x89, 0x03, 0x00, 0x00, // ....Q...........
	0x7e, 0x03, 0x00, 0x00, 0x01, 0x00, 0x00, 0x00, 0x51, 0x00, 0x05, 0x00, 0x07, 0x00, 0x00, 0x00, // ~.......Q.......
	0x8a, 0x03, 0x00, 0x00, 0x7e, 0x03, 0x00, 0x00, 0x02, 0x00, 0x00, 0x00, 0x50, 0x00, 0x07, 0x00, // ....~.......P...
	0x0d, 0x00, 0x00, 0x00, 0x8b, 0x03, 0x00, 0x00, 0x88, 0x03, 0x00, 0x00, 0x89, 0x03, 0x00, 0x00, // ................
	0x8a, 0x03, 0x00, 0x00, 0x87, 0x03, 0x00, 0x00, 0xf9, 0x00, 0x02, 0x00, 0x8c, 0x03, 0x00, 0x00, // ................
	0xf8, 0x00, 0x02, 0x00, 0x8c, 0x03, 0x00, 0x00, 0xf5, 0x00, 0x09, 0x00, 0x0d, 0x00, 0x00, 0x00, // ................
	0xf8, 0x04, 0x00, 0x00, 0xf7, 0x04, 0x00, 0x00, 0x42, 0x03, 0x00, 0x00, 0x60, 0x03, 0x00, 0x00, // ........B...`...
	0x4a, 0x03, 0x00, 0x00, 0x8b, 0x03, 0x00, 0x00, 0x74, 0x04, 0x00, 0x00, 0x3e, 0x00, 0x03, 0x00, // J.......t...>...
	0x6f, 0x02, 0x00, 0x00, 0xf8, 0x04, 0x00, 0x00, 0xfd, 0x00, 0x01, 0x00, 0x38, 0x00, 0x01, 0x00, // o...........8...
	0x00, 0x00, 0x10, 0x00,                                                                         // ....
};
static const uint8_t fs_blit_wgsl[6567] =
{
	0x46, 0x53, 0x48, 0x0c, 0x29, 0x3e, 0x5c, 0xd3, 0x00, 0x00, 0x00, 0x00, 0x00, 0x00, 0x00, 0x00, // FSH.)>..........
	0x00, 0x00, 0x00, 0x00, 0x04, 0x00, 0x06, 0x75, 0x5f, 0x62, 0x6c, 0x69, 0x74, 0x12, 0x01, 0x00, // .......u_blit...
	0x00, 0x01, 0x00, 0x00, 0x00, 0x00, 0x00, 0x05, 0x73, 0x5f, 0x74, 0x65, 0x78, 0x30, 0x00, 0x03, // ........s_tex0..
	0x00, 0x00, 0x00, 0x00, 0x02, 0x29, 0x00, 0x06, 0x73, 0x5f, 0x6d, 0x61, 0x73, 0x6b, 0x30, 0x00, // .....)..s_mask0.
	0x04, 0x00, 0x00, 0x00, 0x00, 0x02, 0x29, 0x00, 0x05, 0x73, 0x5f, 0x64, 0x73, 0x74, 0x30, 0x00, // ......)..s_dst0.
	0x05, 0x00, 0x00, 0x00, 0x00, 0x02, 0x29, 0x00, 0x45, 0x19, 0x00, 0x00, 0x64, 0x69, 0x61, 0x67, // ......).E...diag
	0x6e, 0x6f, 0x73, 0x74, 0x69, 0x63, 0x28, 0x6f, 0x66, 0x66, 0x2c, 0x20, 0x64, 0x65, 0x72, 0x69, // nostic(off, deri
	0x76, 0x61, 0x74, 0x69, 0x76, 0x65, 0x5f, 0x75, 0x6e, 0x69, 0x66, 0x6f, 0x72, 0x6d, 0x69, 0x74, // vative_uniformit
	0x79, 0x29, 0x3b, 0x0a, 0x64, 0x69, 0x61, 0x67, 0x6e, 0x6f, 0x73, 0x74, 0x69, 0x63, 0x28, 0x6f, // y);.diagnostic(o
	0x66, 0x66, 0x2c, 0x20, 0x73, 0x75, 0x62, 0x67, 0x72, 0x6f, 0x75, 0x70, 0x5f, 0x75, 0x6e, 0x69, // ff, subgroup_uni
	0x66, 0x6f, 0x72, 0x6d, 0x69, 0x74, 0x79, 0x29, 0x3b, 0x0a, 0x0a, 0x40, 0x67, 0x72, 0x6f, 0x75, // formity);..@grou
	0x70, 0x28, 0x30, 0x75, 0x29, 0x20, 0x40, 0x62, 0x69, 0x6e, 0x64, 0x69, 0x6e, 0x67, 0x28, 0x31, // p(0u) @binding(1
	0x39, 0x75, 0x29, 0x20, 0x76, 0x61, 0x72, 0x20, 0x73, 0x5f, 0x74, 0x65, 0x78, 0x53, 0x61, 0x6d, // 9u) var s_texSam
	0x70, 0x6c, 0x65, 0x72, 0x20, 0x3a, 0x20, 0x73, 0x61, 0x6d, 0x70, 0x6c, 0x65, 0x72, 0x3b, 0x0a, // pler : sampler;.
	0x0a, 0x40, 0x67, 0x72, 0x6f, 0x75, 0x70, 0x28, 0x30, 0x75, 0x29, 0x20, 0x40, 0x62, 0x69, 0x6e, // .@group(0u) @bin
	0x64, 0x69, 0x6e, 0x67, 0x28, 0x33, 0x75, 0x29, 0x20, 0x76, 0x61, 0x72, 0x20, 0x73, 0x5f, 0x74, // ding(3u) var s_t
	0x65, 0x78, 0x54, 0x65, 0x78, 0x74, 0x75, 0x72, 0x65, 0x20, 0x3a, 0x20, 0x74, 0x65, 0x78, 0x74, // exTexture : text
	0x75, 0x72, 0x65, 0x5f, 0x32, 0x64, 0x3c, 0x66, 0x33, 0x32, 0x3e, 0x3b, 0x0a, 0x0a, 0x40, 0x67, // ure_2d<f32>;..@g
	0x72, 0x6f, 0x75, 0x70, 0x28, 0x30, 0x75, 0x29, 0x20, 0x40, 0x62, 0x69, 0x6e, 0x64, 0x69, 0x6e, // roup(0u) @bindin
	0x67, 0x28, 0x32, 0x30, 0x75, 0x29, 0x20, 0x76, 0x61, 0x72, 0x20, 0x73, 0x5f, 0x6d, 0x61, 0x73, // g(20u) var s_mas
	0x6b, 0x53, 0x61, 0x6d, 0x70, 0x6c, 0x65, 0x72, 0x20, 0x3a, 0x20, 0x73, 0x61, 0x6d, 0x70, 0x6c, // kSampler : sampl
	0x65, 0x72, 0x3b, 0x0a, 0x0a, 0x40, 0x67, 0x72, 0x6f, 0x75, 0x70, 0x28, 0x30, 0x75, 0x29, 0x20, // er;..@group(0u) 
	0x40, 0x62, 0x69, 0x6e, 0x64, 0x69, 0x6e, 0x67, 0x28, 0x34, 0x75, 0x29, 0x20, 0x76, 0x61, 0x72, // @binding(4u) var
	0x20, 0x73, 0x5f, 0x6d, 0x61, 0x73, 0x6b, 0x54, 0x65, 0x78, 0x74, 0x75, 0x72, 0x65, 0x20, 0x3a, //  s_maskTexture :
	0x20, 0x74, 0x65, 0x78, 0x74, 0x75, 0x72, 0x65, 0x5f, 0x32, 0x64, 0x3c, 0x66, 0x33, 0x32, 0x3e, //  texture_2d<f32>
	0x3b, 0x0a, 0x0a, 0x40, 0x67, 0x72, 0x6f, 0x75, 0x70, 0x28, 0x30, 0x75, 0x29, 0x20, 0x40, 0x62, // ;..@group(0u) @b
	0x69, 0x6e, 0x64, 0x69, 0x6e, 0x67, 0x28, 0x32, 0x31, 0x75, 0x29, 0x20, 0x76, 0x61, 0x72, 0x20, // inding(21u) var 
	0x73, 0x5f, 0x64, 0x73, 0x74, 0x53, 0x61, 0x6d, 0x70, 0x6c, 0x65, 0x72, 0x20, 0x3a, 0x20, 0x73, // s_dstSampler : s
	0x61, 0x6d, 0x70, 0x6c, 0x65, 0x72, 0x3b, 0x0a, 0x0a, 0x40, 0x67, 0x72, 0x6f, 0x75, 0x70, 0x28, // ampler;..@group(
	0x30, 0x75, 0x29, 0x20, 0x40, 0x62, 0x69, 0x6e, 0x64, 0x69, 0x6e, 0x67, 0x28, 0x35, 0x75, 0x29, // 0u) @binding(5u)
	0x20, 0x76, 0x61, 0x72, 0x20, 0x73, 0x5f, 0x64, 0x73, 0x74, 0x54, 0x65, 0x78, 0x74, 0x75, 0x72, //  var s_dstTextur
	0x65, 0x20, 0x3a, 0x20, 0x74, 0x65, 0x78, 0x74, 0x75, 0x72, 0x65, 0x5f, 0x32, 0x64, 0x3c, 0x66, // e : texture_2d<f
	0x33, 0x32, 0x3e, 0x3b, 0x0a, 0x0a, 0x73, 0x74, 0x72, 0x75, 0x63, 0x74, 0x20, 0x55, 0x6e, 0x69, // 32>;..struct Uni
	0x66, 0x6f, 0x72, 0x6d, 0x42, 0x6c, 0x6f, 0x63, 0x6b, 0x20, 0x7b, 0x0a, 0x20, 0x20, 0x75, 0x5f, // formBlock {.  u_
	0x62, 0x6c, 0x69, 0x74, 0x20, 0x3a, 0x20, 0x76, 0x65, 0x63, 0x34, 0x3c, 0x66, 0x33, 0x32, 0x3e, // blit : vec4<f32>
	0x2c, 0x0a, 0x7d, 0x0a, 0x0a, 0x40, 0x67, 0x72, 0x6f, 0x75, 0x70, 0x28, 0x30, 0x75, 0x29, 0x20, // ,.}..@group(0u) 
	0x40, 0x62, 0x69, 0x6e, 0x64, 0x69, 0x6e, 0x67, 0x28, 0x31, 0x75, 0x29, 0x20, 0x76, 0x61, 0x72, // @binding(1u) var
	0x3c, 0x75, 0x6e, 0x69, 0x66, 0x6f, 0x72, 0x6d, 0x3e, 0x20, 0x76, 0x20, 0x3a, 0x20, 0x55, 0x6e, // <uniform> v : Un
	0x69, 0x66, 0x6f, 0x72, 0x6d, 0x42, 0x6c, 0x6f, 0x63, 0x6b, 0x3b, 0x0a, 0x0a, 0x76, 0x61, 0x72, // iformBlock;..var
	0x3c, 0x70, 0x72, 0x69, 0x76, 0x61, 0x74, 0x65, 0x3e, 0x20, 0x62, 0x67, 0x66, 0x78, 0x5f, 0x46, // <private> bgfx_F
	0x72, 0x61, 0x67, 0x44, 0x61, 0x74, 0x61, 0x30, 0x20, 0x3a, 0x20, 0x76, 0x65, 0x63, 0x34, 0x3c, // ragData0 : vec4<
	0x66, 0x33, 0x32, 0x3e, 0x3b, 0x0a, 0x0a, 0x66, 0x6e, 0x20, 0x6d, 0x61, 0x69, 0x6e, 0x5f, 0x69, // f32>;..fn main_i
	0x6e, 0x6e, 0x65, 0x72, 0x28, 0x76, 0x5f, 0x75, 0x76, 0x20, 0x3a, 0x20, 0x76, 0x65, 0x63, 0x32, // nner(v_uv : vec2
	0x3c, 0x66, 0x33, 0x32, 0x3e, 0x29, 0x20, 0x7b, 0x0a, 0x20, 0x20, 0x76, 0x61, 0x72, 0x20, 0x76, // <f32>) {.  var v
	0x5f, 0x31, 0x20, 0x3a, 0x20, 0x76, 0x65, 0x63, 0x34, 0x3c, 0x66, 0x33, 0x32, 0x3e, 0x3b, 0x0a, // _1 : vec4<f32>;.
	0x20, 0x20, 0x73, 0x77, 0x69, 0x74, 0x63, 0x68, 0x28, 0x30, 0x75, 0x29, 0x20, 0x7b, 0x0a, 0x20, //   switch(0u) {. 
	0x20, 0x20, 0x20, 0x64, 0x65, 0x66, 0x61, 0x75, 0x6c, 0x74, 0x3a, 0x20, 0x7b, 0x0a, 0x20, 0x20, //    default: {.  
	0x20, 0x20, 0x20, 0x20, 0x6c, 0x65, 0x74, 0x20, 0x76, 0x5f, 0x32, 0x20, 0x3d, 0x20, 0x76, 0x2e, //     let v_2 = v.
	0x75, 0x5f, 0x62, 0x6c, 0x69, 0x74, 0x2e, 0x78, 0x3b, 0x0a, 0x20, 0x20, 0x20, 0x20, 0x20, 0x20, // u_blit.x;.      
	0x6c, 0x65, 0x74, 0x20, 0x76, 0x5f, 0x33, 0x20, 0x3d, 0x20, 0x76, 0x2e, 0x75, 0x5f, 0x62, 0x6c, // let v_3 = v.u_bl
	0x69, 0x74, 0x2e, 0x79, 0x3b, 0x0a, 0x20, 0x20, 0x20, 0x20, 0x20, 0x20, 0x6c, 0x65, 0x74, 0x20, // it.y;.      let 
	0x76, 0x5f, 0x34, 0x20, 0x3d, 0x20, 0x76, 0x2e, 0x75, 0x5f, 0x62, 0x6c, 0x69, 0x74, 0x2e, 0x7a, // v_4 = v.u_blit.z
	0x3b, 0x0a, 0x20, 0x20, 0x20, 0x20, 0x20, 0x20, 0x6c, 0x65, 0x74, 0x20, 0x76, 0x5f, 0x35, 0x20, // ;.      let v_5 
	0x3d, 0x20, 0x76, 0x2e, 0x75, 0x5f, 0x62, 0x6c, 0x69, 0x74, 0x2e, 0x77, 0x3b, 0x0a, 0x20, 0x20, // = v.u_blit.w;.  
	0x20, 0x20, 0x20, 0x20, 0x6c, 0x65, 0x74, 0x20, 0x76, 0x5f, 0x36, 0x20, 0x3d, 0x20, 0x28, 0x74, //     let v_6 = (t
	0x65, 0x78, 0x74, 0x75, 0x72, 0x65, 0x53, 0x61, 0x6d, 0x70, 0x6c, 0x65, 0x28, 0x73, 0x5f, 0x74, // extureSample(s_t
	0x65, 0x78, 0x54, 0x65, 0x78, 0x74, 0x75, 0x72, 0x65, 0x2c, 0x20, 0x73, 0x5f, 0x74, 0x65, 0x78, // exTexture, s_tex
	0x53, 0x61, 0x6d, 0x70, 0x6c, 0x65, 0x72, 0x2c, 0x20, 0x76, 0x5f, 0x75, 0x76, 0x29, 0x20, 0x2a, // Sampler, v_uv) *
	0x20, 0x76, 0x5f, 0x33, 0x29, 0x3b, 0x0a, 0x20, 0x20, 0x20, 0x20, 0x20, 0x20, 0x76, 0x61, 0x72, //  v_3);.      var
	0x20, 0x76, 0x5f, 0x37, 0x20, 0x3a, 0x20, 0x76, 0x65, 0x63, 0x34, 0x3c, 0x66, 0x33, 0x32, 0x3e, //  v_7 : vec4<f32>
	0x3b, 0x0a, 0x20, 0x20, 0x20, 0x20, 0x20, 0x20, 0x69, 0x66, 0x20, 0x28, 0x28, 0x76, 0x5f, 0x32, // ;.      if ((v_2
	0x20, 0x3e, 0x20, 0x30, 0x2e, 0x35, 0x66, 0x29, 0x29, 0x20, 0x7b, 0x0a, 0x20, 0x20, 0x20, 0x20, //  > 0.5f)) {.    
	0x20, 0x20, 0x20, 0x20, 0x6c, 0x65, 0x74, 0x20, 0x76, 0x5f, 0x38, 0x20, 0x3d, 0x20, 0x74, 0x65, //     let v_8 = te
	0x78, 0x74, 0x75, 0x72, 0x65, 0x53, 0x61, 0x6d, 0x70, 0x6c, 0x65, 0x28, 0x73, 0x5f, 0x6d, 0x61, // xtureSample(s_ma
	0x73, 0x6b, 0x54, 0x65, 0x78, 0x74, 0x75, 0x72, 0x65, 0x2c, 0x20, 0x73, 0x5f, 0x6d, 0x61, 0x73, // skTexture, s_mas
	0x6b, 0x53, 0x61, 0x6d, 0x70, 0x6c, 0x65, 0x72, 0x2c, 0x20, 0x76, 0x5f, 0x75, 0x76, 0x29, 0x3b, // kSampler, v_uv);
	0x0a, 0x20, 0x20, 0x20, 0x20, 0x20, 0x20, 0x20, 0x20, 0x76, 0x61, 0x72, 0x20, 0x76, 0x5f, 0x39, // .        var v_9
	0x20, 0x3a, 0x20, 0x76, 0x65, 0x63, 0x34, 0x3c, 0x66, 0x33, 0x32, 0x3e, 0x3b, 0x0a, 0x20, 0x20, //  : vec4<f32>;.  
	0x20, 0x20, 0x20, 0x20, 0x20, 0x20, 0x69, 0x66, 0x20, 0x28, 0x28, 0x76, 0x5f, 0x32, 0x20, 0x3c, //       if ((v_2 <
	0x20, 0x31, 0x2e, 0x35, 0x66, 0x29, 0x29, 0x20, 0x7b, 0x0a, 0x20, 0x20, 0x20, 0x20, 0x20, 0x20, //  1.5f)) {.      
	0x20, 0x20, 0x20, 0x20, 0x76, 0x5f, 0x39, 0x20, 0x3d, 0x20, 0x28, 0x76, 0x5f, 0x36, 0x20, 0x2a, //     v_9 = (v_6 *
	0x20, 0x76, 0x5f, 0x38, 0x2e, 0x77, 0x29, 0x3b, 0x0a, 0x20, 0x20, 0x20, 0x20, 0x20, 0x20, 0x20, //  v_8.w);.       
	0x20, 0x7d, 0x20, 0x65, 0x6c, 0x73, 0x65, 0x20, 0x7b, 0x0a, 0x20, 0x20, 0x20, 0x20, 0x20, 0x20, //  } else {.      
	0x20, 0x20, 0x20, 0x20, 0x76, 0x61, 0x72, 0x20, 0x76, 0x5f, 0x31, 0x30, 0x20, 0x3a, 0x20, 0x76, //     var v_10 : v
	0x65, 0x63, 0x34, 0x3c, 0x66, 0x33, 0x32, 0x3e, 0x3b, 0x0a, 0x20, 0x20, 0x20, 0x20, 0x20, 0x20, // ec4<f32>;.      
	0x20, 0x20, 0x20, 0x20, 0x69, 0x66, 0x20, 0x28, 0x28, 0x76, 0x5f, 0x32, 0x20, 0x3c, 0x20, 0x32, //     if ((v_2 < 2
	0x2e, 0x35, 0x66, 0x29, 0x29, 0x20, 0x7b, 0x0a, 0x20, 0x20, 0x20, 0x20, 0x20, 0x20, 0x20, 0x20, // .5f)) {.        
	0x20, 0x20, 0x20, 0x20, 0x76, 0x5f, 0x31, 0x30, 0x20, 0x3d, 0x20, 0x28, 0x76, 0x5f, 0x36, 0x20, //     v_10 = (v_6 
	0x2a, 0x20, 0x28, 0x31, 0x2e, 0x30, 0x66, 0x20, 0x2d, 0x20, 0x76, 0x5f, 0x38, 0x2e, 0x77, 0x29, // * (1.0f - v_8.w)
	0x29, 0x3b, 0x0a, 0x20, 0x20, 0x20, 0x20, 0x20, 0x20, 0x20, 0x20, 0x20, 0x20, 0x7d, 0x20, 0x65, // );.          } e
	0x6c, 0x73, 0x65, 0x20, 0x7b, 0x0a, 0x20, 0x20, 0x20, 0x20, 0x20, 0x20, 0x20, 0x20, 0x20, 0x20, // lse {.          
	0x20, 0x20, 0x76, 0x61, 0x72, 0x20, 0x76, 0x5f, 0x31, 0x31, 0x20, 0x3a, 0x20, 0x76, 0x65, 0x63, //   var v_11 : vec
	0x34, 0x3c, 0x66, 0x33, 0x32, 0x3e, 0x3b, 0x0a, 0x20, 0x20, 0x20, 0x20, 0x20, 0x20, 0x20, 0x20, // 4<f32>;.        
	0x20, 0x20, 0x20, 0x20, 0x69, 0x66, 0x20, 0x28, 0x28, 0x76, 0x5f, 0x32, 0x20, 0x3c, 0x20, 0x33, //     if ((v_2 < 3
	0x2e, 0x35, 0x66, 0x29, 0x29, 0x20, 0x7b, 0x0a, 0x20, 0x20, 0x20, 0x20, 0x20, 0x20, 0x20, 0x20, // .5f)) {.        
	0x20, 0x20, 0x20, 0x20, 0x20, 0x20, 0x76, 0x5f, 0x31, 0x31, 0x20, 0x3d, 0x20, 0x28, 0x76, 0x5f, //       v_11 = (v_
	0x36, 0x20, 0x2a, 0x20, 0x64, 0x6f, 0x74, 0x28, 0x76, 0x5f, 0x38, 0x2e, 0x78, 0x79, 0x7a, 0x2c, // 6 * dot(v_8.xyz,
	0x20, 0x76, 0x65, 0x63, 0x33, 0x3c, 0x66, 0x33, 0x32, 0x3e, 0x28, 0x30, 0x2e, 0x32, 0x31, 0x32, //  vec3<f32>(0.212
	0x35, 0x39, 0x39, 0x39, 0x39, 0x32, 0x37, 0x35, 0x32, 0x30, 0x37, 0x35, 0x31, 0x39, 0x35, 0x33, // 5999927520751953
	0x31, 0x66, 0x2c, 0x20, 0x30, 0x2e, 0x37, 0x31, 0x35, 0x32, 0x30, 0x30, 0x30, 0x30, 0x36, 0x39, // 1f, 0.7152000069
	0x36, 0x31, 0x38, 0x32, 0x32, 0x35, 0x30, 0x39, 0x37, 0x37, 0x66, 0x2c, 0x20, 0x30, 0x2e, 0x30, // 6182250977f, 0.0
	0x37, 0x32, 0x32, 0x30, 0x30, 0x30, 0x30, 0x30, 0x32, 0x38, 0x36, 0x31, 0x30, 0x32, 0x32, 0x39, // 7220000028610229
	0x34, 0x39, 0x32, 0x66, 0x29, 0x29, 0x29, 0x3b, 0x0a, 0x20, 0x20, 0x20, 0x20, 0x20, 0x20, 0x20, // 492f)));.       
	0x20, 0x20, 0x20, 0x20, 0x20, 0x7d, 0x20, 0x65, 0x6c, 0x73, 0x65, 0x20, 0x7b, 0x0a, 0x20, 0x20, //      } else {.  
	0x20, 0x20, 0x20, 0x20, 0x20, 0x20, 0x20, 0x20, 0x20, 0x20, 0x20, 0x20, 0x76, 0x61, 0x72, 0x20, //             var 
	0x76, 0x5f, 0x31, 0x32, 0x20, 0x3a, 0x20, 0x76, 0x65, 0x63, 0x34, 0x3c, 0x66, 0x33, 0x32, 0x3e, // v_12 : vec4<f32>
	0x3b, 0x0a, 0x20, 0x20, 0x20, 0x20, 0x20, 0x20, 0x20, 0x20, 0x20, 0x20, 0x20, 0x20, 0x20, 0x20, // ;.              
	0x69, 0x66, 0x20, 0x28, 0x28, 0x76, 0x5f, 0x32, 0x20, 0x3c, 0x20, 0x34, 0x2e, 0x35, 0x66, 0x29, // if ((v_2 < 4.5f)
	0x29, 0x20, 0x7b, 0x0a, 0x20, 0x20, 0x20, 0x20, 0x20, 0x20, 0x20, 0x20, 0x20, 0x20, 0x20, 0x20, // ) {.            
	0x20, 0x20, 0x20, 0x20, 0x76, 0x5f, 0x31, 0x32, 0x20, 0x3d, 0x20, 0x28, 0x76, 0x5f, 0x36, 0x20, //     v_12 = (v_6 
	0x2a, 0x20, 0x28, 0x31, 0x2e, 0x30, 0x66, 0x20, 0x2d, 0x20, 0x64, 0x6f, 0x74, 0x28, 0x76, 0x5f, // * (1.0f - dot(v_
	0x38, 0x2e, 0x78, 0x79, 0x7a, 0x2c, 0x20, 0x76, 0x65, 0x63, 0x33, 0x3c, 0x66, 0x33, 0x32, 0x3e, // 8.xyz, vec3<f32>
	0x28, 0x30, 0x2e, 0x32, 0x31, 0x32, 0x35, 0x39, 0x39, 0x39, 0x39, 0x32, 0x37, 0x35, 0x32, 0x30, // (0.2125999927520
	0x37, 0x35, 0x31, 0x39, 0x35, 0x33, 0x31, 0x66, 0x2c, 0x20, 0x30, 0x2e, 0x37, 0x31, 0x35, 0x32, // 7519531f, 0.7152
	0x30, 0x30, 0x30, 0x30, 0x36, 0x39, 0x36, 0x31, 0x38, 0x32, 0x32, 0x35, 0x30, 0x39, 0x37, 0x37, // 0000696182250977
	0x66, 0x2c, 0x20, 0x30, 0x2e, 0x30, 0x37, 0x32, 0x32, 0x30, 0x30, 0x30, 0x30, 0x30, 0x32, 0x38, // f, 0.07220000028
	0x36, 0x31, 0x30, 0x32, 0x32, 0x39, 0x34, 0x39, 0x32, 0x66, 0x29, 0x29, 0x29, 0x29, 0x3b, 0x0a, // 610229492f))));.
	0x20, 0x20, 0x20, 0x20, 0x20, 0x20, 0x20, 0x20, 0x20, 0x20, 0x20, 0x20, 0x20, 0x20, 0x7d, 0x20, //               } 
	0x65, 0x6c, 0x73, 0x65, 0x20, 0x7b, 0x0a, 0x20, 0x20, 0x20, 0x20, 0x20, 0x20, 0x20, 0x20, 0x20, // else {.         
	0x20, 0x20, 0x20, 0x20, 0x20, 0x20, 0x20, 0x76, 0x61, 0x72, 0x20, 0x76, 0x5f, 0x31, 0x33, 0x20, //        var v_13 
	0x3a, 0x20, 0x66, 0x33, 0x32, 0x3b, 0x0a, 0x20, 0x20, 0x20, 0x20, 0x20, 0x20, 0x20, 0x20, 0x20, // : f32;.         
	0x20, 0x20, 0x20, 0x20, 0x20, 0x20, 0x20, 0x69, 0x66, 0x20, 0x28, 0x28, 0x76, 0x5f, 0x32, 0x20, //        if ((v_2 
	0x3c, 0x20, 0x35, 0x2e, 0x35, 0x66, 0x29, 0x29, 0x20, 0x7b, 0x0a, 0x20, 0x20, 0x20, 0x20, 0x20, // < 5.5f)) {.     
	0x20, 0x20, 0x20, 0x20, 0x20, 0x20, 0x20, 0x20, 0x20, 0x20, 0x20, 0x20, 0x20, 0x6c, 0x65, 0x74, //              let
	0x20, 0x76, 0x5f, 0x31, 0x34, 0x20, 0x3d, 0x20, 0x76, 0x5f, 0x36, 0x2e, 0x77, 0x3b, 0x0a, 0x20, //  v_14 = v_6.w;. 
	0x20, 0x20, 0x20, 0x20, 0x20, 0x20, 0x20, 0x20, 0x20, 0x20, 0x20, 0x20, 0x20, 0x20, 0x20, 0x20, //                 
	0x20, 0x76, 0x5f, 0x31, 0x33, 0x20, 0x3d, 0x20, 0x28, 0x76, 0x5f, 0x31, 0x34, 0x20, 0x2b, 0x20, //  v_13 = (v_14 + 
	0x28, 0x76, 0x5f, 0x38, 0x2e, 0x77, 0x20, 0x2a, 0x20, 0x28, 0x31, 0x2e, 0x30, 0x66, 0x20, 0x2d, // (v_8.w * (1.0f -
	0x20, 0x76, 0x5f, 0x31, 0x34, 0x29, 0x29, 0x29, 0x3b, 0x0a, 0x20, 0x20, 0x20, 0x20, 0x20, 0x20, //  v_14)));.      
	0x20, 0x20, 0x20, 0x20, 0x20, 0x20, 0x20, 0x20, 0x20, 0x20, 0x7d, 0x20, 0x65, 0x6c, 0x73, 0x65, //           } else
	0x20, 0x7b, 0x0a, 0x20, 0x20, 0x20, 0x20, 0x20, 0x20, 0x20, 0x20, 0x20, 0x20, 0x20, 0x20, 0x20, //  {.             
	0x20, 0x20, 0x20, 0x20, 0x20, 0x76, 0x61, 0x72, 0x20, 0x76, 0x5f, 0x31, 0x35, 0x20, 0x3a, 0x20, //      var v_15 : 
	0x66, 0x33, 0x32, 0x3b, 0x0a, 0x20, 0x20, 0x20, 0x20, 0x20, 0x20, 0x20, 0x20, 0x20, 0x20, 0x20, // f32;.           
	0x20, 0x20, 0x20, 0x20, 0x20, 0x20, 0x20, 0x69, 0x66, 0x20, 0x28, 0x28, 0x76, 0x5f, 0x32, 0x20, //        if ((v_2 
	0x3c, 0x20, 0x36, 0x2e, 0x35, 0x66, 0x29, 0x29, 0x20, 0x7b, 0x0a, 0x20, 0x20, 0x20, 0x20, 0x20, // < 6.5f)) {.     
	0x20, 0x20, 0x20, 0x20, 0x20, 0x20, 0x20, 0x20, 0x20, 0x20, 0x20, 0x20, 0x20, 0x20, 0x20, 0x76, //                v
	0x5f, 0x31, 0x35, 0x20, 0x3d, 0x20, 0x28, 0x76, 0x5f, 0x36, 0x2e, 0x77, 0x20, 0x2a, 0x20, 0x28, // _15 = (v_6.w * (
	0x31, 0x2e, 0x30, 0x66, 0x20, 0x2d, 0x20, 0x76, 0x5f, 0x38, 0x2e, 0x77, 0x29, 0x29, 0x3b, 0x0a, // 1.0f - v_8.w));.
	0x20, 0x20, 0x20, 0x20, 0x20, 0x20, 0x20, 0x20, 0x20, 0x20, 0x20, 0x20, 0x20, 0x20, 0x20, 0x20, //                 
	0x20, 0x20, 0x7d, 0x20, 0x65, 0x6c, 0x73, 0x65, 0x20, 0x7b, 0x0a, 0x20, 0x20, 0x20, 0x20, 0x20, //   } else {.     
	0x20, 0x20, 0x20, 0x20, 0x20, 0x20, 0x20, 0x20, 0x20, 0x20, 0x20, 0x20, 0x20, 0x20, 0x20, 0x76, //                v
	0x61, 0x72, 0x20, 0x76, 0x5f, 0x31, 0x36, 0x20, 0x3a, 0x20, 0x66, 0x33, 0x32, 0x3b, 0x0a, 0x20, // ar v_16 : f32;. 
	0x20, 0x20, 0x20, 0x20, 0x20, 0x20, 0x20, 0x20, 0x20, 0x20, 0x20, 0x20, 0x20, 0x20, 0x20, 0x20, //                 
	0x20, 0x20, 0x20, 0x69, 0x66, 0x20, 0x28, 0x28, 0x76, 0x5f, 0x32, 0x20, 0x3c, 0x20, 0x37, 0x2e, //    if ((v_2 < 7.
	0x35, 0x66, 0x29, 0x29, 0x20, 0x7b, 0x0a, 0x20, 0x20, 0x20, 0x20, 0x20, 0x20, 0x20, 0x20, 0x20, // 5f)) {.         
	0x20, 0x20, 0x20, 0x20, 0x20, 0x20, 0x20, 0x20, 0x20, 0x20, 0x20, 0x20, 0x20, 0x76, 0x5f, 0x31, //              v_1
	0x36, 0x20, 0x3d, 0x20, 0x28, 0x76, 0x5f, 0x36, 0x2e, 0x77, 0x20, 0x2a, 0x20, 0x76, 0x5f, 0x38, // 6 = (v_6.w * v_8
	0x2e, 0x77, 0x29, 0x3b, 0x0a, 0x20, 0x20, 0x20, 0x20, 0x20, 0x20, 0x20, 0x20, 0x20, 0x20, 0x20, // .w);.           
	0x20, 0x20, 0x20, 0x20, 0x20, 0x20, 0x20, 0x20, 0x20, 0x7d, 0x20, 0x65, 0x6c, 0x73, 0x65, 0x20, //          } else 
	0x7b, 0x0a, 0x20, 0x20, 0x20, 0x20, 0x20, 0x20, 0x20, 0x20, 0x20, 0x20, 0x20, 0x20, 0x20, 0x20, // {.              
	0x20, 0x20, 0x20, 0x20, 0x20, 0x20, 0x20, 0x20, 0x76, 0x61, 0x72, 0x20, 0x76, 0x5f, 0x31, 0x37, //         var v_17
	0x20, 0x3a, 0x20, 0x66, 0x33, 0x32, 0x3b, 0x0a, 0x20, 0x20, 0x20, 0x20, 0x20, 0x20, 0x20, 0x20, //  : f32;.        
	0x20, 0x20, 0x20, 0x20, 0x20, 0x20, 0x20, 0x20, 0x20, 0x20, 0x20, 0x20, 0x20, 0x20, 0x69, 0x66, //               if
	0x20, 0x28, 0x28, 0x76, 0x5f, 0x32, 0x20, 0x3c, 0x20, 0x38, 0x2e, 0x35, 0x66, 0x29, 0x29, 0x20, //  ((v_2 < 8.5f)) 
	0x7b, 0x0a, 0x20, 0x20, 0x20, 0x20, 0x20, 0x20, 0x20, 0x20, 0x20, 0x20, 0x20, 0x20, 0x20, 0x20, // {.              
	0x20, 0x20, 0x20, 0x20, 0x20, 0x20, 0x20, 0x20, 0x20, 0x20, 0x6c, 0x65, 0x74, 0x20, 0x76, 0x5f, //           let v_
	0x31, 0x38, 0x20, 0x3d, 0x20, 0x76, 0x5f, 0x36, 0x2e, 0x77, 0x3b, 0x0a, 0x20, 0x20, 0x20, 0x20, // 18 = v_6.w;.    
	0x20, 0x20, 0x20, 0x20, 0x20, 0x20, 0x20, 0x20, 0x20, 0x20, 0x20, 0x20, 0x20, 0x20, 0x20, 0x20, //                 
	0x20, 0x20, 0x20, 0x20, 0x6c, 0x65, 0x74, 0x20, 0x76, 0x5f, 0x31, 0x39, 0x20, 0x3d, 0x20, 0x76, //     let v_19 = v
	0x5f, 0x38, 0x2e, 0x77, 0x3b, 0x0a, 0x20, 0x20, 0x20, 0x20, 0x20, 0x20, 0x20, 0x20, 0x20, 0x20, // _8.w;.          
	0x20, 0x20, 0x20, 0x20, 0x20, 0x20, 0x20, 0x20, 0x20, 0x20, 0x20, 0x20, 0x20, 0x20, 0x76, 0x5f, //               v_
	0x31, 0x37, 0x20, 0x3d, 0x20, 0x28, 0x28, 0x76, 0x5f, 0x31, 0x38, 0x20, 0x2a, 0x20, 0x28, 0x31, // 17 = ((v_18 * (1
	0x2e, 0x30, 0x66, 0x20, 0x2d, 0x20, 0x76, 0x5f, 0x31, 0x39, 0x29, 0x29, 0x20, 0x2b, 0x20, 0x28, // .0f - v_19)) + (
	0x76, 0x5f, 0x31, 0x39, 0x20, 0x2a, 0x20, 0x28, 0x31, 0x2e, 0x30, 0x66, 0x20, 0x2d, 0x20, 0x76, // v_19 * (1.0f - v
	0x5f, 0x31, 0x38, 0x29, 0x29, 0x29, 0x3b, 0x0a, 0x20, 0x20, 0x20, 0x20, 0x20, 0x20, 0x20, 0x20, // _18)));.        
	0x20, 0x20, 0x20, 0x20, 0x20, 0x20, 0x20, 0x20, 0x20, 0x20, 0x20, 0x20, 0x20, 0x20, 0x7d, 0x20, //               } 
	0x65, 0x6c, 0x73, 0x65, 0x20, 0x7b, 0x0a, 0x20, 0x20, 0x20, 0x20, 0x20, 0x20, 0x20, 0x20, 0x20, // else {.         
	0x20, 0x20, 0x20, 0x20, 0x20, 0x20, 0x20, 0x20, 0x20, 0x20, 0x20, 0x20, 0x20, 0x20, 0x20, 0x76, //                v
	0x61, 0x72, 0x20, 0x76, 0x5f, 0x32, 0x30, 0x20, 0x3a, 0x20, 0x66, 0x33, 0x32, 0x3b, 0x0a, 0x20, // ar v_20 : f32;. 
	0x20, 0x20, 0x20, 0x20, 0x20, 0x20, 0x20, 0x20, 0x20, 0x20, 0x20, 0x20, 0x20, 0x20, 0x20, 0x20, //                 
	0x20, 0x20, 0x20, 0x20, 0x20, 0x20, 0x20, 0x69, 0x66, 0x20, 0x28, 0x28, 0x76, 0x5f, 0x32, 0x20, //        if ((v_2 
	0x3c, 0x20, 0x39, 0x2e, 0x35, 0x66, 0x29, 0x29, 0x20, 0x7b, 0x0a, 0x20, 0x20, 0x20, 0x20, 0x20, // < 9.5f)) {.     
	0x20, 0x20, 0x20, 0x20, 0x20, 0x20, 0x20, 0x20, 0x20, 0x20, 0x20, 0x20, 0x20, 0x20, 0x20, 0x20, //                 
	0x20, 0x20, 0x20, 0x20, 0x20, 0x76, 0x5f, 0x32, 0x30, 0x20, 0x3d, 0x20, 0x6d, 0x61, 0x78, 0x28, //      v_20 = max(
	0x76, 0x5f, 0x36, 0x2e, 0x77, 0x2c, 0x20, 0x76, 0x5f, 0x38, 0x2e, 0x77, 0x29, 0x3b, 0x0a, 0x20, // v_6.w, v_8.w);. 
	0x20, 0x20, 0x20, 0x20, 0x20, 0x20, 0x20, 0x20, 0x20, 0x20, 0x20, 0x20, 0x20, 0x20, 0x20, 0x20, //                 
	0x20, 0x20, 0x20, 0x20, 0x20, 0x20, 0x20, 0x7d, 0x20, 0x65, 0x6c, 0x73, 0x65, 0x20, 0x7b, 0x0a, //        } else {.
	0x20, 0x20, 0x20, 0x20, 0x20, 0x20, 0x20, 0x20, 0x20, 0x20, 0x20, 0x20, 0x20, 0x20, 0x20, 0x20, //                 
	0x20, 0x20, 0x20, 0x20, 0x20, 0x20, 0x20, 0x20, 0x20, 0x20, 0x76, 0x5f, 0x32, 0x30, 0x20, 0x3d, //           v_20 =
	0x20, 0x6d, 0x69, 0x6e, 0x28, 0x76, 0x5f, 0x36, 0x2e, 0x77, 0x2c, 0x20, 0x76, 0x5f, 0x38, 0x2e, //  min(v_6.w, v_8.
	0x77, 0x29, 0x3b, 0x0a, 0x20, 0x20, 0x20, 0x20, 0x20, 0x20, 0x20, 0x20, 0x20, 0x20, 0x20, 0x20, // w);.            
	0x20, 0x20, 0x20, 0x20, 0x20, 0x20, 0x20, 0x20, 0x20, 0x20, 0x20, 0x20, 0x7d, 0x0a, 0x20, 0x20, //             }.  
	0x20, 0x20, 0x20, 0x20, 0x20, 0x20, 0x20, 0x20, 0x20, 0x20, 0x20, 0x20, 0x20, 0x20, 0x20, 0x20, //                 
	0x20, 0x20, 0x20, 0x20, 0x20, 0x20, 0x76, 0x5f, 0x31, 0x37, 0x20, 0x3d, 0x20, 0x76, 0x5f, 0x32, //       v_17 = v_2
	0x30, 0x3b, 0x0a, 0x20, 0x20, 0x20, 0x20, 0x20, 0x20, 0x20, 0x20, 0x20, 0x20, 0x20, 0x20, 0x20, // 0;.             
	0x20, 0x20, 0x20, 0x20, 0x20, 0x20, 0x20, 0x20, 0x20, 0x7d, 0x0a, 0x20, 0x20, 0x20, 0x20, 0x20, //          }.     
	0x20, 0x20, 0x20, 0x20, 0x20, 0x20, 0x20, 0x20, 0x20, 0x20, 0x20, 0x20, 0x20, 0x20, 0x20, 0x20, //                 
	0x20, 0x76, 0x5f, 0x31, 0x36, 0x20, 0x3d, 0x20, 0x76, 0x5f, 0x31, 0x37, 0x3b, 0x0a, 0x20, 0x20, //  v_16 = v_17;.  
	0x20, 0x20, 0x20, 0x20, 0x20, 0x20, 0x20, 0x20, 0x20, 0x20, 0x20, 0x20, 0x20, 0x20, 0x20, 0x20, //                 
	0x20, 0x20, 0x7d, 0x0a, 0x20, 0x20, 0x20, 0x20, 0x20, 0x20, 0x20, 0x20, 0x20, 0x20, 0x20, 0x20, //   }.            
	0x20, 0x20, 0x20, 0x20, 0x20, 0x20, 0x20, 0x20, 0x76, 0x5f, 0x31, 0x35, 0x20, 0x3d, 0x20, 0x76, //         v_15 = v
	0x5f, 0x31, 0x36, 0x3b, 0x0a, 0x20, 0x20, 0x20, 0x20, 0x20, 0x20, 0x20, 0x20, 0x20, 0x20, 0x20, // _16;.           
	0x20, 0x20, 0x20, 0x20, 0x20, 0x20, 0x20, 0x7d, 0x0a, 0x20, 0x20, 0x20, 0x20, 0x20, 0x20, 0x20, //        }.       
	0x20, 0x20, 0x20, 0x20, 0x20, 0x20, 0x20, 0x20, 0x20, 0x20, 0x20, 0x76, 0x5f, 0x31, 0x33, 0x20, //            v_13 
	0x3d, 0x20, 0x76, 0x5f, 0x31, 0x35, 0x3b, 0x0a, 0x20, 0x20, 0x20, 0x20, 0x20, 0x20, 0x20, 0x20, // = v_15;.        
	0x20, 0x20, 0x20, 0x20, 0x20, 0x20, 0x20, 0x20, 0x7d, 0x0a, 0x20, 0x20, 0x20, 0x20, 0x20, 0x20, //         }.      
	0x20, 0x20, 0x20, 0x20, 0x20, 0x20, 0x20, 0x20, 0x20, 0x20, 0x76, 0x61, 0x72, 0x20, 0x76, 0x5f, //           var v_
	0x32, 0x31, 0x20, 0x3a, 0x20, 0x76, 0x65, 0x63, 0x34, 0x3c, 0x66, 0x33, 0x32, 0x3e, 0x20, 0x3d, // 21 : vec4<f32> =
	0x20, 0x76, 0x5f, 0x36, 0x3b, 0x0a, 0x20, 0x20, 0x20, 0x20, 0x20, 0x20, 0x20, 0x20, 0x20, 0x20, //  v_6;.          
	0x20, 0x20, 0x20, 0x20, 0x20, 0x20, 0x76, 0x5f, 0x32, 0x31, 0x2e, 0x77, 0x20, 0x3d, 0x20, 0x76, //       v_21.w = v
	0x5f, 0x31, 0x33, 0x3b, 0x0a, 0x20, 0x20, 0x20, 0x20, 0x20, 0x20, 0x20, 0x20, 0x20, 0x20, 0x20, // _13;.           
	0x20, 0x20, 0x20, 0x20, 0x20, 0x76, 0x5f, 0x31, 0x32, 0x20, 0x3d, 0x20, 0x76, 0x5f, 0x32, 0x31, //      v_12 = v_21
	0x3b, 0x0a, 0x20, 0x20, 0x20, 0x20, 0x20, 0x20, 0x20, 0x20, 0x20, 0x20, 0x20, 0x20, 0x20, 0x20, // ;.              
	0x7d, 0x0a, 0x20, 0x20, 0x20, 0x20, 0x20, 0x20, 0x20, 0x20, 0x20, 0x20, 0x20, 0x20, 0x20, 0x20, // }.              
	0x76, 0x5f, 0x31, 0x31, 0x20, 0x3d, 0x20, 0x76, 0x5f, 0x31, 0x32, 0x3b, 0x0a, 0x20, 0x20, 0x20, // v_11 = v_12;.   
	0x20, 0x20, 0x20, 0x20, 0x20, 0x20, 0x20, 0x20, 0x20, 0x7d, 0x0a, 0x20, 0x20, 0x20, 0x20, 0x20, //          }.     
	0x20, 0x20, 0x20, 0x20, 0x20, 0x20, 0x20, 0x76, 0x5f, 0x31, 0x30, 0x20, 0x3d, 0x20, 0x76, 0x5f, //        v_10 = v_
	0x31, 0x31, 0x3b, 0x0a, 0x20, 0x20, 0x20, 0x20, 0x20, 0x20, 0x20, 0x20, 0x20, 0x20, 0x7d, 0x0a, // 11;.          }.
	0x20, 0x20, 0x20, 0x20, 0x20, 0x20, 0x20, 0x20, 0x20, 0x20, 0x76, 0x5f, 0x39, 0x20, 0x3d, 0x20, //           v_9 = 
	0x76, 0x5f, 0x31, 0x30, 0x3b, 0x0a, 0x20, 0x20, 0x20, 0x20, 0x20, 0x20, 0x20, 0x20, 0x7d, 0x0a, // v_10;.        }.
	0x20, 0x20, 0x20, 0x20, 0x20, 0x20, 0x20, 0x20, 0x76, 0x5f, 0x37, 0x20, 0x3d, 0x20, 0x76, 0x5f, //         v_7 = v_
	0x39, 0x3b, 0x0a, 0x20, 0x20, 0x20, 0x20, 0x20, 0x20, 0x7d, 0x20, 0x65, 0x6c, 0x73, 0x65, 0x20, // 9;.      } else 
	0x7b, 0x0a, 0x20, 0x20, 0x20, 0x20, 0x20, 0x20, 0x20, 0x20, 0x76, 0x5f, 0x37, 0x20, 0x3d, 0x20, // {.        v_7 = 
	0x76, 0x5f, 0x36, 0x3b, 0x0a, 0x20, 0x20, 0x20, 0x20, 0x20, 0x20, 0x7d, 0x0a, 0x20, 0x20, 0x20, // v_6;.      }.   
	0x20, 0x20, 0x20, 0x6c, 0x65, 0x74, 0x20, 0x76, 0x5f, 0x32, 0x32, 0x20, 0x3d, 0x20, 0x76, 0x5f, //    let v_22 = v_
	0x37, 0x3b, 0x0a, 0x20, 0x20, 0x20, 0x20, 0x20, 0x20, 0x69, 0x66, 0x20, 0x28, 0x21, 0x28, 0x28, // 7;.      if (!((
	0x28, 0x76, 0x5f, 0x32, 0x20, 0x3e, 0x3d, 0x20, 0x35, 0x2e, 0x30, 0x66, 0x29, 0x20, 0x7c, 0x20, // (v_2 >= 5.0f) | 
	0x28, 0x76, 0x5f, 0x34, 0x20, 0x3e, 0x20, 0x30, 0x2e, 0x35, 0x66, 0x29, 0x29, 0x29, 0x29, 0x20, // (v_4 > 0.5f)))) 
	0x7b, 0x0a, 0x20, 0x20, 0x20, 0x20, 0x20, 0x20, 0x20, 0x20, 0x76, 0x61, 0x72, 0x20, 0x76, 0x5f, // {.        var v_
	0x32, 0x33, 0x20, 0x3a, 0x20, 0x76, 0x65, 0x63, 0x34, 0x3c, 0x66, 0x33, 0x32, 0x3e, 0x3b, 0x0a, // 23 : vec4<f32>;.
	0x20, 0x20, 0x20, 0x20, 0x20, 0x20, 0x20, 0x20, 0x69, 0x66, 0x20, 0x28, 0x28, 0x76, 0x5f, 0x35, //         if ((v_5
	0x20, 0x3e, 0x20, 0x30, 0x2e, 0x35, 0x66, 0x29, 0x29, 0x20, 0x7b, 0x0a, 0x20, 0x20, 0x20, 0x20, //  > 0.5f)) {.    
	0x20, 0x20, 0x20, 0x20, 0x20, 0x20, 0x6c, 0x65, 0x74, 0x20, 0x76, 0x5f, 0x32, 0x34, 0x20, 0x3d, //       let v_24 =
	0x20, 0x6d, 0x61, 0x78, 0x28, 0x76, 0x5f, 0x32, 0x32, 0x2e, 0x77, 0x2c, 0x20, 0x30, 0x2e, 0x30, //  max(v_22.w, 0.0
	0x30, 0x30, 0x30, 0x30, 0x30, 0x39, 0x39, 0x39, 0x39, 0x39, 0x39, 0x39, 0x39, 0x37, 0x34, 0x37, // 0000099999999747
	0x35, 0x32, 0x34, 0x66, 0x29, 0x3b, 0x0a, 0x20, 0x20, 0x20, 0x20, 0x20, 0x20, 0x20, 0x20, 0x20, // 524f);.         
	0x20, 0x6c, 0x65, 0x74, 0x20, 0x76, 0x5f, 0x32, 0x35, 0x20, 0x3d, 0x20, 0x28, 0x76, 0x5f, 0x32, //  let v_25 = (v_2
	0x32, 0x2e, 0x78, 0x79, 0x7a, 0x20, 0x2f, 0x20, 0x76, 0x65, 0x63, 0x33, 0x3c, 0x66, 0x33, 0x32, // 2.xyz / vec3<f32
	0x3e, 0x28, 0x76, 0x5f, 0x32, 0x34, 0x2c, 0x20, 0x76, 0x5f, 0x32, 0x34, 0x2c, 0x20, 0x76, 0x5f, // >(v_24, v_24, v_
	0x32, 0x34, 0x29, 0x29, 0x3b, 0x0a, 0x20, 0x20, 0x20, 0x20, 0x20, 0x20, 0x20, 0x20, 0x20, 0x20, // 24));.          
	0x76, 0x61, 0x72, 0x20, 0x76, 0x5f, 0x32, 0x36, 0x20, 0x3a, 0x20, 0x76, 0x65, 0x63, 0x34, 0x3c, // var v_26 : vec4<
	0x66, 0x33, 0x32, 0x3e, 0x20, 0x3d, 0x20, 0x76, 0x5f, 0x32, 0x32, 0x3b, 0x0a, 0x20, 0x20, 0x20, // f32> = v_22;.   
	0x20, 0x20, 0x20, 0x20, 0x20, 0x20, 0x20, 0x76, 0x5f, 0x32, 0x36, 0x2e, 0x78, 0x20, 0x3d, 0x20, //        v_26.x = 
	0x76, 0x5f, 0x32, 0x35, 0x2e, 0x78, 0x3b, 0x0a, 0x20, 0x20, 0x20, 0x20, 0x20, 0x20, 0x20, 0x20, // v_25.x;.        
	0x20, 0x20, 0x76, 0x61, 0x72, 0x20, 0x76, 0x5f, 0x32, 0x37, 0x20, 0x3a, 0x20, 0x76, 0x65, 0x63, //   var v_27 : vec
	0x34, 0x3c, 0x66, 0x33, 0x32, 0x3e, 0x20, 0x3d, 0x20, 0x76, 0x5f, 0x32, 0x36, 0x3b, 0x0a, 0x20, // 4<f32> = v_26;. 
	0x20, 0x20, 0x20, 0x20, 0x20, 0x20, 0x20, 0x20, 0x20, 0x76, 0x5f, 0x32, 0x37, 0x2e, 0x79, 0x20, //          v_27.y 
	0x3d, 0x20, 0x76, 0x5f, 0x32, 0x35, 0x2e, 0x79, 0x3b, 0x0a, 0x20, 0x20, 0x20, 0x20, 0x20, 0x20, // = v_25.y;.      
	0x20, 0x20, 0x20, 0x20, 0x76, 0x61, 0x72, 0x20, 0x76, 0x5f, 0x32, 0x38, 0x20, 0x3a, 0x20, 0x76, //     var v_28 : v
	0x65, 0x63, 0x34, 0x3c, 0x66, 0x33, 0x32, 0x3e, 0x20, 0x3d, 0x20, 0x76, 0x5f, 0x32, 0x37, 0x3b, // ec4<f32> = v_27;
	0x0a, 0x20, 0x20, 0x20, 0x20, 0x20, 0x20, 0x20, 0x20, 0x20, 0x20, 0x76, 0x5f, 0x32, 0x38, 0x2e, // .          v_28.
	0x7a, 0x20, 0x3d, 0x20, 0x76, 0x5f, 0x32, 0x35, 0x2e, 0x7a, 0x3b, 0x0a, 0x20, 0x20, 0x20, 0x20, // z = v_25.z;.    
	0x20, 0x20, 0x20, 0x20, 0x20, 0x20, 0x76, 0x5f, 0x32, 0x33, 0x20, 0x3d, 0x20, 0x76, 0x5f, 0x32, //       v_23 = v_2
	0x38, 0x3b, 0x0a, 0x20, 0x20, 0x20, 0x20, 0x20, 0x20, 0x20, 0x20, 0x7d, 0x20, 0x65, 0x6c, 0x73, // 8;.        } els
	0x65, 0x20, 0x7b, 0x0a, 0x20, 0x20, 0x20, 0x20, 0x20, 0x20, 0x20, 0x20, 0x20, 0x20, 0x76, 0x5f, // e {.          v_
	0x32, 0x33, 0x20, 0x3d, 0x20, 0x76, 0x5f, 0x32, 0x32, 0x3b, 0x0a, 0x20, 0x20, 0x20, 0x20, 0x20, // 23 = v_22;.     
	0x20, 0x20, 0x20, 0x7d, 0x0a, 0x20, 0x20, 0x20, 0x20, 0x20, 0x20, 0x20, 0x20, 0x76, 0x5f, 0x31, //    }.        v_1
	0x20, 0x3d, 0x20, 0x76, 0x5f, 0x32, 0x33, 0x3b, 0x0a, 0x20, 0x20, 0x20, 0x20, 0x20, 0x20, 0x20, //  = v_23;.       
	0x20, 0x62, 0x72, 0x65, 0x61, 0x6b, 0x3b, 0x0a, 0x20, 0x20, 0x20, 0x20, 0x20, 0x20, 0x7d, 0x0a, //  break;.      }.
	0x20, 0x20, 0x20, 0x20, 0x20, 0x20, 0x6c, 0x65, 0x74, 0x20, 0x76, 0x5f, 0x32, 0x39, 0x20, 0x3d, //       let v_29 =
	0x20, 0x74, 0x65, 0x78, 0x74, 0x75, 0x72, 0x65, 0x53, 0x61, 0x6d, 0x70, 0x6c, 0x65, 0x28, 0x73, //  textureSample(s
	0x5f, 0x64, 0x73, 0x74, 0x54, 0x65, 0x78, 0x74, 0x75, 0x72, 0x65, 0x2c, 0x20, 0x73, 0x5f, 0x64, // _dstTexture, s_d
	0x73, 0x74, 0x53, 0x61, 0x6d, 0x70, 0x6c, 0x65, 0x72, 0x2c, 0x20, 0x76, 0x5f, 0x75, 0x76, 0x29, // stSampler, v_uv)
	0x3b, 0x0a, 0x20, 0x20, 0x20, 0x20, 0x20, 0x20, 0x69, 0x66, 0x20, 0x28, 0x28, 0x76, 0x5f, 0x34, // ;.      if ((v_4
	0x20, 0x3c, 0x20, 0x30, 0x2e, 0x35, 0x66, 0x29, 0x29, 0x20, 0x7b, 0x0a, 0x20, 0x20, 0x20, 0x20, //  < 0.5f)) {.    
	0x20, 0x20, 0x20, 0x20, 0x6c, 0x65, 0x74, 0x20, 0x76, 0x5f, 0x33, 0x30, 0x20, 0x3d, 0x20, 0x76, //     let v_30 = v
	0x5f, 0x32, 0x32, 0x2e, 0x77, 0x3b, 0x0a, 0x20, 0x20, 0x20, 0x20, 0x20, 0x20, 0x20, 0x20, 0x6c, // _22.w;.        l
	0x65, 0x74, 0x20, 0x76, 0x5f, 0x33, 0x31, 0x20, 0x3d, 0x20, 0x28, 0x31, 0x2e, 0x30, 0x66, 0x20, // et v_31 = (1.0f 
	0x2d, 0x20, 0x76, 0x5f, 0x33, 0x30, 0x29, 0x3b, 0x0a, 0x20, 0x20, 0x20, 0x20, 0x20, 0x20, 0x20, // - v_30);.       
	0x20, 0x6c, 0x65, 0x74, 0x20, 0x76, 0x5f, 0x33, 0x32, 0x20, 0x3d, 0x20, 0x28, 0x76, 0x5f, 0x32, //  let v_32 = (v_2
	0x32, 0x2e, 0x78, 0x79, 0x7a, 0x20, 0x2b, 0x20, 0x28, 0x76, 0x5f, 0x32, 0x39, 0x2e, 0x78, 0x79, // 2.xyz + (v_29.xy
	0x7a, 0x20, 0x2a, 0x20, 0x76, 0x5f, 0x33, 0x31, 0x29, 0x29, 0x3b, 0x0a, 0x20, 0x20, 0x20, 0x20, // z * v_31));.    
	0x20, 0x20, 0x20, 0x20, 0x76, 0x5f, 0x31, 0x20, 0x3d, 0x20, 0x76, 0x65, 0x63, 0x34, 0x3c, 0x66, //     v_1 = vec4<f
	0x33, 0x32, 0x3e, 0x28, 0x76, 0x5f, 0x33, 0x32, 0x2e, 0x78, 0x2c, 0x20, 0x76, 0x5f, 0x33, 0x32, // 32>(v_32.x, v_32
	0x2e, 0x79, 0x2c, 0x20, 0x76, 0x5f, 0x33, 0x32, 0x2e, 0x7a, 0x2c, 0x20, 0x28, 0x76, 0x5f, 0x33, // .y, v_32.z, (v_3
	0x30, 0x20, 0x2b, 0x20, 0x28, 0x76, 0x5f, 0x32, 0x39, 0x2e, 0x77, 0x20, 0x2a, 0x20, 0x76, 0x5f, // 0 + (v_29.w * v_
	0x33, 0x31, 0x29, 0x29, 0x29, 0x3b, 0x0a, 0x20, 0x20, 0x20, 0x20, 0x20, 0x20, 0x20, 0x20, 0x62, // 31)));.        b
	0x72, 0x65, 0x61, 0x6b, 0x3b, 0x0a, 0x20, 0x20, 0x20, 0x20, 0x20, 0x20, 0x7d, 0x0a, 0x20, 0x20, // reak;.      }.  
	0x20, 0x20, 0x20, 0x20, 0x6c, 0x65, 0x74, 0x20, 0x76, 0x5f, 0x33, 0x33, 0x20, 0x3d, 0x20, 0x76, //     let v_33 = v
	0x5f, 0x32, 0x32, 0x2e, 0x77, 0x3b, 0x0a, 0x20, 0x20, 0x20, 0x20, 0x20, 0x20, 0x6c, 0x65, 0x74, // _22.w;.      let
	0x20, 0x76, 0x5f, 0x33, 0x34, 0x20, 0x3d, 0x20, 0x6d, 0x61, 0x78, 0x28, 0x76, 0x5f, 0x33, 0x33, //  v_34 = max(v_33
	0x2c, 0x20, 0x30, 0x2e, 0x30, 0x30, 0x30, 0x30, 0x30, 0x30, 0x39, 0x39, 0x39, 0x39, 0x39, 0x39, // , 0.000000999999
	0x39, 0x39, 0x37, 0x34, 0x37, 0x35, 0x32, 0x34, 0x66, 0x29, 0x3b, 0x0a, 0x20, 0x20, 0x20, 0x20, // 99747524f);.    
	0x20, 0x20, 0x6c, 0x65, 0x74, 0x20, 0x76, 0x5f, 0x33, 0x35, 0x20, 0x3d, 0x20, 0x28, 0x76, 0x5f, //   let v_35 = (v_
	0x32, 0x32, 0x2e, 0x78, 0x79, 0x7a, 0x20, 0x2f, 0x20, 0x76, 0x65, 0x63, 0x33, 0x3c, 0x66, 0x33, // 22.xyz / vec3<f3
	0x32, 0x3e, 0x28, 0x76, 0x5f, 0x33, 0x34, 0x2c, 0x20, 0x76, 0x5f, 0x33, 0x34, 0x2c, 0x20, 0x76, // 2>(v_34, v_34, v
	0x5f, 0x33, 0x34, 0x29, 0x29, 0x3b, 0x0a, 0x20, 0x20, 0x20, 0x20, 0x20, 0x20, 0x6c, 0x65, 0x74, // _34));.      let
	0x20, 0x76, 0x5f, 0x33, 0x36, 0x20, 0x3d, 0x20, 0x76, 0x5f, 0x32, 0x39, 0x2e, 0x78, 0x79, 0x7a, //  v_36 = v_29.xyz
	0x3b, 0x0a, 0x20, 0x20, 0x20, 0x20, 0x20, 0x20, 0x6c, 0x65, 0x74, 0x20, 0x76, 0x5f, 0x33, 0x37, // ;.      let v_37
	0x20, 0x3d, 0x20, 0x76, 0x5f, 0x32, 0x39, 0x2e, 0x77, 0x3b, 0x0a, 0x20, 0x20, 0x20, 0x20, 0x20, //  = v_29.w;.     
	0x20, 0x6c, 0x65, 0x74, 0x20, 0x76, 0x5f, 0x33, 0x38, 0x20, 0x3d, 0x20, 0x6d, 0x61, 0x78, 0x28, //  let v_38 = max(
	0x76, 0x5f, 0x33, 0x37, 0x2c, 0x20, 0x30, 0x2e, 0x30, 0x30, 0x30, 0x30, 0x30, 0x30, 0x39, 0x39, // v_37, 0.00000099
	0x39, 0x39, 0x39, 0x39, 0x39, 0x39, 0x37, 0x34, 0x37, 0x35, 0x32, 0x34, 0x66, 0x29, 0x3b, 0x0a, // 999999747524f);.
	0x20, 0x20, 0x20, 0x20, 0x20, 0x20, 0x6c, 0x65, 0x74, 0x20, 0x76, 0x5f, 0x33, 0x39, 0x20, 0x3d, //       let v_39 =
	0x20, 0x28, 0x76, 0x5f, 0x33, 0x36, 0x20, 0x2f, 0x20, 0x76, 0x65, 0x63, 0x33, 0x3c, 0x66, 0x33, //  (v_36 / vec3<f3
	0x32, 0x3e, 0x28, 0x76, 0x5f, 0x33, 0x38, 0x2c, 0x20, 0x76, 0x5f, 0x33, 0x38, 0x2c, 0x20, 0x76, // 2>(v_38, v_38, v
	0x5f, 0x33, 0x38, 0x29, 0x29, 0x3b, 0x0a, 0x20, 0x20, 0x20, 0x20, 0x20, 0x20, 0x76, 0x61, 0x72, // _38));.      var
	0x20, 0x76, 0x5f, 0x34, 0x30, 0x20, 0x3a, 0x20, 0x76, 0x65, 0x63, 0x33, 0x3c, 0x66, 0x33, 0x32, //  v_40 : vec3<f32
	0x3e, 0x3b, 0x0a, 0x20, 0x20, 0x20, 0x20, 0x20, 0x20, 0x73, 0x77, 0x69, 0x74, 0x63, 0x68, 0x28, // >;.      switch(
	0x30, 0x75, 0x29, 0x20, 0x7b, 0x0a, 0x20, 0x20, 0x20, 0x20, 0x20, 0x20, 0x20, 0x20, 0x64, 0x65, // 0u) {.        de
	0x66, 0x61, 0x75, 0x6c, 0x74, 0x3a, 0x20, 0x7b, 0x0a, 0x20, 0x20, 0x20, 0x20, 0x20, 0x20, 0x20, // fault: {.       
	0x20, 0x20, 0x20, 0x69, 0x66, 0x20, 0x28, 0x28, 0x76, 0x5f, 0x34, 0x20, 0x3c, 0x20, 0x32, 0x2e, //    if ((v_4 < 2.
	0x35, 0x66, 0x29, 0x29, 0x20, 0x7b, 0x0a, 0x20, 0x20, 0x20, 0x20, 0x20, 0x20, 0x20, 0x20, 0x20, // 5f)) {.         
	0x20, 0x20, 0x20, 0x6c, 0x65, 0x74, 0x20, 0x76, 0x5f, 0x34, 0x31, 0x20, 0x3d, 0x20, 0x28, 0x76, //    let v_41 = (v
	0x5f, 0x34, 0x20, 0x3c, 0x20, 0x32, 0x2e, 0x30, 0x66, 0x29, 0x3b, 0x0a, 0x20, 0x20, 0x20, 0x20, // _4 < 2.0f);.    
	0x20, 0x20, 0x20, 0x20, 0x20, 0x20, 0x20, 0x20, 0x6c, 0x65, 0x74, 0x20, 0x76, 0x5f, 0x34, 0x32, //         let v_42
	0x20, 0x3d, 0x20, 0x28, 0x76, 0x5f, 0x33, 0x35, 0x20, 0x2a, 0x20, 0x76, 0x5f, 0x33, 0x39, 0x29, //  = (v_35 * v_39)
	0x3b, 0x0a, 0x20, 0x20, 0x20, 0x20, 0x20, 0x20, 0x20, 0x20, 0x20, 0x20, 0x20, 0x20, 0x76, 0x5f, // ;.            v_
	0x34, 0x30, 0x20, 0x3d, 0x20, 0x73, 0x65, 0x6c, 0x65, 0x63, 0x74, 0x28, 0x28, 0x28, 0x76, 0x5f, // 40 = select(((v_
	0x33, 0x35, 0x20, 0x2b, 0x20, 0x76, 0x5f, 0x33, 0x39, 0x29, 0x20, 0x2d, 0x20, 0x76, 0x5f, 0x34, // 35 + v_39) - v_4
	0x32, 0x29, 0x2c, 0x20, 0x76, 0x5f, 0x34, 0x32, 0x2c, 0x20, 0x76, 0x65, 0x63, 0x33, 0x3c, 0x62, // 2), v_42, vec3<b
	0x6f, 0x6f, 0x6c, 0x3e, 0x28, 0x76, 0x5f, 0x34, 0x31, 0x2c, 0x20, 0x76, 0x5f, 0x34, 0x31, 0x2c, // ool>(v_41, v_41,
	0x20, 0x76, 0x5f, 0x34, 0x31, 0x29, 0x29, 0x3b, 0x0a, 0x20, 0x20, 0x20, 0x20, 0x20, 0x20, 0x20, //  v_41));.       
	0x20, 0x20, 0x20, 0x20, 0x20, 0x62, 0x72, 0x65, 0x61, 0x6b, 0x3b, 0x0a, 0x20, 0x20, 0x20, 0x20, //      break;.    
	0x20, 0x20, 0x20, 0x20, 0x20, 0x20, 0x7d, 0x0a, 0x20, 0x20, 0x20, 0x20, 0x20, 0x20, 0x20, 0x20, //       }.        
	0x20, 0x20, 0x6c, 0x65, 0x74, 0x20, 0x76, 0x5f, 0x34, 0x33, 0x20, 0x3d, 0x20, 0x28, 0x76, 0x5f, //   let v_43 = (v_
	0x33, 0x35, 0x20, 0x2a, 0x20, 0x32, 0x2e, 0x30, 0x66, 0x29, 0x3b, 0x0a, 0x20, 0x20, 0x20, 0x20, // 35 * 2.0f);.    
	0x20, 0x20, 0x20, 0x20, 0x20, 0x20, 0x6c, 0x65, 0x74, 0x20, 0x76, 0x5f, 0x34, 0x34, 0x20, 0x3d, //       let v_44 =
	0x20, 0x28, 0x76, 0x5f, 0x34, 0x33, 0x20, 0x2a, 0x20, 0x76, 0x5f, 0x33, 0x39, 0x29, 0x3b, 0x0a, //  (v_43 * v_39);.
	0x20, 0x20, 0x20, 0x20, 0x20, 0x20, 0x20, 0x20, 0x20, 0x20, 0x6c, 0x65, 0x74, 0x20, 0x76, 0x5f, //           let v_
	0x34, 0x35, 0x20, 0x3d, 0x20, 0x28, 0x76, 0x65, 0x63, 0x33, 0x3c, 0x66, 0x33, 0x32, 0x3e, 0x28, // 45 = (vec3<f32>(
	0x31, 0x2e, 0x30, 0x66, 0x29, 0x20, 0x2d, 0x20, 0x76, 0x5f, 0x33, 0x35, 0x29, 0x3b, 0x0a, 0x20, // 1.0f) - v_35);. 
	0x20, 0x20, 0x20, 0x20, 0x20, 0x20, 0x20, 0x20, 0x20, 0x6c, 0x65, 0x74, 0x20, 0x76, 0x5f, 0x34, //          let v_4
	0x36, 0x20, 0x3d, 0x20, 0x28, 0x76, 0x65, 0x63, 0x33, 0x3c, 0x66, 0x33, 0x32, 0x3e, 0x28, 0x31, // 6 = (vec3<f32>(1
	0x2e, 0x30, 0x66, 0x29, 0x20, 0x2d, 0x20, 0x76, 0x5f, 0x33, 0x39, 0x29, 0x3b, 0x0a, 0x20, 0x20, // .0f) - v_39);.  
	0x20, 0x20, 0x20, 0x20, 0x20, 0x20, 0x20, 0x20, 0x6c, 0x65, 0x74, 0x20, 0x76, 0x5f, 0x34, 0x37, //         let v_47
	0x20, 0x3d, 0x20, 0x28, 0x76, 0x65, 0x63, 0x33, 0x3c, 0x66, 0x33, 0x32, 0x3e, 0x28, 0x31, 0x2e, //  = (vec3<f32>(1.
	0x30, 0x66, 0x29, 0x20, 0x2d, 0x20, 0x28, 0x28, 0x76, 0x5f, 0x34, 0x35, 0x20, 0x2a, 0x20, 0x32, // 0f) - ((v_45 * 2
	0x2e, 0x30, 0x66, 0x29, 0x20, 0x2a, 0x20, 0x76, 0x5f, 0x34, 0x36, 0x29, 0x29, 0x3b, 0x0a, 0x20, // .0f) * v_46));. 
	0x20, 0x20, 0x20, 0x20, 0x20, 0x20, 0x20, 0x20, 0x20, 0x69, 0x66, 0x20, 0x28, 0x28, 0x76, 0x5f, //          if ((v_
	0x34, 0x20, 0x3c, 0x20, 0x33, 0x2e, 0x35, 0x66, 0x29, 0x29, 0x20, 0x7b, 0x0a, 0x20, 0x20, 0x20, // 4 < 3.5f)) {.   
	0x20, 0x20, 0x20, 0x20, 0x20, 0x20, 0x20, 0x20, 0x20, 0x76, 0x5f, 0x34, 0x30, 0x20, 0x3d, 0x20, //          v_40 = 
	0x6d, 0x69, 0x78, 0x28, 0x76, 0x5f, 0x34, 0x34, 0x2c, 0x20, 0x76, 0x5f, 0x34, 0x37, 0x2c, 0x20, // mix(v_44, v_47, 
	0x73, 0x74, 0x65, 0x70, 0x28, 0x76, 0x65, 0x63, 0x33, 0x3c, 0x66, 0x33, 0x32, 0x3e, 0x28, 0x30, // step(vec3<f32>(0
	0x2e, 0x35, 0x66, 0x29, 0x2c, 0x20, 0x76, 0x5f, 0x33, 0x39, 0x29, 0x29, 0x3b, 0x0a, 0x20, 0x20, // .5f), v_39));.  
	0x20, 0x20, 0x20, 0x20, 0x20, 0x20, 0x20, 0x20, 0x20, 0x20, 0x62, 0x72, 0x65, 0x61, 0x6b, 0x3b, //           break;
	0x0a, 0x20, 0x20, 0x20, 0x20, 0x20, 0x20, 0x20, 0x20, 0x20, 0x20, 0x7d, 0x0a, 0x20, 0x20, 0x20, // .          }.   
	0x20, 0x20, 0x20, 0x20, 0x20, 0x20, 0x20, 0x69, 0x66, 0x20, 0x28, 0x28, 0x76, 0x5f, 0x34, 0x20, //        if ((v_4 
	0x3c, 0x20, 0x35, 0x2e, 0x35, 0x66, 0x29, 0x29, 0x20, 0x7b, 0x0a, 0x20, 0x20, 0x20, 0x20, 0x20, // < 5.5f)) {.     
	0x20, 0x20, 0x20, 0x20, 0x20, 0x20, 0x20, 0x6c, 0x65, 0x74, 0x20, 0x76, 0x5f, 0x34, 0x38, 0x20, //        let v_48 
	0x3d, 0x20, 0x28, 0x76, 0x5f, 0x34, 0x20, 0x3c, 0x20, 0x35, 0x2e, 0x30, 0x66, 0x29, 0x3b, 0x0a, // = (v_4 < 5.0f);.
	0x20, 0x20, 0x20, 0x20, 0x20, 0x20, 0x20, 0x20, 0x20, 0x20, 0x20, 0x20, 0x6c, 0x65, 0x74, 0x20, //             let 
	0x76, 0x5f, 0x34, 0x39, 0x20, 0x3d, 0x20, 0x6d, 0x69, 0x6e, 0x28, 0x76, 0x5f, 0x33, 0x35, 0x2c, // v_49 = min(v_35,
	0x20, 0x76, 0x5f, 0x33, 0x39, 0x29, 0x3b, 0x0a, 0x20, 0x20, 0x20, 0x20, 0x20, 0x20, 0x20, 0x20, //  v_39);.        
	0x20, 0x20, 0x20, 0x20, 0x76, 0x5f, 0x34, 0x30, 0x20, 0x3d, 0x20, 0x73, 0x65, 0x6c, 0x65, 0x63, //     v_40 = selec
	0x74, 0x28, 0x6d, 0x61, 0x78, 0x28, 0x76, 0x5f, 0x33, 0x35, 0x2c, 0x20, 0x76, 0x5f, 0x33, 0x39, // t(max(v_35, v_39
	0x29, 0x2c, 0x20, 0x76, 0x5f, 0x34, 0x39, 0x2c, 0x20, 0x76, 0x65, 0x63, 0x33, 0x3c, 0x62, 0x6f, // ), v_49, vec3<bo
	0x6f, 0x6c, 0x3e, 0x28, 0x76, 0x5f, 0x34, 0x38, 0x2c, 0x20, 0x76, 0x5f, 0x34, 0x38, 0x2c, 0x20, // ol>(v_48, v_48, 
	0x76, 0x5f, 0x34, 0x38, 0x29, 0x29, 0x3b, 0x0a, 0x20, 0x20, 0x20, 0x20, 0x20, 0x20, 0x20, 0x20, // v_48));.        
	0x20, 0x20, 0x20, 0x20, 0x62, 0x72, 0x65, 0x61, 0x6b, 0x3b, 0x0a, 0x20, 0x20, 0x20, 0x20, 0x20, //     break;.     
	0x20, 0x20, 0x20, 0x20, 0x20, 0x7d, 0x0a, 0x20, 0x20, 0x20, 0x20, 0x20, 0x20, 0x20, 0x20, 0x20, //      }.         
	0x20, 0x69, 0x66, 0x20, 0x28, 0x28, 0x76, 0x5f, 0x34, 0x20, 0x3c, 0x20, 0x36, 0x2e, 0x35, 0x66, //  if ((v_4 < 6.5f
	0x29, 0x29, 0x20, 0x7b, 0x0a, 0x20, 0x20, 0x20, 0x20, 0x20, 0x20, 0x20, 0x20, 0x20, 0x20, 0x20, // )) {.           
	0x20, 0x76, 0x5f, 0x34, 0x30, 0x20, 0x3d, 0x20, 0x6d, 0x69, 0x6e, 0x28, 0x76, 0x65, 0x63, 0x33, //  v_40 = min(vec3
	0x3c, 0x66, 0x33, 0x32, 0x3e, 0x28, 0x31, 0x2e, 0x30, 0x66, 0x29, 0x2c, 0x20, 0x28, 0x76, 0x5f, // <f32>(1.0f), (v_
	0x33, 0x39, 0x20, 0x2f, 0x20, 0x6d, 0x61, 0x78, 0x28, 0x76, 0x65, 0x63, 0x33, 0x3c, 0x66, 0x33, // 39 / max(vec3<f3
	0x32, 0x3e, 0x28, 0x30, 0x2e, 0x30, 0x30, 0x30, 0x30, 0x30, 0x30, 0x39, 0x39, 0x39, 0x39, 0x39, // 2>(0.00000099999
	0x39, 0x39, 0x39, 0x37, 0x34, 0x37, 0x35, 0x32, 0x34, 0x66, 0x29, 0x2c, 0x20, 0x76, 0x5f, 0x34, // 999747524f), v_4
	0x35, 0x29, 0x29, 0x29, 0x3b, 0x0a, 0x20, 0x20, 0x20, 0x20, 0x20, 0x20, 0x20, 0x20, 0x20, 0x20, // 5)));.          
	0x20, 0x20, 0x62, 0x72, 0x65, 0x61, 0x6b, 0x3b, 0x0a, 0x20, 0x20, 0x20, 0x20, 0x20, 0x20, 0x20, //   break;.       
	0x20, 0x20, 0x20, 0x7d, 0x0a, 0x20, 0x20, 0x20, 0x20, 0x20, 0x20, 0x20, 0x20, 0x20, 0x20, 0x69, //    }.          i
	0x66, 0x20, 0x28, 0x28, 0x76, 0x5f, 0x34, 0x20, 0x3c, 0x20, 0x37, 0x2e, 0x35, 0x66, 0x29, 0x29, // f ((v_4 < 7.5f))
	0x20, 0x7b, 0x0a, 0x20, 0x20, 0x20, 0x20, 0x20, 0x20, 0x20, 0x20, 0x20, 0x20, 0x20, 0x20, 0x76, //  {.            v
	0x5f, 0x34, 0x30, 0x20, 0x3d, 0x20, 0x28, 0x76, 0x65, 0x63, 0x33, 0x3c, 0x66, 0x33, 0x32, 0x3e, // _40 = (vec3<f32>
	0x28, 0x31, 0x2e, 0x30, 0x66, 0x29, 0x20, 0x2d, 0x20, 0x6d, 0x69, 0x6e, 0x28, 0x76, 0x65, 0x63, // (1.0f) - min(vec
	0x33, 0x3c, 0x66, 0x33, 0x32, 0x3e, 0x28, 0x31, 0x2e, 0x30, 0x66, 0x29, 0x2c, 0x20, 0x28, 0x76, // 3<f32>(1.0f), (v
	0x5f, 0x34, 0x36, 0x20, 0x2f, 0x20, 0x6d, 0x61, 0x78, 0x28, 0x76, 0x65, 0x63, 0x33, 0x3c, 0x66, // _46 / max(vec3<f
	0x33, 0x32, 0x3e, 0x28, 0x30, 0x2e, 0x30, 0x30, 0x30, 0x30, 0x30, 0x30, 0x39, 0x39, 0x39, 0x39, // 32>(0.0000009999
	0x39, 0x39, 0x39, 0x39, 0x37, 0x34, 0x37, 0x35, 0x32, 0x34, 0x66, 0x29, 0x2c, 0x20, 0x76, 0x5f, // 9999747524f), v_
	0x33, 0x35, 0x29, 0x29, 0x29, 0x29, 0x3b, 0x0a, 0x20, 0x20, 0x20, 0x20, 0x20, 0x20, 0x20, 0x20, // 35))));.        
	0x20, 0x20, 0x20, 0x20, 0x62, 0x72, 0x65, 0x61, 0x6b, 0x3b, 0x0a, 0x20, 0x20, 0x20, 0x20, 0x20, //     break;.     
	0x20, 0x20, 0x20, 0x20, 0x20, 0x7d, 0x0a, 0x20, 0x20, 0x20, 0x20, 0x20, 0x20, 0x20, 0x20, 0x20, //      }.         
	0x20, 0x69, 0x66, 0x20, 0x28, 0x28, 0x76, 0x5f, 0x34, 0x20, 0x3c, 0x20, 0x38, 0x2e, 0x35, 0x66, //  if ((v_4 < 8.5f
	0x29, 0x29, 0x20, 0x7b, 0x0a, 0x20, 0x20, 0x20, 0x20, 0x20, 0x20, 0x20, 0x20, 0x20, 0x20, 0x20, // )) {.           
	0x20, 0x76, 0x5f, 0x34, 0x30, 0x20, 0x3d, 0x20, 0x6d, 0x69, 0x78, 0x28, 0x76, 0x5f, 0x34, 0x34, //  v_40 = mix(v_44
	0x2c, 0x20, 0x76, 0x5f, 0x34, 0x37, 0x2c, 0x20, 0x73, 0x74, 0x65, 0x70, 0x28, 0x76, 0x65, 0x63, // , v_47, step(vec
	0x33, 0x3c, 0x66, 0x33, 0x32, 0x3e, 0x28, 0x30, 0x2e, 0x35, 0x66, 0x29, 0x2c, 0x20, 0x76, 0x5f, // 3<f32>(0.5f), v_
	0x33, 0x35, 0x29, 0x29, 0x3b, 0x0a, 0x20, 0x20, 0x20, 0x20, 0x20, 0x20, 0x20, 0x20, 0x20, 0x20, // 35));.          
	0x20, 0x20, 0x62, 0x72, 0x65, 0x61, 0x6b, 0x3b, 0x0a, 0x20, 0x20, 0x20, 0x20, 0x20, 0x20, 0x20, //   break;.       
	0x20, 0x20, 0x20, 0x7d, 0x0a, 0x20, 0x20, 0x20, 0x20, 0x20, 0x20, 0x20, 0x20, 0x20, 0x20, 0x69, //    }.          i
	0x66, 0x20, 0x28, 0x28, 0x76, 0x5f, 0x34, 0x20, 0x3c, 0x20, 0x39, 0x2e, 0x35, 0x66, 0x29, 0x29, // f ((v_4 < 9.5f))
	0x20, 0x7b, 0x0a, 0x20, 0x20, 0x20, 0x20, 0x20, 0x20, 0x20, 0x20, 0x20, 0x20, 0x20, 0x20, 0x76, //  {.            v
	0x5f, 0x34, 0x30, 0x20, 0x3d, 0x20, 0x6d, 0x69, 0x78, 0x28, 0x28, 0x76, 0x5f, 0x33, 0x39, 0x20, // _40 = mix((v_39 
	0x2d, 0x20, 0x28, 0x28, 0x28, 0x76, 0x65, 0x63, 0x33, 0x3c, 0x66, 0x33, 0x32, 0x3e, 0x28, 0x31, // - (((vec3<f32>(1
	0x2e, 0x30, 0x66, 0x29, 0x20, 0x2d, 0x20, 0x76, 0x5f, 0x34, 0x33, 0x29, 0x20, 0x2a, 0x20, 0x76, // .0f) - v_43) * v
	0x5f, 0x33, 0x39, 0x29, 0x20, 0x2a, 0x20, 0x76, 0x5f, 0x34, 0x36, 0x29, 0x29, 0x2c, 0x20, 0x28, // _39) * v_46)), (
	0x76, 0x5f, 0x33, 0x39, 0x20, 0x2b, 0x20, 0x28, 0x28, 0x76, 0x5f, 0x34, 0x33, 0x20, 0x2d, 0x20, // v_39 + ((v_43 - 
	0x76, 0x65, 0x63, 0x33, 0x3c, 0x66, 0x33, 0x32, 0x3e, 0x28, 0x31, 0x2e, 0x30, 0x66, 0x29, 0x29, // vec3<f32>(1.0f))
	0x20, 0x2a, 0x20, 0x28, 0x6d, 0x69, 0x78, 0x28, 0x73, 0x71, 0x72, 0x74, 0x28, 0x76, 0x5f, 0x33, //  * (mix(sqrt(v_3
	0x39, 0x29, 0x2c, 0x20, 0x28, 0x28, 0x28, 0x28, 0x28, 0x76, 0x5f, 0x33, 0x39, 0x20, 0x2a, 0x20, // 9), (((((v_39 * 
	0x31, 0x36, 0x2e, 0x30, 0x66, 0x29, 0x20, 0x2d, 0x20, 0x76, 0x65, 0x63, 0x33, 0x3c, 0x66, 0x33, // 16.0f) - vec3<f3
	0x32, 0x3e, 0x28, 0x31, 0x32, 0x2e, 0x30, 0x66, 0x29, 0x29, 0x20, 0x2a, 0x20, 0x76, 0x5f, 0x33, // 2>(12.0f)) * v_3
	0x39, 0x29, 0x20, 0x2b, 0x20, 0x76, 0x65, 0x63, 0x33, 0x3c, 0x66, 0x33, 0x32, 0x3e, 0x28, 0x34, // 9) + vec3<f32>(4
	0x2e, 0x30, 0x66, 0x29, 0x29, 0x20, 0x2a, 0x20, 0x76, 0x5f, 0x33, 0x39, 0x29, 0x2c, 0x20, 0x73, // .0f)) * v_39), s
	0x74, 0x65, 0x70, 0x28, 0x76, 0x5f, 0x33, 0x39, 0x2c, 0x20, 0x76, 0x65, 0x63, 0x33, 0x3c, 0x66, // tep(v_39, vec3<f
	0x33, 0x32, 0x3e, 0x28, 0x30, 0x2e, 0x32, 0x35, 0x66, 0x29, 0x29, 0x29, 0x20, 0x2d, 0x20, 0x76, // 32>(0.25f))) - v
	0x5f, 0x33, 0x39, 0x29, 0x29, 0x29, 0x2c, 0x20, 0x73, 0x74, 0x65, 0x70, 0x28, 0x76, 0x5f, 0x33, // _39))), step(v_3
	0x35, 0x2c, 0x20, 0x76, 0x65, 0x63, 0x33, 0x3c, 0x66, 0x33, 0x32, 0x3e, 0x28, 0x30, 0x2e, 0x35, // 5, vec3<f32>(0.5
	0x66, 0x29, 0x29, 0x29, 0x3b, 0x0a, 0x20, 0x20, 0x20, 0x20, 0x20, 0x20, 0x20, 0x20, 0x20, 0x20, // f)));.          
	0x20, 0x20, 0x62, 0x72, 0x65, 0x61, 0x6b, 0x3b, 0x0a, 0x20, 0x20, 0x20, 0x20, 0x20, 0x20, 0x20, //   break;.       
	0x20, 0x20, 0x20, 0x7d, 0x0a, 0x20, 0x20, 0x20, 0x20, 0x20, 0x20, 0x20, 0x20, 0x20, 0x20, 0x69, //    }.          i
	0x66, 0x20, 0x28, 0x28, 0x76, 0x5f, 0x34, 0x20, 0x3c, 0x20, 0x31, 0x30, 0x2e, 0x35, 0x66, 0x29, // f ((v_4 < 10.5f)
	0x29, 0x20, 0x7b, 0x0a, 0x20, 0x20, 0x20, 0x20, 0x20, 0x20, 0x20, 0x20, 0x20, 0x20, 0x20, 0x20, // ) {.            
	0x76, 0x5f, 0x34, 0x30, 0x20, 0x3d, 0x20, 0x61, 0x62, 0x73, 0x28, 0x28, 0x76, 0x5f, 0x33, 0x35, // v_40 = abs((v_35
	0x20, 0x2d, 0x20, 0x76, 0x5f, 0x33, 0x39, 0x29, 0x29, 0x3b, 0x0a, 0x20, 0x20, 0x20, 0x20, 0x20, //  - v_39));.     
	0x20, 0x20, 0x20, 0x20, 0x20, 0x20, 0x20, 0x62, 0x72, 0x65, 0x61, 0x6b, 0x3b, 0x0a, 0x20, 0x20, //        break;.  
	0x20, 0x20, 0x20, 0x20, 0x20, 0x20, 0x20, 0x20, 0x7d, 0x0a, 0x20, 0x20, 0x20, 0x20, 0x20, 0x20, //         }.      
	0x20, 0x20, 0x20, 0x20, 0x76, 0x5f, 0x34, 0x30, 0x20, 0x3d, 0x20, 0x28, 0x28, 0x76, 0x5f, 0x33, //     v_40 = ((v_3
	0x35, 0x20, 0x2b, 0x20, 0x76, 0x5f, 0x33, 0x39, 0x29, 0x20, 0x2d, 0x20, 0x76, 0x5f, 0x34, 0x34, // 5 + v_39) - v_44
	0x29, 0x3b, 0x0a, 0x20, 0x20, 0x20, 0x20, 0x20, 0x20, 0x20, 0x20, 0x7d, 0x0a, 0x20, 0x20, 0x20, // );.        }.   
	0x20, 0x20, 0x20, 0x7d, 0x0a, 0x20, 0x20, 0x20, 0x20, 0x20, 0x20, 0x6c, 0x65, 0x74, 0x20, 0x76, //    }.      let v
	0x5f, 0x35, 0x30, 0x20, 0x3d, 0x20, 0x28, 0x31, 0x2e, 0x30, 0x66, 0x20, 0x2d, 0x20, 0x76, 0x5f, // _50 = (1.0f - v_
	0x33, 0x33, 0x29, 0x3b, 0x0a, 0x20, 0x20, 0x20, 0x20, 0x20, 0x20, 0x6c, 0x65, 0x74, 0x20, 0x76, // 33);.      let v
	0x5f, 0x35, 0x31, 0x20, 0x3d, 0x20, 0x28, 0x28, 0x76, 0x5f, 0x34, 0x30, 0x20, 0x2a, 0x20, 0x76, // _51 = ((v_40 * v
	0x5f, 0x33, 0x33, 0x29, 0x20, 0x2b, 0x20, 0x28, 0x76, 0x5f, 0x33, 0x36, 0x20, 0x2a, 0x20, 0x76, // _33) + (v_36 * v
	0x5f, 0x35, 0x30, 0x29, 0x29, 0x3b, 0x0a, 0x20, 0x20, 0x20, 0x20, 0x20, 0x20, 0x76, 0x5f, 0x31, // _50));.      v_1
	0x20, 0x3d, 0x20, 0x76, 0x65, 0x63, 0x34, 0x3c, 0x66, 0x33, 0x32, 0x3e, 0x28, 0x76, 0x5f, 0x35, //  = vec4<f32>(v_5
	0x31, 0x2e, 0x78, 0x2c, 0x20, 0x76, 0x5f, 0x35, 0x31, 0x2e, 0x79, 0x2c, 0x20, 0x76, 0x5f, 0x35, // 1.x, v_51.y, v_5
	0x31, 0x2e, 0x7a, 0x2c, 0x20, 0x28, 0x76, 0x5f, 0x33, 0x33, 0x20, 0x2b, 0x20, 0x28, 0x76, 0x5f, // 1.z, (v_33 + (v_
	0x33, 0x37, 0x20, 0x2a, 0x20, 0x76, 0x5f, 0x35, 0x30, 0x29, 0x29, 0x29, 0x3b, 0x0a, 0x20, 0x20, // 37 * v_50)));.  
	0x20, 0x20, 0x7d, 0x0a, 0x20, 0x20, 0x7d, 0x0a, 0x20, 0x20, 0x62, 0x67, 0x66, 0x78, 0x5f, 0x46, //   }.  }.  bgfx_F
	0x72, 0x61, 0x67, 0x44, 0x61, 0x74, 0x61, 0x30, 0x20, 0x3d, 0x20, 0x76, 0x5f, 0x31, 0x3b, 0x0a, // ragData0 = v_1;.
	0x7d, 0x0a, 0x0a, 0x40, 0x66, 0x72, 0x61, 0x67, 0x6d, 0x65, 0x6e, 0x74, 0x0a, 0x66, 0x6e, 0x20, // }..@fragment.fn 
	0x6d, 0x61, 0x69, 0x6e, 0x28, 0x40, 0x6c, 0x6f, 0x63, 0x61, 0x74, 0x69, 0x6f, 0x6e, 0x28, 0x32, // main(@location(2
	0x75, 0x29, 0x20, 0x76, 0x5f, 0x75, 0x76, 0x20, 0x3a, 0x20, 0x76, 0x65, 0x63, 0x32, 0x3c, 0x66, // u) v_uv : vec2<f
	0x33, 0x32, 0x3e, 0x29, 0x20, 0x2d, 0x3e, 0x20, 0x40, 0x6c, 0x6f, 0x63, 0x61, 0x74, 0x69, 0x6f, // 32>) -> @locatio
	0x6e, 0x28, 0x30, 0x75, 0x29, 0x20, 0x76, 0x65, 0x63, 0x34, 0x3c, 0x66, 0x33, 0x32, 0x3e, 0x20, // n(0u) vec4<f32> 
	0x7b, 0x0a, 0x20, 0x20, 0x6d, 0x61, 0x69, 0x6e, 0x5f, 0x69, 0x6e, 0x6e, 0x65, 0x72, 0x28, 0x76, // {.  main_inner(v
	0x5f, 0x75, 0x76, 0x29, 0x3b, 0x0a, 0x20, 0x20, 0x72, 0x65, 0x74, 0x75, 0x72, 0x6e, 0x20, 0x62, // _uv);.  return b
	0x67, 0x66, 0x78, 0x5f, 0x46, 0x72, 0x61, 0x67, 0x44, 0x61, 0x74, 0x61, 0x30, 0x3b, 0x0a, 0x7d, // gfx_FragData0;.}
	0x0a, 0x00, 0x00, 0x10, 0x00, 0x10, 0x00,                                                       // .......
};
static const uint8_t fs_blit_dxbc[4696] =
{
	0x46, 0x53, 0x48, 0x0c, 0x29, 0x3e, 0x5c, 0xd3, 0x00, 0x00, 0x00, 0x00, 0x00, 0x00, 0x00, 0x00, // FSH.)>..........
	0x00, 0x00, 0x00, 0x00, 0x04, 0x00, 0x06, 0x75, 0x5f, 0x62, 0x6c, 0x69, 0x74, 0x12, 0x00, 0x00, // .......u_blit...
	0x00, 0x01, 0x00, 0x00, 0x00, 0x00, 0x00, 0x05, 0x73, 0x5f, 0x74, 0x65, 0x78, 0x30, 0x01, 0x01, // ........s_tex0..
	0x00, 0x01, 0x00, 0x00, 0x02, 0x00, 0x00, 0x06, 0x73, 0x5f, 0x6d, 0x61, 0x73, 0x6b, 0x30, 0x01, // ........s_mask0.
	0x02, 0x00, 0x01, 0x00, 0x00, 0x02, 0x00, 0x00, 0x05, 0x73, 0x5f, 0x64, 0x73, 0x74, 0x30, 0x01, // .........s_dst0.
	0x03, 0x00, 0x01, 0x00, 0x00, 0x02, 0x00, 0x00, 0xf8, 0x11, 0x00, 0x00, 0x44, 0x58, 0x42, 0x43, // ............DXBC
	0xc4, 0x19, 0x6a, 0xd6, 0xf4, 0x61, 0x98, 0x7a, 0x13, 0xdb, 0x17, 0x79, 0x68, 0xf5, 0xb5, 0x39, // ..j..a.z...yh..9
	0x01, 0x00, 0x00, 0x00, 0xf8, 0x11, 0x00, 0x00, 0x03, 0x00, 0x00, 0x00, 0x2c, 0x00, 0x00, 0x00, // ............,...
	0xb8, 0x00, 0x00, 0x00, 0xec, 0x00, 0x00, 0x00, 0x49, 0x53, 0x47, 0x4e, 0x84, 0x00, 0x00, 0x00, // ........ISGN....
	0x04, 0x00, 0x00, 0x00, 0x08, 0x00, 0x00, 0x00, 0x68, 0x00, 0x00, 0x00, 0x00, 0x00, 0x00, 0x00, // ........h.......
	0x01, 0x00, 0x00, 0x00, 0x03, 0x00, 0x00, 0x00, 0x00, 0x00, 0x00, 0x00, 0x0f, 0x00, 0x00, 0x00, // ................
	0x74, 0x00, 0x00, 0x00, 0x00, 0x00, 0x00, 0x00, 0x00, 0x00, 0x00, 0x00, 0x03, 0x00, 0x00, 0x00, // t...............
	0x01, 0x00, 0x00, 0x00, 0x0f, 0x00, 0x00, 0x00, 0x7a, 0x00, 0x00, 0x00, 0x01, 0x00, 0x00, 0x00, // ........z.......
	0x00, 0x00, 0x00, 0x00, 0x03, 0x00, 0x00, 0x00, 0x02, 0x00, 0x00, 0x00, 0x03, 0x00, 0x00, 0x00, // ................
	0x7a, 0x00, 0x00, 0x00, 0x00, 0x00, 0x00, 0x00, 0x00, 0x00, 0x00, 0x00, 0x03, 0x00, 0x00, 0x00, // z...............
	0x02, 0x00, 0x00, 0x00, 0x0c, 0x0c, 0x00, 0x00, 0x53, 0x56, 0x5f, 0x50, 0x4f, 0x53, 0x49, 0x54, // ........SV_POSIT
	0x49, 0x4f, 0x4e, 0x00, 0x43, 0x4f, 0x4c, 0x4f, 0x52, 0x00, 0x54, 0x45, 0x58, 0x43, 0x4f, 0x4f, // ION.COLOR.TEXCOO
	0x52, 0x44, 0x00, 0xab, 0x4f, 0x53, 0x47, 0x4e, 0x2c, 0x00, 0x00, 0x00, 0x01, 0x00, 0x00, 0x00, // RD..OSGN,.......
	0x08, 0x00, 0x00, 0x00, 0x20, 0x00, 0x00, 0x00, 0x00, 0x00, 0x00, 0x00, 0x00, 0x00, 0x00, 0x00, // .... ...........
	0x03, 0x00, 0x00, 0x00, 0x00, 0x00, 0x00, 0x00, 0x0f, 0x00, 0x00, 0x00, 0x53, 0x56, 0x5f, 0x54, // ............SV_T
	0x41, 0x52, 0x47, 0x45, 0x54, 0x00, 0xab, 0xab, 0x53, 0x48, 0x45, 0x58, 0x04, 0x11, 0x00, 0x00, // ARGET...SHEX....
	0x50, 0x00, 0x00, 0x00, 0x41, 0x04, 0x00, 0x00, 0x6a, 0x08, 0x00, 0x01, 0x59, 0x00, 0x00, 0x04, // P...A...j...Y...
	0x46, 0x8e, 0x20, 0x00, 0x00, 0x00, 0x00, 0x00, 0x01, 0x00, 0x00, 0x00, 0x5a, 0x00, 0x00, 0x03, // F. .........Z...
	0x00, 0x60, 0x10, 0x00, 0x01, 0x00, 0x00, 0x00, 0x5a, 0x00, 0x00, 0x03, 0x00, 0x60, 0x10, 0x00, // .`......Z....`..
	0x02, 0x00, 0x00, 0x00, 0x5a, 0x00, 0x00, 0x03, 0x00, 0x60, 0x10, 0x00, 0x03, 0x00, 0x00, 0x00, // ....Z....`......
	0x58, 0x18, 0x00, 0x04, 0x00, 0x70, 0x10, 0x00, 0x01, 0x00, 0x00, 0x00, 0x55, 0x55, 0x00, 0x00, // X....p......UU..
	0x58, 0x18, 0x00, 0x04, 0x00, 0x70, 0x10, 0x00, 0x02, 0x00, 0x00, 0x00, 0x55, 0x55, 0x00, 0x00, // X....p......UU..
	0x58, 0x18, 0x00, 0x04, 0x00, 0x70, 0x10, 0x00, 0x03, 0x00, 0x00, 0x00, 0x55, 0x55, 0x00, 0x00, // X....p......UU..
	0x62, 0x10, 0x00, 0x03, 0xc2, 0x10, 0x10, 0x00, 0x02, 0x00, 0x00, 0x00, 0x65, 0x00, 0x00, 0x03, // b...........e...
	0xf2, 0x20, 0x10, 0x00, 0x00, 0x00, 0x00, 0x00, 0x68, 0x00, 0x00, 0x02, 0x0d, 0x00, 0x00, 0x00, // . ......h.......
	0x45, 0x00, 0x00, 0x8b, 0xc2, 0x00, 0x00, 0x80, 0x43, 0x55, 0x15, 0x00, 0xf2, 0x00, 0x10, 0x00, // E.......CU......
	0x00, 0x00, 0x00, 0x00, 0xe6, 0x1a, 0x10, 0x00, 0x02, 0x00, 0x00, 0x00, 0x46, 0x7e, 0x10, 0x00, // ............F~..
	0x01, 0x00, 0x00, 0x00, 0x00, 0x60, 0x10, 0x00, 0x01, 0x00, 0x00, 0x00, 0x38, 0x00, 0x00, 0x08, // .....`......8...
	0xf2, 0x00, 0x10, 0x00, 0x01, 0x00, 0x00, 0x00, 0x46, 0x0e, 0x10, 0x00, 0x00, 0x00, 0x00, 0x00, // ........F.......
	0x56, 0x85, 0x20, 0x00, 0x00, 0x00, 0x00, 0x00, 0x00, 0x00, 0x00, 0x00, 0x31, 0x00, 0x00, 0x0b, // V. .........1...
	0x32, 0x00, 0x10, 0x00, 0x00, 0x00, 0x00, 0x00, 0x02, 0x40, 0x00, 0x00, 0x00, 0x00, 0x00, 0x3f, // 2........@.....?
	0x00, 0x00, 0x00, 0x3f, 0x00, 0x00, 0x00, 0x00, 0x00, 0x00, 0x00, 0x00, 0x86, 0x80, 0x20, 0x00, // ...?.......... .
	0x00, 0x00, 0x00, 0x00, 0x00, 0x00, 0x00, 0x00, 0x1f, 0x00, 0x04, 0x03, 0x0a, 0x00, 0x10, 0x00, // ................
	0x00, 0x00, 0x00, 0x00, 0x45, 0x00, 0x00, 0x8b, 0xc2, 0x00, 0x00, 0x80, 0x43, 0x55, 0x15, 0x00, // ....E.......CU..
	0xf2, 0x00, 0x10, 0x00, 0x02, 0x00, 0x00, 0x00, 0xe6, 0x1a, 0x10, 0x00, 0x02, 0x00, 0x00, 0x00, // ................
	0x46, 0x7e, 0x10, 0x00, 0x02, 0x00, 0x00, 0x00, 0x00, 0x60, 0x10, 0x00, 0x02, 0x00, 0x00, 0x00, // F~.......`......
	0x31, 0x00, 0x00, 0x08, 0x12, 0x00, 0x10, 0x00, 0x00, 0x00, 0x00, 0x00, 0x0a, 0x80, 0x20, 0x00, // 1............. .
	0x00, 0x00, 0x00, 0x00, 0x00, 0x00, 0x00, 0x00, 0x01, 0x40, 0x00, 0x00, 0x00, 0x00, 0xc0, 0x3f, // .........@.....?
	0x1f, 0x00, 0x04, 0x03, 0x0a, 0x00, 0x10, 0x00, 0x00, 0x00, 0x00, 0x00, 0x38, 0x00, 0x00, 0x07, // ............8...
	0xf2, 0x00, 0x10, 0x00, 0x01, 0x00, 0x00, 0x00, 0x46, 0x0e, 0x10, 0x00, 0x01, 0x00, 0x00, 0x00, // ........F.......
	0xf6, 0x0f, 0x10, 0x00, 0x02, 0x00, 0x00, 0x00, 0x36, 0x00, 0x00, 0x05, 0x72, 0x00, 0x10, 0x00, // ........6...r...
	0x03, 0x00, 0x00, 0x00, 0x46, 0x02, 0x10, 0x00, 0x01, 0x00, 0x00, 0x00, 0x12, 0x00, 0x00, 0x01, // ....F...........
	0x31, 0x00, 0x00, 0x08, 0x12, 0x00, 0x10, 0x00, 0x00, 0x00, 0x00, 0x00, 0x0a, 0x80, 0x20, 0x00, // 1............. .
	0x00, 0x00, 0x00, 0x00, 0x00, 0x00, 0x00, 0x00, 0x01, 0x40, 0x00, 0x00, 0x00, 0x00, 0x20, 0x40, // .........@.... @
	0x1f, 0x00, 0x04, 0x03, 0x0a, 0x00, 0x10, 0x00, 0x00, 0x00, 0x00, 0x00, 0x00, 0x00, 0x00, 0x08, // ................
	0x12, 0x00, 0x10, 0x00, 0x00, 0x00, 0x00, 0x00, 0x3a, 0x00, 0x10, 0x80, 0x41, 0x00, 0x00, 0x00, // ........:...A...
	0x02, 0x00, 0x00, 0x00, 0x01, 0x40, 0x00, 0x00, 0x00, 0x00, 0x80, 0x3f, 0x38, 0x00, 0x00, 0x07, // .....@.....?8...
	0xf2, 0x00, 0x10, 0x00, 0x01, 0x00, 0x00, 0x00, 0x06, 0x00, 0x10, 0x00, 0x00, 0x00, 0x00, 0x00, // ................
	0x46, 0x0e, 0x10, 0x00, 0x01, 0x00, 0x00, 0x00, 0x36, 0x00, 0x00, 0x05, 0x72, 0x00, 0x10, 0x00, // F.......6...r...
	0x03, 0x00, 0x00, 0x00, 0x46, 0x02, 0x10, 0x00, 0x01, 0x00, 0x00, 0x00, 0x12, 0x00, 0x00, 0x01, // ....F...........
	0x31, 0x00, 0x00, 0x08, 0x12, 0x00, 0x10, 0x00, 0x00, 0x00, 0x00, 0x00, 0x0a, 0x80, 0x20, 0x00, // 1............. .
	0x00, 0x00, 0x00, 0x00, 0x00, 0x00, 0x00, 0x00, 0x01, 0x40, 0x00, 0x00, 0x00, 0x00, 0x60, 0x40, // .........@....`@
	0x1f, 0x00, 0x04, 0x03, 0x0a, 0x00, 0x10, 0x00, 0x00, 0x00, 0x00, 0x00, 0x10, 0x00, 0x00, 0x0a, // ................
	0x12, 0x00, 0x10, 0x00, 0x00, 0x00, 0x00, 0x00, 0x46, 0x02, 0x10, 0x00, 0x02, 0x00, 0x00, 0x00, // ........F.......
	0x02, 0x40, 0x00, 0x00, 0xd0, 0xb3, 0x59, 0x3e, 0x59, 0x17, 0x37, 0x3f, 0x98, 0xdd, 0x93, 0x3d, // .@....Y>Y.7?...=
	0x00, 0x00, 0x00, 0x00, 0x38, 0x00, 0x00, 0x07, 0xf2, 0x00, 0x10, 0x00, 0x01, 0x00, 0x00, 0x00, // ....8...........
	0x06, 0x00, 0x10, 0x00, 0x00, 0x00, 0x00, 0x00, 0x46, 0x0e, 0x10, 0x00, 0x01, 0x00, 0x00, 0x00, // ........F.......
	0x36, 0x00, 0x00, 0x05, 0x72, 0x00, 0x10, 0x00, 0x03, 0x00, 0x00, 0x00, 0x46, 0x02, 0x10, 0x00, // 6...r.......F...
	0x01, 0x00, 0x00, 0x00, 0x12, 0x00, 0x00, 0x01, 0x31, 0x00, 0x00, 0x08, 0x12, 0x00, 0x10, 0x00, // ........1.......
	0x00, 0x00, 0x00, 0x00, 0x0a, 0x80, 0x20, 0x00, 0x00, 0x00, 0x00, 0x00, 0x00, 0x00, 0x00, 0x00, // ...... .........
	0x01, 0x40, 0x00, 0x00, 0x00, 0x00, 0x90, 0x40, 0x1f, 0x00, 0x04, 0x03, 0x0a, 0x00, 0x10, 0x00, // .@.....@........
	0x00, 0x00, 0x00, 0x00, 0x10, 0x00, 0x00, 0x0a, 0x12, 0x00, 0x10, 0x00, 0x00, 0x00, 0x00, 0x00, // ................
	0x46, 0x02, 0x10, 0x00, 0x02, 0x00, 0x00, 0x00, 0x02, 0x40, 0x00, 0x00, 0xd0, 0xb3, 0x59, 0x3e, // F........@....Y>
	0x59, 0x17, 0x37, 0x3f, 0x98, 0xdd, 0x93, 0x3d, 0x00, 0x00, 0x00, 0x00, 0x00, 0x00, 0x00, 0x08, // Y.7?...=........
	0x12, 0x00, 0x10, 0x00, 0x00, 0x00, 0x00, 0x00, 0x0a, 0x00, 0x10, 0x80, 0x41, 0x00, 0x00, 0x00, // ............A...
	0x00, 0x00, 0x00, 0x00, 0x01, 0x40, 0x00, 0x00, 0x00, 0x00, 0x80, 0x3f, 0x38, 0x00, 0x00, 0x07, // .....@.....?8...
	0xf2, 0x00, 0x10, 0x00, 0x01, 0x00, 0x00, 0x00, 0x06, 0x00, 0x10, 0x00, 0x00, 0x00, 0x00, 0x00, // ................
	0x46, 0x0e, 0x10, 0x00, 0x01, 0x00, 0x00, 0x00, 0x36, 0x00, 0x00, 0x05, 0x72, 0x00, 0x10, 0x00, // F.......6...r...
	0x03, 0x00, 0x00, 0x00, 0x46, 0x02, 0x10, 0x00, 0x01, 0x00, 0x00, 0x00, 0x12, 0x00, 0x00, 0x01, // ....F...........
	0x32, 0x00, 0x00, 0x0b, 0x12, 0x00, 0x10, 0x00, 0x00, 0x00, 0x00, 0x00, 0x3a, 0x00, 0x10, 0x80, // 2...........:...
	0x41, 0x00, 0x00, 0x00, 0x00, 0x00, 0x00, 0x00, 0x1a, 0x80, 0x20, 0x00, 0x00, 0x00, 0x00, 0x00, // A......... .....
	0x00, 0x00, 0x00, 0x00, 0x01, 0x40, 0x00, 0x00, 0x00, 0x00, 0x80, 0x3f, 0x38, 0x00, 0x00, 0x07, // .....@.....?8...
	0x12, 0x00, 0x10, 0x00, 0x00, 0x00, 0x00, 0x00, 0x0a, 0x00, 0x10, 0x00, 0x00, 0x00, 0x00, 0x00, // ................
	0x3a, 0x00, 0x10, 0x00, 0x02, 0x00, 0x00, 0x00, 0x32, 0x00, 0x00, 0x0a, 0x42, 0x00, 0x10, 0x00, // :.......2...B...
	0x00, 0x00, 0x00, 0x00, 0x3a, 0x00, 0x10, 0x00, 0x00, 0x00, 0x00, 0x00, 0x1a, 0x80, 0x20, 0x00, // ....:......... .
	0x00, 0x00, 0x00, 0x00, 0x00, 0x00, 0x00, 0x00, 0x0a, 0x00, 0x10, 0x00, 0x00, 0x00, 0x00, 0x00, // ................
	0x00, 0x00, 0x00, 0x08, 0x82, 0x00, 0x10, 0x00, 0x00, 0x00, 0x00, 0x00, 0x3a, 0x00, 0x10, 0x80, // ............:...
	0x41, 0x00, 0x00, 0x00, 0x02, 0x00, 0x00, 0x00, 0x01, 0x40, 0x00, 0x00, 0x00, 0x00, 0x80, 0x3f, // A........@.....?
	0x38, 0x00, 0x00, 0x07, 0x12, 0x00, 0x10, 0x00, 0x02, 0x00, 0x00, 0x00, 0x3a, 0x00, 0x10, 0x00, // 8...........:...
	0x00, 0x00, 0x00, 0x00, 0x3a, 0x00, 0x10, 0x00, 0x01, 0x00, 0x00, 0x00, 0x38, 0x00, 0x00, 0x07, // ....:.......8...
	0x22, 0x00, 0x10, 0x00, 0x02, 0x00, 0x00, 0x00, 0x3a, 0x00, 0x10, 0x00, 0x01, 0x00, 0x00, 0x00, // ".......:.......
	0x3a, 0x00, 0x10, 0x00, 0x02, 0x00, 0x00, 0x00, 0x31, 0x00, 0x00, 0x0b, 0xf2, 0x00, 0x10, 0x00, // :.......1.......
	0x04, 0x00, 0x00, 0x00, 0x06, 0x80, 0x20, 0x00, 0x00, 0x00, 0x00, 0x00, 0x00, 0x00, 0x00, 0x00, // ...... .........
	0x02, 0x40, 0x00, 0x00, 0x00, 0x00, 0xb0, 0x40, 0x00, 0x00, 0xd0, 0x40, 0x00, 0x00, 0xf0, 0x40, // .@.....@...@...@
	0x00, 0x00, 0x08, 0x41, 0x32, 0x00, 0x00, 0x09, 0x12, 0x00, 0x10, 0x00, 0x00, 0x00, 0x00, 0x00, // ...A2...........
	0x3a, 0x00, 0x10, 0x00, 0x01, 0x00, 0x00, 0x00, 0x3a, 0x00, 0x10, 0x00, 0x00, 0x00, 0x00, 0x00, // :.......:.......
	0x0a, 0x00, 0x10, 0x00, 0x00, 0x00, 0x00, 0x00, 0x31, 0x00, 0x00, 0x08, 0x82, 0x00, 0x10, 0x00, // ........1.......
	0x00, 0x00, 0x00, 0x00, 0x0a, 0x80, 0x20, 0x00, 0x00, 0x00, 0x00, 0x00, 0x00, 0x00, 0x00, 0x00, // ...... .........
	0x01, 0x40, 0x00, 0x00, 0x00, 0x00, 0x18, 0x41, 0x34, 0x00, 0x00, 0x07, 0x42, 0x00, 0x10, 0x00, // .@.....A4...B...
	0x02, 0x00, 0x00, 0x00, 0x3a, 0x00, 0x10, 0x00, 0x01, 0x00, 0x00, 0x00, 0x3a, 0x00, 0x10, 0x00, // ....:.......:...
	0x02, 0x00, 0x00, 0x00, 0x33, 0x00, 0x00, 0x07, 0x82, 0x00, 0x10, 0x00, 0x02, 0x00, 0x00, 0x00, // ....3...........
	0x3a, 0x00, 0x10, 0x00, 0x01, 0x00, 0x00, 0x00, 0x3a, 0x00, 0x10, 0x00, 0x02, 0x00, 0x00, 0x00, // :.......:.......
	0x37, 0x00, 0x00, 0x09, 0x82, 0x00, 0x10, 0x00, 0x00, 0x00, 0x00, 0x00, 0x3a, 0x00, 0x10, 0x00, // 7...........:...
	0x00, 0x00, 0x00, 0x00, 0x2a, 0x00, 0x10, 0x00, 0x02, 0x00, 0x00, 0x00, 0x3a, 0x00, 0x10, 0x00, // ....*.......:...
	0x02, 0x00, 0x00, 0x00, 0x37, 0x00, 0x00, 0x09, 0x12, 0x00, 0x10, 0x00, 0x00, 0x00, 0x00, 0x00, // ....7...........
	0x3a, 0x00, 0x10, 0x00, 0x04, 0x00, 0x00, 0x00, 0x0a, 0x00, 0x10, 0x00, 0x00, 0x00, 0x00, 0x00, // :...............
	0x3a, 0x00, 0x10, 0x00, 0x00, 0x00, 0x00, 0x00, 0x37, 0x00, 0x00, 0x09, 0x12, 0x00, 0x10, 0x00, // :.......7.......
	0x00, 0x00, 0x00, 0x00, 0x2a, 0x00, 0x10, 0x00, 0x04, 0x00, 0x00, 0x00, 0x1a, 0x00, 0x10, 0x00, // ....*...........
	0x02, 0x00, 0x00, 0x00, 0x0a, 0x00, 0x10, 0x00, 0x00, 0x00, 0x00, 0x00, 0x37, 0x00, 0x00, 0x09, // ............7...
	0x12, 0x00, 0x10, 0x00, 0x00, 0x00, 0x00, 0x00, 0x1a, 0x00, 0x10, 0x00, 0x04, 0x00, 0x00, 0x00, // ................
	0x0a, 0x00, 0x10, 0x00, 0x02, 0x00, 0x00, 0x00, 0x0a, 0x00, 0x10, 0x00, 0x00, 0x00, 0x00, 0x00, // ................
	0x37, 0x00, 0x00, 0x09, 0x82, 0x00, 0x10, 0x00, 0x01, 0x00, 0x00, 0x00, 0x0a, 0x00, 0x10, 0x00, // 7...............
	0x04, 0x00, 0x00, 0x00, 0x2a, 0x00, 0x10, 0x00, 0x00, 0x00, 0x00, 0x00, 0x0a, 0x00, 0x10, 0x00, // ....*...........
	0x00, 0x00, 0x00, 0x00, 0x36, 0x00, 0x00, 0x05, 0x72, 0x00, 0x10, 0x00, 0x03, 0x00, 0x00, 0x00, // ....6...r.......
	0x46, 0x02, 0x10, 0x00, 0x01, 0x00, 0x00, 0x00, 0x15, 0x00, 0x00, 0x01, 0x15, 0x00, 0x00, 0x01, // F...............
	0x15, 0x00, 0x00, 0x01, 0x15, 0x00, 0x00, 0x01, 0x12, 0x00, 0x00, 0x01, 0x36, 0x00, 0x00, 0x05, // ............6...
	0x72, 0x00, 0x10, 0x00, 0x03, 0x00, 0x00, 0x00, 0x46, 0x02, 0x10, 0x00, 0x01, 0x00, 0x00, 0x00, // r.......F.......
	0x15, 0x00, 0x00, 0x01, 0x1d, 0x00, 0x00, 0x08, 0x12, 0x00, 0x10, 0x00, 0x00, 0x00, 0x00, 0x00, // ................
	0x0a, 0x80, 0x20, 0x00, 0x00, 0x00, 0x00, 0x00, 0x00, 0x00, 0x00, 0x00, 0x01, 0x40, 0x00, 0x00, // .. ..........@..
	0x00, 0x00, 0xa0, 0x40, 0x3c, 0x00, 0x00, 0x07, 0x12, 0x00, 0x10, 0x00, 0x00, 0x00, 0x00, 0x00, // ...@<...........
	0x1a, 0x00, 0x10, 0x00, 0x00, 0x00, 0x00, 0x00, 0x0a, 0x00, 0x10, 0x00, 0x00, 0x00, 0x00, 0x00, // ................
	0x1f, 0x00, 0x00, 0x03, 0x0a, 0x00, 0x10, 0x00, 0x00, 0x00, 0x00, 0x00, 0x31, 0x00, 0x00, 0x08, // ............1...
	0x12, 0x00, 0x10, 0x00, 0x00, 0x00, 0x00, 0x00, 0x01, 0x40, 0x00, 0x00, 0x00, 0x00, 0x00, 0x3f, // .........@.....?
	0x3a, 0x80, 0x20, 0x00, 0x00, 0x00, 0x00, 0x00, 0x00, 0x00, 0x00, 0x00, 0x34, 0x00, 0x00, 0x07, // :. .........4...
	0x22, 0x00, 0x10, 0x00, 0x00, 0x00, 0x00, 0x00, 0x3a, 0x00, 0x10, 0x00, 0x01, 0x00, 0x00, 0x00, // ".......:.......
	0x01, 0x40, 0x00, 0x00, 0xbd, 0x37, 0x86, 0x35, 0x0e, 0x00, 0x00, 0x07, 0xe2, 0x00, 0x10, 0x00, // .@...7.5........
	0x00, 0x00, 0x00, 0x00, 0x06, 0x09, 0x10, 0x00, 0x03, 0x00, 0x00, 0x00, 0x56, 0x05, 0x10, 0x00, // ............V...
	0x00, 0x00, 0x00, 0x00, 0x37, 0x00, 0x00, 0x09, 0x72, 0x00, 0x10, 0x00, 0x01, 0x00, 0x00, 0x00, // ....7...r.......
	0x06, 0x00, 0x10, 0x00, 0x00, 0x00, 0x00, 0x00, 0x96, 0x07, 0x10, 0x00, 0x00, 0x00, 0x00, 0x00, // ................
	0x46, 0x02, 0x10, 0x00, 0x03, 0x00, 0x00, 0x00, 0x36, 0x00, 0x00, 0x05, 0xf2, 0x20, 0x10, 0x00, // F.......6.... ..
	0x00, 0x00, 0x00, 0x00, 0x46, 0x0e, 0x10, 0x00, 0x01, 0x00, 0x00, 0x00, 0x3e, 0x00, 0x00, 0x01, // ....F.......>...
	0x15, 0x00, 0x00, 0x01, 0x45, 0x00, 0x00, 0x8b, 0xc2, 0x00, 0x00, 0x80, 0x43, 0x55, 0x15, 0x00, // ....E.......CU..
	0xf2, 0x00, 0x10, 0x00, 0x00, 0x00, 0x00, 0x00, 0xe6, 0x1a, 0x10, 0x00, 0x02, 0x00, 0x00, 0x00, // ................
	0x46, 0x7e, 0x10, 0x00, 0x03, 0x00, 0x00, 0x00, 0x00, 0x60, 0x10, 0x00, 0x03, 0x00, 0x00, 0x00, // F~.......`......
	0x31, 0x00, 0x00, 0x08, 0x12, 0x00, 0x10, 0x00, 0x01, 0x00, 0x00, 0x00, 0x2a, 0x80, 0x20, 0x00, // 1...........*. .
	0x00, 0x00, 0x00, 0x00, 0x00, 0x00, 0x00, 0x00, 0x01, 0x40, 0x00, 0x00, 0x00, 0x00, 0x00, 0x3f, // .........@.....?
	0x1f, 0x00, 0x04, 0x03, 0x0a, 0x00, 0x10, 0x00, 0x01, 0x00, 0x00, 0x00, 0x00, 0x00, 0x00, 0x08, // ................
	0x12, 0x00, 0x10, 0x00, 0x01, 0x00, 0x00, 0x00, 0x3a, 0x00, 0x10, 0x80, 0x41, 0x00, 0x00, 0x00, // ........:...A...
	0x01, 0x00, 0x00, 0x00, 0x01, 0x40, 0x00, 0x00, 0x00, 0x00, 0x80, 0x3f, 0x32, 0x00, 0x00, 0x09, // .....@.....?2...
	0x72, 0x20, 0x10, 0x00, 0x00, 0x00, 0x00, 0x00, 0x46, 0x02, 0x10, 0x00, 0x00, 0x00, 0x00, 0x00, // r ......F.......
	0x06, 0x00, 0x10, 0x00, 0x01, 0x00, 0x00, 0x00, 0x46, 0x02, 0x10, 0x00, 0x03, 0x00, 0x00, 0x00, // ........F.......
	0x32, 0x00, 0x00, 0x09, 0x82, 0x20, 0x10, 0x00, 0x00, 0x00, 0x00, 0x00, 0x3a, 0x00, 0x10, 0x00, // 2.... ......:...
	0x00, 0x00, 0x00, 0x00, 0x0a, 0x00, 0x10, 0x00, 0x01, 0x00, 0x00, 0x00, 0x3a, 0x00, 0x10, 0x00, // ............:...
	0x01, 0x00, 0x00, 0x00, 0x3e, 0x00, 0x00, 0x01, 0x15, 0x00, 0x00, 0x01, 0x34, 0x00, 0x00, 0x07, // ....>.......4...
	0x12, 0x00, 0x10, 0x00, 0x01, 0x00, 0x00, 0x00, 0x3a, 0x00, 0x10, 0x00, 0x01, 0x00, 0x00, 0x00, // ........:.......
	0x01, 0x40, 0x00, 0x00, 0xbd, 0x37, 0x86, 0x35, 0x0e, 0x00, 0x00, 0x07, 0x72, 0x00, 0x10, 0x00, // .@...7.5....r...
	0x01, 0x00, 0x00, 0x00, 0x46, 0x02, 0x10, 0x00, 0x03, 0x00, 0x00, 0x00, 0x06, 0x00, 0x10, 0x00, // ....F...........
	0x01, 0x00, 0x00, 0x00, 0x34, 0x00, 0x00, 0x07, 0x12, 0x00, 0x10, 0x00, 0x02, 0x00, 0x00, 0x00, // ....4...........
	0x3a, 0x00, 0x10, 0x00, 0x00, 0x00, 0x00, 0x00, 0x01, 0x40, 0x00, 0x00, 0xbd, 0x37, 0x86, 0x35, // :........@...7.5
	0x0e, 0x00, 0x00, 0x07, 0x72, 0x00, 0x10, 0x00, 0x02, 0x00, 0x00, 0x00, 0x46, 0x02, 0x10, 0x00, // ....r.......F...
	0x00, 0x00, 0x00, 0x00, 0x06, 0x00, 0x10, 0x00, 0x02, 0x00, 0x00, 0x00, 0x00, 0x00, 0x00, 0x07, // ................
	0x72, 0x00, 0x10, 0x00, 0x03, 0x00, 0x00, 0x00, 0x46, 0x02, 0x10, 0x00, 0x01, 0x00, 0x00, 0x00, // r.......F.......
	0x46, 0x02, 0x10, 0x00, 0x02, 0x00, 0x00, 0x00, 0x1d, 0x00, 0x00, 0x08, 0x82, 0x00, 0x10, 0x00, // F...............
	0x02, 0x00, 0x00, 0x00, 0x2a, 0x80, 0x20, 0x00, 0x00, 0x00, 0x00, 0x00, 0x00, 0x00, 0x00, 0x00, // ....*. .........
	0x01, 0x40, 0x00, 0x00, 0x00, 0x00, 0x20, 0x40, 0x1f, 0x00, 0x04, 0x03, 0x3a, 0x00, 0x10, 0x00, // .@.... @....:...
	0x02, 0x00, 0x00, 0x00, 0x00, 0x00, 0x00, 0x07, 0x72, 0x00, 0x10, 0x00, 0x04, 0x00, 0x00, 0x00, // ........r.......
	0x46, 0x02, 0x10, 0x00, 0x01, 0x00, 0x00, 0x00, 0x46, 0x02, 0x10, 0x00, 0x01, 0x00, 0x00, 0x00, // F.......F.......
	0x38, 0x00, 0x00, 0x07, 0x72, 0x00, 0x10, 0x00, 0x05, 0x00, 0x00, 0x00, 0x46, 0x02, 0x10, 0x00, // 8...r.......F...
	0x02, 0x00, 0x00, 0x00, 0x46, 0x02, 0x10, 0x00, 0x04, 0x00, 0x00, 0x00, 0x00, 0x00, 0x00, 0x0b, // ....F...........
	0x72, 0x00, 0x10, 0x00, 0x06, 0x00, 0x00, 0x00, 0x46, 0x02, 0x10, 0x80, 0x41, 0x00, 0x00, 0x00, // r.......F...A...
	0x01, 0x00, 0x00, 0x00, 0x02, 0x40, 0x00, 0x00, 0x00, 0x00, 0x80, 0x3f, 0x00, 0x00, 0x80, 0x3f, // .....@.....?...?
	0x00, 0x00, 0x80, 0x3f, 0x00, 0x00, 0x00, 0x00, 0x00, 0x00, 0x00, 0x07, 0x72, 0x00, 0x10, 0x00, // ...?........r...
	0x07, 0x00, 0x00, 0x00, 0x46, 0x02, 0x10, 0x00, 0x06, 0x00, 0x00, 0x00, 0x46, 0x02, 0x10, 0x00, // ....F.......F...
	0x06, 0x00, 0x00, 0x00, 0x00, 0x00, 0x00, 0x0b, 0x72, 0x00, 0x10, 0x00, 0x08, 0x00, 0x00, 0x00, // ........r.......
	0x46, 0x02, 0x10, 0x80, 0x41, 0x00, 0x00, 0x00, 0x02, 0x00, 0x00, 0x00, 0x02, 0x40, 0x00, 0x00, // F...A........@..
	0x00, 0x00, 0x80, 0x3f, 0x00, 0x00, 0x80, 0x3f, 0x00, 0x00, 0x80, 0x3f, 0x00, 0x00, 0x00, 0x00, // ...?...?...?....
	0x32, 0x00, 0x00, 0x0d, 0x72, 0x00, 0x10, 0x00, 0x07, 0x00, 0x00, 0x00, 0x46, 0x02, 0x10, 0x80, // 2...r.......F...
	0x41, 0x00, 0x00, 0x00, 0x07, 0x00, 0x00, 0x00, 0x46, 0x02, 0x10, 0x00, 0x08, 0x00, 0x00, 0x00, // A.......F.......
	0x02, 0x40, 0x00, 0x00, 0x00, 0x00, 0x80, 0x3f, 0x00, 0x00, 0x80, 0x3f, 0x00, 0x00, 0x80, 0x3f, // .@.....?...?...?
	0x00, 0x00, 0x00, 0x00, 0x32, 0x00, 0x00, 0x0a, 0x72, 0x00, 0x10, 0x00, 0x07, 0x00, 0x00, 0x00, // ....2...r.......
	0x46, 0x02, 0x10, 0x80, 0x41, 0x00, 0x00, 0x00, 0x04, 0x00, 0x00, 0x00, 0x46, 0x02, 0x10, 0x00, // F...A.......F...
	0x02, 0x00, 0x00, 0x00, 0x46, 0x02, 0x10, 0x00, 0x07, 0x00, 0x00, 0x00, 0x1d, 0x00, 0x00, 0x08, // ....F...........
	0x82, 0x00, 0x10, 0x00, 0x02, 0x00, 0x00, 0x00, 0x2a, 0x80, 0x20, 0x00, 0x00, 0x00, 0x00, 0x00, // ........*. .....
	0x00, 0x00, 0x00, 0x00, 0x01, 0x40, 0x00, 0x00, 0x00, 0x00, 0x60, 0x40, 0x1f, 0x00, 0x04, 0x03, // .....@....`@....
	0x3a, 0x00, 0x10, 0x00, 0x02, 0x00, 0x00, 0x00, 0x1d, 0x00, 0x00, 0x08, 0x82, 0x00, 0x10, 0x00, // :...............
	0x02, 0x00, 0x00, 0x00, 0x2a, 0x80, 0x20, 0x00, 0x00, 0x00, 0x00, 0x00, 0x00, 0x00, 0x00, 0x00, // ....*. .........
	0x01, 0x40, 0x00, 0x00, 0x00, 0x00, 0xb0, 0x40, 0x1f, 0x00, 0x04, 0x03, 0x3a, 0x00, 0x10, 0x00, // .@.....@....:...
	0x02, 0x00, 0x00, 0x00, 0x1d, 0x00, 0x00, 0x08, 0x82, 0x00, 0x10, 0x00, 0x02, 0x00, 0x00, 0x00, // ................
	0x2a, 0x80, 0x20, 0x00, 0x00, 0x00, 0x00, 0x00, 0x00, 0x00, 0x00, 0x00, 0x01, 0x40, 0x00, 0x00, // *. ..........@..
	0x00, 0x00, 0xd0, 0x40, 0x1f, 0x00, 0x04, 0x03, 0x3a, 0x00, 0x10, 0x00, 0x02, 0x00, 0x00, 0x00, // ...@....:.......
	0x1d, 0x00, 0x00, 0x08, 0x82, 0x00, 0x10, 0x00, 0x02, 0x00, 0x00, 0x00, 0x2a, 0x80, 0x20, 0x00, // ............*. .
	0x00, 0x00, 0x00, 0x00, 0x00, 0x00, 0x00, 0x00, 0x01, 0x40, 0x00, 0x00, 0x00, 0x00, 0xf0, 0x40, // .........@.....@
	0x1f, 0x00, 0x04, 0x03, 0x3a, 0x00, 0x10, 0x00, 0x02, 0x00, 0x00, 0x00, 0x1d, 0x00, 0x00, 0x0a, // ....:...........
	0x72, 0x00, 0x10, 0x00, 0x09, 0x00, 0x00, 0x00, 0x46, 0x02, 0x10, 0x00, 0x01, 0x00, 0x00, 0x00, // r.......F.......
	0x02, 0x40, 0x00, 0x00, 0x00, 0x00, 0x00, 0x3f, 0x00, 0x00, 0x00, 0x3f, 0x00, 0x00, 0x00, 0x3f, // .@.....?...?...?
	0x00, 0x00, 0x00, 0x00, 0x01, 0x00, 0x00, 0x0a, 0x72, 0x00, 0x10, 0x00, 0x09, 0x00, 0x00, 0x00, // ........r.......
	0x46, 0x02, 0x10, 0x00, 0x09, 0x00, 0x00, 0x00, 0x02, 0x40, 0x00, 0x00, 0x00, 0x00, 0x80, 0x3f, // F........@.....?
	0x00, 0x00, 0x80, 0x3f, 0x00, 0x00, 0x80, 0x3f, 0x00, 0x00, 0x00, 0x00, 0x32, 0x00, 0x00, 0x09, // ...?...?....2...
	0x72, 0x00, 0x10, 0x00, 0x09, 0x00, 0x00, 0x00, 0x46, 0x02, 0x10, 0x00, 0x09, 0x00, 0x00, 0x00, // r.......F.......
	0x46, 0x02, 0x10, 0x00, 0x07, 0x00, 0x00, 0x00, 0x46, 0x02, 0x10, 0x00, 0x05, 0x00, 0x00, 0x00, // F.......F.......
	0x4b, 0x00, 0x00, 0x05, 0x72, 0x00, 0x10, 0x00, 0x0a, 0x00, 0x00, 0x00, 0x46, 0x02, 0x10, 0x00, // K...r.......F...
	0x02, 0x00, 0x00, 0x00, 0x32, 0x00, 0x00, 0x0f, 0x72, 0x00, 0x10, 0x00, 0x0b, 0x00, 0x00, 0x00, // ....2...r.......
	0x46, 0x02, 0x10, 0x00, 0x02, 0x00, 0x00, 0x00, 0x02, 0x40, 0x00, 0x00, 0x00, 0x00, 0x80, 0x41, // F........@.....A
	0x00, 0x00, 0x80, 0x41, 0x00, 0x00, 0x80, 0x41, 0x00, 0x00, 0x00, 0x00, 0x02, 0x40, 0x00, 0x00, // ...A...A.....@..
	0x00, 0x00, 0x40, 0xc1, 0x00, 0x00, 0x40, 0xc1, 0x00, 0x00, 0x40, 0xc1, 0x00, 0x00, 0x00, 0x00, // ..@...@...@.....
	0x32, 0x00, 0x00, 0x0c, 0x72, 0x00, 0x10, 0x00, 0x0b, 0x00, 0x00, 0x00, 0x46, 0x02, 0x10, 0x00, // 2...r.......F...
	0x0b, 0x00, 0x00, 0x00, 0x46, 0x02, 0x10, 0x00, 0x02, 0x00, 0x00, 0x00, 0x02, 0x40, 0x00, 0x00, // ....F........@..
	0x00, 0x00, 0x80, 0x40, 0x00, 0x00, 0x80, 0x40, 0x00, 0x00, 0x80, 0x40, 0x00, 0x00, 0x00, 0x00, // ...@...@...@....
	0x1d, 0x00, 0x00, 0x0a, 0x72, 0x00, 0x10, 0x00, 0x0c, 0x00, 0x00, 0x00, 0x02, 0x40, 0x00, 0x00, // ....r........@..
	0x00, 0x00, 0x80, 0x3e, 0x00, 0x00, 0x80, 0x3e, 0x00, 0x00, 0x80, 0x3e, 0x00, 0x00, 0x00, 0x00, // ...>...>...>....
	0x46, 0x02, 0x10, 0x00, 0x02, 0x00, 0x00, 0x00, 0x01, 0x00, 0x00, 0x0a, 0x72, 0x00, 0x10, 0x00, // F...........r...
	0x0c, 0x00, 0x00, 0x00, 0x46, 0x02, 0x10, 0x00, 0x0c, 0x00, 0x00, 0x00, 0x02, 0x40, 0x00, 0x00, // ....F........@..
	0x00, 0x00, 0x80, 0x3f, 0x00, 0x00, 0x80, 0x3f, 0x00, 0x00, 0x80, 0x3f, 0x00, 0x00, 0x00, 0x00, // ...?...?...?....
	0x32, 0x00, 0x00, 0x0a, 0x72, 0x00, 0x10, 0x00, 0x0b, 0x00, 0x00, 0x00, 0x46, 0x02, 0x10, 0x00, // 2...r.......F...
	0x0b, 0x00, 0x00, 0x00, 0x46, 0x02, 0x10, 0x00, 0x02, 0x00, 0x00, 0x00, 0x46, 0x02, 0x10, 0x80, // ....F.......F...
	0x41, 0x00, 0x00, 0x00, 0x0a, 0x00, 0x00, 0x00, 0x32, 0x00, 0x00, 0x09, 0x72, 0x00, 0x10, 0x00, // A.......2...r...
	0x0a, 0x00, 0x00, 0x00, 0x46, 0x02, 0x10, 0x00, 0x0c, 0x00, 0x00, 0x00, 0x46, 0x02, 0x10, 0x00, // ....F.......F...
	0x0b, 0x00, 0x00, 0x00, 0x46, 0x02, 0x10, 0x00, 0x0a, 0x00, 0x00, 0x00, 0x32, 0x00, 0x00, 0x10, // ....F.......2...
	0x72, 0x00, 0x10, 0x00, 0x0b, 0x00, 0x00, 0x00, 0x46, 0x02, 0x10, 0x80, 0x41, 0x00, 0x00, 0x00, // r.......F...A...
	0x01, 0x00, 0x00, 0x00, 0x02, 0x40, 0x00, 0x00, 0x00, 0x00, 0x00, 0x40, 0x00, 0x00, 0x00, 0x40, // .....@.....@...@
	0x00, 0x00, 0x00, 0x40, 0x00, 0x00, 0x00, 0x00, 0x02, 0x40, 0x00, 0x00, 0x00, 0x00, 0x80, 0x3f, // ...@.....@.....?
	0x00, 0x00, 0x80, 0x3f, 0x00, 0x00, 0x80, 0x3f, 0x00, 0x00, 0x00, 0x00, 0x38, 0x00, 0x00, 0x07, // ...?...?....8...
	0x72, 0x00, 0x10, 0x00, 0x0b, 0x00, 0x00, 0x00, 0x46, 0x02, 0x10, 0x00, 0x02, 0x00, 0x00, 0x00, // r.......F.......
	0x46, 0x02, 0x10, 0x00, 0x0b, 0x00, 0x00, 0x00, 0x32, 0x00, 0x00, 0x0a, 0x72, 0x00, 0x10, 0x00, // F.......2...r...
	0x0b, 0x00, 0x00, 0x00, 0x46, 0x02, 0x10, 0x80, 0x41, 0x00, 0x00, 0x00, 0x0b, 0x00, 0x00, 0x00, // ....F...A.......
	0x46, 0x02, 0x10, 0x00, 0x08, 0x00, 0x00, 0x00, 0x46, 0x02, 0x10, 0x00, 0x02, 0x00, 0x00, 0x00, // F.......F.......
	0x32, 0x00, 0x00, 0x0f, 0x72, 0x00, 0x10, 0x00, 0x0c, 0x00, 0x00, 0x00, 0x46, 0x02, 0x10, 0x00, // 2...r.......F...
	0x01, 0x00, 0x00, 0x00, 0x02, 0x40, 0x00, 0x00, 0x00, 0x00, 0x00, 0x40, 0x00, 0x00, 0x00, 0x40, // .....@.....@...@
	0x00, 0x00, 0x00, 0x40, 0x00, 0x00, 0x00, 0x00, 0x02, 0x40, 0x00, 0x00, 0x00, 0x00, 0x80, 0xbf, // ...@.....@......
	0x00, 0x00, 0x80, 0xbf, 0x00, 0x00, 0x80, 0xbf, 0x00, 0x00, 0x00, 0x00, 0x00, 0x00, 0x00, 0x08, // ................
	0x72, 0x00, 0x10, 0x00, 0x0a, 0x00, 0x00, 0x00, 0x46, 0x02, 0x10, 0x80, 0x41, 0x00, 0x00, 0x00, // r.......F...A...
	0x02, 0x00, 0x00, 0x00, 0x46, 0x02, 0x10, 0x00, 0x0a, 0x00, 0x00, 0x00, 0x32, 0x00, 0x00, 0x09, // ....F.......2...
	0x72, 0x00, 0x10, 0x00, 0x0a, 0x00, 0x00, 0x00, 0x46, 0x02, 0x10, 0x00, 0x0c, 0x00, 0x00, 0x00, // r.......F.......
	0x46, 0x02, 0x10, 0x00, 0x0a, 0x00, 0x00, 0x00, 0x46, 0x02, 0x10, 0x00, 0x02, 0x00, 0x00, 0x00, // F.......F.......
	0x1d, 0x00, 0x00, 0x0a, 0x72, 0x00, 0x10, 0x00, 0x0c, 0x00, 0x00, 0x00, 0x02, 0x40, 0x00, 0x00, // ....r........@..
	0x00, 0x00, 0x00, 0x3f, 0x00, 0x00, 0x00, 0x3f, 0x00, 0x00, 0x00, 0x3f, 0x00, 0x00, 0x00, 0x00, // ...?...?...?....
	0x46, 0x02, 0x10, 0x00, 0x01, 0x00, 0x00, 0x00, 0x01, 0x00, 0x00, 0x0a, 0x72, 0x00, 0x10, 0x00, // F...........r...
	0x0c, 0x00, 0x00, 0x00, 0x46, 0x02, 0x10, 0x00, 0x0c, 0x00, 0x00, 0x00, 0x02, 0x40, 0x00, 0x00, // ....F........@..
	0x00, 0x00, 0x80, 0x3f, 0x00, 0x00, 0x80, 0x3f, 0x00, 0x00, 0x80, 0x3f, 0x00, 0x00, 0x00, 0x00, // ...?...?...?....
	0x00, 0x00, 0x00, 0x08, 0x72, 0x00, 0x10, 0x00, 0x0a, 0x00, 0x00, 0x00, 0x46, 0x02, 0x10, 0x80, // ....r.......F...
	0x41, 0x00, 0x00, 0x00, 0x0b, 0x00, 0x00, 0x00, 0x46, 0x02, 0x10, 0x00, 0x0a, 0x00, 0x00, 0x00, // A.......F.......
	0x32, 0x00, 0x00, 0x09, 0x72, 0x00, 0x10, 0x00, 0x0a, 0x00, 0x00, 0x00, 0x46, 0x02, 0x10, 0x00, // 2...r.......F...
	0x0c, 0x00, 0x00, 0x00, 0x46, 0x02, 0x10, 0x00, 0x0a, 0x00, 0x00, 0x00, 0x46, 0x02, 0x10, 0x00, // ....F.......F...
	0x0b, 0x00, 0x00, 0x00, 0x31, 0x00, 0x00, 0x0b, 0x72, 0x00, 0x10, 0x00, 0x0b, 0x00, 0x00, 0x00, // ....1...r.......
	0xa6, 0x8a, 0x20, 0x00, 0x00, 0x00, 0x00, 0x00, 0x00, 0x00, 0x00, 0x00, 0x02, 0x40, 0x00, 0x00, // .. ..........@..
	0x00, 0x00, 0x08, 0x41, 0x00, 0x00, 0x18, 0x41, 0x00, 0x00, 0x28, 0x41, 0x00, 0x00, 0x00, 0x00, // ...A...A..(A....
	0x00, 0x00, 0x00, 0x08, 0x72, 0x00, 0x10, 0x00, 0x0c, 0x00, 0x00, 0x00, 0x46, 0x02, 0x10, 0x00, // ....r.......F...
	0x01, 0x00, 0x00, 0x00, 0x46, 0x02, 0x10, 0x80, 0x41, 0x00, 0x00, 0x00, 0x02, 0x00, 0x00, 0x00, // ....F...A.......
	0x32, 0x00, 0x00, 0x0a, 0x72, 0x00, 0x10, 0x00, 0x04, 0x00, 0x00, 0x00, 0x46, 0x02, 0x10, 0x80, // 2...r.......F...
	0x41, 0x00, 0x00, 0x00, 0x04, 0x00, 0x00, 0x00, 0x46, 0x02, 0x10, 0x00, 0x02, 0x00, 0x00, 0x00, // A.......F.......
	0x46, 0x02, 0x10, 0x00, 0x03, 0x00, 0x00, 0x00, 0x37, 0x00, 0x00, 0x0a, 0x72, 0x00, 0x10, 0x00, // F.......7...r...
	0x04, 0x00, 0x00, 0x00, 0xa6, 0x0a, 0x10, 0x00, 0x0b, 0x00, 0x00, 0x00, 0x46, 0x02, 0x10, 0x80, // ............F...
	0x81, 0x00, 0x00, 0x00, 0x0c, 0x00, 0x00, 0x00, 0x46, 0x02, 0x10, 0x00, 0x04, 0x00, 0x00, 0x00, // ........F.......
	0x37, 0x00, 0x00, 0x09, 0x72, 0x00, 0x10, 0x00, 0x04, 0x00, 0x00, 0x00, 0x56, 0x05, 0x10, 0x00, // 7...r.......V...
	0x0b, 0x00, 0x00, 0x00, 0x46, 0x02, 0x10, 0x00, 0x0a, 0x00, 0x00, 0x00, 0x46, 0x02, 0x10, 0x00, // ....F.......F...
	0x04, 0x00, 0x00, 0x00, 0x37, 0x00, 0x00, 0x09, 0x72, 0x00, 0x10, 0x00, 0x04, 0x00, 0x00, 0x00, // ....7...r.......
	0x06, 0x00, 0x10, 0x00, 0x0b, 0x00, 0x00, 0x00, 0x46, 0x02, 0x10, 0x00, 0x09, 0x00, 0x00, 0x00, // ........F.......
	0x46, 0x02, 0x10, 0x00, 0x04, 0x00, 0x00, 0x00, 0x12, 0x00, 0x00, 0x01, 0x34, 0x00, 0x00, 0x0a, // F...........4...
	0x72, 0x00, 0x10, 0x00, 0x09, 0x00, 0x00, 0x00, 0x46, 0x02, 0x10, 0x00, 0x01, 0x00, 0x00, 0x00, // r.......F.......
	0x02, 0x40, 0x00, 0x00, 0xbd, 0x37, 0x86, 0x35, 0xbd, 0x37, 0x86, 0x35, 0xbd, 0x37, 0x86, 0x35, // .@...7.5.7.5.7.5
	0x00, 0x00, 0x00, 0x00, 0x0e, 0x00, 0x00, 0x07, 0x72, 0x00, 0x10, 0x00, 0x08, 0x00, 0x00, 0x00, // ........r.......
	0x46, 0x02, 0x10, 0x00, 0x08, 0x00, 0x00, 0x00, 0x46, 0x02, 0x10, 0x00, 0x09, 0x00, 0x00, 0x00, // F.......F.......
	0x33, 0x00, 0x00, 0x0a, 0x72, 0x00, 0x10, 0x00, 0x08, 0x00, 0x00, 0x00, 0x46, 0x02, 0x10, 0x00, // 3...r.......F...
	0x08, 0x00, 0x00, 0x00, 0x02, 0x40, 0x00, 0x00, 0x00, 0x00, 0x80, 0x3f, 0x00, 0x00, 0x80, 0x3f, // .....@.....?...?
	0x00, 0x00, 0x80, 0x3f, 0x00, 0x00, 0x00, 0x00, 0x00, 0x00, 0x00, 0x0b, 0x72, 0x00, 0x10, 0x00, // ...?........r...
	0x04, 0x00, 0x00, 0x00, 0x46, 0x02, 0x10, 0x80, 0x41, 0x00, 0x00, 0x00, 0x08, 0x00, 0x00, 0x00, // ....F...A.......
	0x02, 0x40, 0x00, 0x00, 0x00, 0x00, 0x80, 0x3f, 0x00, 0x00, 0x80, 0x3f, 0x00, 0x00, 0x80, 0x3f, // .@.....?...?...?
	0x00, 0x00, 0x00, 0x00, 0x15, 0x00, 0x00, 0x01, 0x12, 0x00, 0x00, 0x01, 0x34, 0x00, 0x00, 0x0a, // ............4...
	0x72, 0x00, 0x10, 0x00, 0x06, 0x00, 0x00, 0x00, 0x46, 0x02, 0x10, 0x00, 0x06, 0x00, 0x00, 0x00, // r.......F.......
	0x02, 0x40, 0x00, 0x00, 0xbd, 0x37, 0x86, 0x35, 0xbd, 0x37, 0x86, 0x35, 0xbd, 0x37, 0x86, 0x35, // .@...7.5.7.5.7.5
	0x00, 0x00, 0x00, 0x00, 0x0e, 0x00, 0x00, 0x07, 0x72, 0x00, 0x10, 0x00, 0x06, 0x00, 0x00, 0x00, // ........r.......
	0x46, 0x02, 0x10, 0x00, 0x02, 0x00, 0x00, 0x00, 0x46, 0x02, 0x10, 0x00, 0x06, 0x00, 0x00, 0x00, // F.......F.......
	0x33, 0x00, 0x00, 0x0a, 0x72, 0x00, 0x10, 0x00, 0x04, 0x00, 0x00, 0x00, 0x46, 0x02, 0x10, 0x00, // 3...r.......F...
	0x06, 0x00, 0x00, 0x00, 0x02, 0x40, 0x00, 0x00, 0x00, 0x00, 0x80, 0x3f, 0x00, 0x00, 0x80, 0x3f, // .....@.....?...?
	0x00, 0x00, 0x80, 0x3f, 0x00, 0x00, 0x00, 0x00, 0x15, 0x00, 0x00, 0x01, 0x12, 0x00, 0x00, 0x01, // ...?............
	0x31, 0x00, 0x00, 0x08, 0x82, 0x00, 0x10, 0x00, 0x02, 0x00, 0x00, 0x00, 0x2a, 0x80, 0x20, 0x00, // 1...........*. .
	0x00, 0x00, 0x00, 0x00, 0x00, 0x00, 0x00, 0x00, 0x01, 0x40, 0x00, 0x00, 0x00, 0x00, 0xa0, 0x40, // .........@.....@
	0x33, 0x00, 0x00, 0x07, 0x72, 0x00, 0x10, 0x00, 0x06, 0x00, 0x00, 0x00, 0x46, 0x02, 0x10, 0x00, // 3...r.......F...
	0x01, 0x00, 0x00, 0x00, 0x46, 0x02, 0x10, 0x00, 0x02, 0x00, 0x00, 0x00, 0x34, 0x00, 0x00, 0x07, // ....F.......4...
	0x72, 0x00, 0x10, 0x00, 0x08, 0x00, 0x00, 0x00, 0x46, 0x02, 0x10, 0x00, 0x01, 0x00, 0x00, 0x00, // r.......F.......
	0x46, 0x02, 0x10, 0x00, 0x02, 0x00, 0x00, 0x00, 0x37, 0x00, 0x00, 0x09, 0x72, 0x00, 0x10, 0x00, // F.......7...r...
	0x04, 0x00, 0x00, 0x00, 0xf6, 0x0f, 0x10, 0x00, 0x02, 0x00, 0x00, 0x00, 0x46, 0x02, 0x10, 0x00, // ............F...
	0x06, 0x00, 0x00, 0x00, 0x46, 0x02, 0x10, 0x00, 0x08, 0x00, 0x00, 0x00, 0x15, 0x00, 0x00, 0x01, // ....F...........
	0x12, 0x00, 0x00, 0x01, 0x1d, 0x00, 0x00, 0x0a, 0x72, 0x00, 0x10, 0x00, 0x06, 0x00, 0x00, 0x00, // ........r.......
	0x46, 0x02, 0x10, 0x00, 0x02, 0x00, 0x00, 0x00, 0x02, 0x40, 0x00, 0x00, 0x00, 0x00, 0x00, 0x3f, // F........@.....?
	0x00, 0x00, 0x00, 0x3f, 0x00, 0x00, 0x00, 0x3f, 0x00, 0x00, 0x00, 0x00, 0x01, 0x00, 0x00, 0x0a, // ...?...?........
	0x72, 0x00, 0x10, 0x00, 0x06, 0x00, 0x00, 0x00, 0x46, 0x02, 0x10, 0x00, 0x06, 0x00, 0x00, 0x00, // r.......F.......
	0x02, 0x40, 0x00, 0x00, 0x00, 0x00, 0x80, 0x3f, 0x00, 0x00, 0x80, 0x3f, 0x00, 0x00, 0x80, 0x3f, // .@.....?...?...?
	0x00, 0x00, 0x00, 0x00, 0x32, 0x00, 0x00, 0x09, 0x72, 0x00, 0x10, 0x00, 0x04, 0x00, 0x00, 0x00, // ....2...r.......
	0x46, 0x02, 0x10, 0x00, 0x06, 0x00, 0x00, 0x00, 0x46, 0x02, 0x10, 0x00, 0x07, 0x00, 0x00, 0x00, // F.......F.......
	0x46, 0x02, 0x10, 0x00, 0x05, 0x00, 0x00, 0x00, 0x15, 0x00, 0x00, 0x01, 0x12, 0x00, 0x00, 0x01, // F...............
	0x31, 0x00, 0x00, 0x08, 0x82, 0x00, 0x10, 0x00, 0x02, 0x00, 0x00, 0x00, 0x2a, 0x80, 0x20, 0x00, // 1...........*. .
	0x00, 0x00, 0x00, 0x00, 0x00, 0x00, 0x00, 0x00, 0x01, 0x40, 0x00, 0x00, 0x00, 0x00, 0x00, 0x40, // .........@.....@
	0x38, 0x00, 0x00, 0x07, 0x72, 0x00, 0x10, 0x00, 0x05, 0x00, 0x00, 0x00, 0x46, 0x02, 0x10, 0x00, // 8...r.......F...
	0x01, 0x00, 0x00, 0x00, 0x46, 0x02, 0x10, 0x00, 0x02, 0x00, 0x00, 0x00, 0x32, 0x00, 0x00, 0x0a, // ....F.......2...
	0x72, 0x00, 0x10, 0x00, 0x01, 0x00, 0x00, 0x00, 0x46, 0x02, 0x10, 0x80, 0x41, 0x00, 0x00, 0x00, // r.......F...A...
	0x01, 0x00, 0x00, 0x00, 0x46, 0x02, 0x10, 0x00, 0x02, 0x00, 0x00, 0x00, 0x46, 0x02, 0x10, 0x00, // ....F.......F...
	0x03, 0x00, 0x00, 0x00, 0x37, 0x00, 0x00, 0x09, 0x72, 0x00, 0x10, 0x00, 0x04, 0x00, 0x00, 0x00, // ....7...r.......
	0xf6, 0x0f, 0x10, 0x00, 0x02, 0x00, 0x00, 0x00, 0x46, 0x02, 0x10, 0x00, 0x05, 0x00, 0x00, 0x00, // ........F.......
	0x46, 0x02, 0x10, 0x00, 0x01, 0x00, 0x00, 0x00, 0x15, 0x00, 0x00, 0x01, 0x00, 0x00, 0x00, 0x08, // F...............
	0x12, 0x00, 0x10, 0x00, 0x01, 0x00, 0x00, 0x00, 0x3a, 0x00, 0x10, 0x80, 0x41, 0x00, 0x00, 0x00, // ........:...A...
	0x01, 0x00, 0x00, 0x00, 0x01, 0x40, 0x00, 0x00, 0x00, 0x00, 0x80, 0x3f, 0x38, 0x00, 0x00, 0x07, // .....@.....?8...
	0x72, 0x00, 0x10, 0x00, 0x00, 0x00, 0x00, 0x00, 0x46, 0x02, 0x10, 0x00, 0x00, 0x00, 0x00, 0x00, // r.......F.......
	0x06, 0x00, 0x10, 0x00, 0x01, 0x00, 0x00, 0x00, 0x32, 0x00, 0x00, 0x09, 0x72, 0x20, 0x10, 0x00, // ........2...r ..
	0x00, 0x00, 0x00, 0x00, 0xf6, 0x0f, 0x10, 0x00, 0x01, 0x00, 0x00, 0x00, 0x46, 0x02, 0x10, 0x00, // ............F...
	0x04, 0x00, 0x00, 0x00, 0x46, 0x02, 0x10, 0x00, 0x00, 0x00, 0x00, 0x00, 0x32, 0x00, 0x00, 0x09, // ....F.......2...
	0x82, 0x20, 0x10, 0x00, 0x00, 0x00, 0x00, 0x00, 0x3a, 0x00, 0x10, 0x00, 0x00, 0x00, 0x00, 0x00, // . ......:.......
	0x0a, 0x00, 0x10, 0x00, 0x01, 0x00, 0x00, 0x00, 0x3a, 0x00, 0x10, 0x00, 0x01, 0x00, 0x00, 0x00, // ........:.......
	0x3e, 0x00, 0x00, 0x01, 0x00, 0x00, 0x10, 0x00,                                                 // >.......
};
static const uint8_t fs_blit_dxil[5332] =
{
	0x46, 0x53, 0x48, 0x0c, 0x29, 0x3e, 0x5c, 0xd3, 0x00, 0x00, 0x00, 0x00, 0x00, 0x00, 0x00, 0x00, // FSH.)>..........
	0x00, 0x00, 0x00, 0x00, 0x04, 0x00, 0x06, 0x75, 0x5f, 0x62, 0x6c, 0x69, 0x74, 0x12, 0x00, 0x00, // .......u_blit...
	0x00, 0x01, 0x00, 0x00, 0x00, 0x00, 0x00, 0x05, 0x73, 0x5f, 0x74, 0x65, 0x78, 0x30, 0x01, 0x01, // ........s_tex0..
	0x00, 0x01, 0x00, 0x00, 0x02, 0x00, 0x00, 0x06, 0x73, 0x5f, 0x6d, 0x61, 0x73, 0x6b, 0x30, 0x01, // ........s_mask0.
	0x02, 0x00, 0x01, 0x00, 0x00, 0x02, 0x00, 0x00, 0x05, 0x73, 0x5f, 0x64, 0x73, 0x74, 0x30, 0x01, // .........s_dst0.
	0x03, 0x00, 0x01, 0x00, 0x00, 0x02, 0x00, 0x00, 0x74, 0x14, 0x00, 0x00, 0x44, 0x58, 0x42, 0x43, // ........t...DXBC
	0xdc, 0x6b, 0xa9, 0x59, 0x47, 0x1e, 0x0a, 0x32, 0x16, 0x1a, 0xf8, 0x90, 0xe2, 0x58, 0x06, 0x8c, // .k.YG..2.....X..
	0x01, 0x00, 0x00, 0x00, 0x74, 0x14, 0x00, 0x00, 0x07, 0x00, 0x00, 0x00, 0x3c, 0x00, 0x00, 0x00, // ....t.......<...
	0x4c, 0x00, 0x00, 0x00, 0xf8, 0x00, 0x00, 0x00, 0x34, 0x01, 0x00, 0x00, 0xdc, 0x02, 0x00, 0x00, // L.......4.......
	0x10, 0x03, 0x00, 0x00, 0x2c, 0x03, 0x00, 0x00, 0x53, 0x46, 0x49, 0x30, 0x08, 0x00, 0x00, 0x00, // ....,...SFI0....
	0x00, 0x00, 0x00, 0x00, 0x00, 0x00, 0x00, 0x00, 0x49, 0x53, 0x47, 0x31, 0xa4, 0x00, 0x00, 0x00, // ........ISG1....
	0x04, 0x00, 0x00, 0x00, 0x08, 0x00, 0x00, 0x00, 0x00, 0x00, 0x00, 0x00, 0x88, 0x00, 0x00, 0x00, // ................
	0x00, 0x00, 0x00, 0x00, 0x01, 0x00, 0x00, 0x00, 0x03, 0x00, 0x00, 0x00, 0x00, 0x00, 0x00, 0x00, // ................
	0x0f, 0x00, 0x00, 0x00, 0x00, 0x00, 0x00, 0x00, 0x00, 0x00, 0x00, 0x00, 0x94, 0x00, 0x00, 0x00, // ................
	0x00, 0x00, 0x00, 0x00, 0x00, 0x00, 0x00, 0x00, 0x03, 0x00, 0x00, 0x00, 0x01, 0x00, 0x00, 0x00, // ................
	0x0f, 0x00, 0x00, 0x00, 0x00, 0x00, 0x00, 0x00, 0x00, 0x00, 0x00, 0x00, 0x9a, 0x00, 0x00, 0x00, // ................
	0x01, 0x00, 0x00, 0x00, 0x00, 0x00, 0x00, 0x00, 0x03, 0x00, 0x00, 0x00, 0x02, 0x00, 0x00, 0x00, // ................
	0x03, 0x00, 0x00, 0x00, 0x00, 0x00, 0x00, 0x00, 0x00, 0x00, 0x00, 0x00, 0x9a, 0x00, 0x00, 0x00, // ................
	0x00, 0x00, 0x00, 0x00, 0x00, 0x00, 0x00, 0x00, 0x03, 0x00, 0x00, 0x00, 0x02, 0x00, 0x00, 0x00, // ................
	0x0c, 0x0c, 0x00, 0x00, 0x00, 0x00, 0x00, 0x00, 0x53, 0x56, 0x5f, 0x50, 0x6f, 0x73, 0x69, 0x74, // ........SV_Posit
	0x69, 0x6f, 0x6e, 0x00, 0x43, 0x4f, 0x4c, 0x4f, 0x52, 0x00, 0x54, 0x45, 0x58, 0x43, 0x4f, 0x4f, // ion.COLOR.TEXCOO
	0x52, 0x44, 0x00, 0x00, 0x4f, 0x53, 0x47, 0x31, 0x34, 0x00, 0x00, 0x00, 0x01, 0x00, 0x00, 0x00, // RD..OSG14.......
	0x08, 0x00, 0x00, 0x00, 0x00, 0x00, 0x00, 0x00, 0x28, 0x00, 0x00, 0x00, 0x00, 0x00, 0x00, 0x00, // ........(.......
	0x40, 0x00, 0x00, 0x00, 0x03, 0x00, 0x00, 0x00, 0x00, 0x00, 0x00, 0x00, 0x0f, 0x00, 0x00, 0x00, // @...............
	0x00, 0x00, 0x00, 0x00, 0x53, 0x56, 0x5f, 0x54, 0x61, 0x72, 0x67, 0x65, 0x74, 0x00, 0x00, 0x00, // ....SV_Target...
	0x50, 0x53, 0x56, 0x30, 0xa0, 0x01, 0x00, 0x00, 0x38, 0x00, 0x00, 0x00, 0x00, 0x00, 0x00, 0x00, // PSV0....8.......
	0x00, 0x00, 0x00, 0x00, 0x00, 0x00, 0x00, 0x00, 0x00, 0x00, 0x00, 0x00, 0x00, 0x00, 0x00, 0x00, // ................
	0xff, 0xff, 0xff, 0xff, 0x00, 0x00, 0x00, 0x00, 0x04, 0x01, 0x00, 0x03, 0x01, 0x00, 0x00, 0x00, // ................
	0x00, 0x00, 0x00, 0x00, 0x00, 0x00, 0x00, 0x00, 0x00, 0x00, 0x00, 0x00, 0x19, 0x00, 0x00, 0x00, // ................
	0x00, 0x00, 0x00, 0x00, 0x07, 0x00, 0x00, 0x00, 0x18, 0x00, 0x00, 0x00, 0x02, 0x00, 0x00, 0x00, // ................
	0x00, 0x00, 0x00, 0x00, 0x00, 0x00, 0x00, 0x00, 0x00, 0x00, 0x00, 0x00, 0x0d, 0x00, 0x00, 0x00, // ................
	0x00, 0x00, 0x00, 0x00, 0x01, 0x00, 0x00, 0x00, 0x00, 0x00, 0x00, 0x00, 0x01, 0x00, 0x00, 0x00, // ................
	0x01, 0x00, 0x00, 0x00, 0x0e, 0x00, 0x00, 0x00, 0x00, 0x00, 0x00, 0x00, 0x01, 0x00, 0x00, 0x00, // ................
	0x00, 0x00, 0x00, 0x00, 0x02, 0x00, 0x00, 0x00, 0x02, 0x00, 0x00, 0x00, 0x0e, 0x00, 0x00, 0x00, // ................
	0x00, 0x00, 0x00, 0x00, 0x01, 0x00, 0x00, 0x00, 0x00, 0x00, 0x00, 0x00, 0x03, 0x00, 0x00, 0x00, // ................
	0x03, 0x00, 0x00, 0x00, 0x0e, 0x00, 0x00, 0x00, 0x00, 0x00, 0x00, 0x00, 0x03, 0x00, 0x00, 0x00, // ................
	0x00, 0x00, 0x00, 0x00, 0x01, 0x00, 0x00, 0x00, 0x01, 0x00, 0x00, 0x00, 0x02, 0x00, 0x00, 0x00, // ................
	0x00, 0x00, 0x00, 0x00, 0x03, 0x00, 0x00, 0x00, 0x00, 0x00, 0x00, 0x00, 0x02, 0x00, 0x00, 0x00, // ................
	0x02, 0x00, 0x00, 0x00, 0x02, 0x00, 0x00, 0x00, 0x00, 0x00, 0x00, 0x00, 0x03, 0x00, 0x00, 0x00, // ................
	0x00, 0x00, 0x00, 0x00, 0x03, 0x00, 0x00, 0x00, 0x03, 0x00, 0x00, 0x00, 0x02, 0x00, 0x00, 0x00, // ................
	0x00, 0x00, 0x00, 0x00, 0x20, 0x00, 0x00, 0x00, 0x00, 0x43, 0x4f, 0x4c, 0x4f, 0x52, 0x00, 0x54, // .... ....COLOR.T
	0x45, 0x58, 0x43, 0x4f, 0x4f, 0x52, 0x44, 0x00, 0x54, 0x45, 0x58, 0x43, 0x4f, 0x4f, 0x52, 0x44, // EXCOORD.TEXCOORD
	0x00, 0x6d, 0x61, 0x69, 0x6e, 0x00, 0x00, 0x00, 0x02, 0x00, 0x00, 0x00, 0x00, 0x00, 0x00, 0x00, // .main...........
	0x01, 0x00, 0x00, 0x00, 0x10, 0x00, 0x00, 0x00, 0x00, 0x00, 0x00, 0x00, 0x00, 0x00, 0x00, 0x00, // ................
	0x01, 0x00, 0x44, 0x03, 0x03, 0x04, 0x00, 0x00, 0x01, 0x00, 0x00, 0x00, 0x00, 0x00, 0x00, 0x00, // ..D.............
	0x01, 0x01, 0x44, 0x00, 0x03, 0x02, 0x00, 0x00, 0x07, 0x00, 0x00, 0x00, 0x01, 0x00, 0x00, 0x00, // ..D.............
	0x01, 0x02, 0x42, 0x00, 0x03, 0x02, 0x00, 0x00, 0x10, 0x00, 0x00, 0x00, 0x00, 0x00, 0x00, 0x00, // ..B.............
	0x01, 0x02, 0x62, 0x00, 0x03, 0x02, 0x00, 0x00, 0x00, 0x00, 0x00, 0x00, 0x00, 0x00, 0x00, 0x00, // ..b.............
	0x01, 0x00, 0x44, 0x10, 0x03, 0x00, 0x00, 0x00, 0x00, 0x00, 0x00, 0x00, 0x00, 0x00, 0x00, 0x00, // ..D.............
	0x00, 0x00, 0x00, 0x00, 0x00, 0x00, 0x00, 0x00, 0x00, 0x00, 0x00, 0x00, 0x00, 0x00, 0x00, 0x00, // ................
	0x00, 0x00, 0x00, 0x00, 0x00, 0x00, 0x00, 0x00, 0x00, 0x00, 0x00, 0x00, 0x00, 0x00, 0x00, 0x00, // ................
	0x0f, 0x00, 0x00, 0x00, 0x0f, 0x00, 0x00, 0x00, 0x49, 0x4c, 0x44, 0x4e, 0x2c, 0x00, 0x00, 0x00, // ........ILDN,...
	0x00, 0x00, 0x24, 0x00, 0x36, 0x62, 0x30, 0x61, 0x39, 0x64, 0x38, 0x37, 0x36, 0x33, 0x65, 0x34, // ..$.6b0a9d8763e4
	0x66, 0x64, 0x66, 0x32, 0x32, 0x39, 0x35, 0x37, 0x38, 0x61, 0x61, 0x32, 0x64, 0x62, 0x62, 0x35, // fdf229578aa2dbb5
	0x39, 0x35, 0x66, 0x64, 0x2e, 0x70, 0x64, 0x62, 0x00, 0x00, 0x00, 0x00, 0x48, 0x41, 0x53, 0x48, // 95fd.pdb....HASH
	0x14, 0x00, 0x00, 0x00, 0x00, 0x00, 0x00, 0x00, 0x6b, 0x0a, 0x9d, 0x87, 0x63, 0xe4, 0xfd, 0xf2, // ........k...c...
	0x29, 0x57, 0x8a, 0xa2, 0xdb, 0xb5, 0x95, 0xfd, 0x44, 0x58, 0x49, 0x4c, 0x40, 0x11, 0x00, 0x00, // )W......DXIL@...
	0x60, 0x00, 0x00, 0x00, 0x50, 0x04, 0x00, 0x00, 0x44, 0x58, 0x49, 0x4c, 0x00, 0x01, 0x00, 0x00, // `...P...DXIL....
	0x10, 0x00, 0x00, 0x00, 0x28, 0x11, 0x00, 0x00, 0x42, 0x43, 0xc0, 0xde, 0x21, 0x0c, 0x00, 0x00, // ....(...BC..!...
	0x47, 0x04, 0x00, 0x00, 0x0b, 0x82, 0x20, 0x00, 0x02, 0x00, 0x00, 0x00, 0x13, 0x00, 0x00, 0x00, // G..... .........
	0x07, 0x81, 0x23, 0x91, 0x41, 0xc8, 0x04, 0x49, 0x06, 0x10, 0x32, 0x39, 0x92, 0x01, 0x84, 0x0c, // ..#.A..I..29....
	0x25, 0x05, 0x08, 0x19, 0x1e, 0x04, 0x8b, 0x62, 0x80, 0x18, 0x45, 0x02, 0x42, 0x92, 0x0b, 0x42, // %......b..E.B..B
	0xc4, 0x10, 0x32, 0x14, 0x38, 0x08, 0x18, 0x4b, 0x0a, 0x32, 0x62, 0x88, 0x48, 0x90, 0x14, 0x20, // ..2.8..K.2b.H.. 
	0x43, 0x46, 0x88, 0xa5, 0x00, 0x19, 0x32, 0x42, 0xe4, 0x48, 0x0e, 0x90, 0x11, 0x23, 0xc4, 0x50, // CF....2B.H...#.P
	0x41, 0x51, 0x81, 0x8c, 0xe1, 0x83, 0xe5, 0x8a, 0x04, 0x31, 0x46, 0x06, 0x51, 0x18, 0x00, 0x00, // AQ.......1F.Q...
	0x08, 0x00, 0x00, 0x00, 0x1b, 0x8c, 0xe0, 0xff, 0xff, 0xff, 0xff, 0x07, 0x40, 0x02, 0xa8, 0x0d, // ............@...
	0x84, 0xf0, 0xff, 0xff, 0xff, 0xff, 0x03, 0x20, 0x6d, 0x30, 0x86, 0xff, 0xff, 0xff, 0xff, 0x1f, // ....... m0......
	0x00, 0x09, 0xa8, 0x00, 0x49, 0x18, 0x00, 0x00, 0x03, 0x00, 0x00, 0x00, 0x13, 0x82, 0x60, 0x42, // ....I.........`B
	0x20, 0x4c, 0x08, 0x06, 0x00, 0x00, 0x00, 0x00, 0x89, 0x20, 0x00, 0x00, 0x55, 0x00, 0x00, 0x00, //  L....... ..U...
	0x32, 0x22, 0x88, 0x09, 0x20, 0x64, 0x85, 0x04, 0x13, 0x23, 0xa4, 0x84, 0x04, 0x13, 0x23, 0xe3, // 2".. d...#....#.
	0x84, 0xa1, 0x90, 0x14, 0x12, 0x4c, 0x8c, 0x8c, 0x0b, 0x84, 0xc4, 0x4c, 0x10, 0x98, 0xc1, 0x08, // .....L.....L....
	0x40, 0x09, 0x00, 0x0a, 0x66, 0x00, 0xe6, 0x08, 0xc0, 0x60, 0x8e, 0x00, 0x29, 0xc6, 0x40, 0x10, // @...f....`..).@.
	0x44, 0x41, 0x90, 0x51, 0x0c, 0x80, 0x20, 0x88, 0x62, 0x20, 0xa4, 0x20, 0x03, 0x31, 0x0c, 0xc3, // DA.Q.. .b . .1..
	0x30, 0x0c, 0xa4, 0x14, 0x62, 0x20, 0x86, 0x81, 0x98, 0x9b, 0x86, 0xcb, 0x9f, 0xb0, 0x87, 0x90, // 0...b ..........
	0xfc, 0x95, 0x90, 0x56, 0x62, 0xf2, 0x8b, 0xdb, 0x46, 0xc5, 0x30, 0x0c, 0x03, 0x41, 0xc5, 0x3d, // ...Vb...F.0..A.=
	0xc3, 0xe5, 0x4f, 0xd8, 0x43, 0x48, 0x7e, 0x08, 0x34, 0xc3, 0x42, 0xa0, 0xe0, 0x29, 0x8c, 0x43, // ..O.CH~.4.B..).C
	0x40, 0xd0, 0x30, 0x0c, 0x03, 0x41, 0x10, 0x03, 0x45, 0x65, 0x18, 0x88, 0x81, 0xa6, 0xa3, 0x86, // @.0..A..Ee......
	0xcb, 0x9f, 0xb0, 0x87, 0x90, 0x7c, 0x6e, 0xa3, 0x8a, 0x95, 0x98, 0xfc, 0xe2, 0xb6, 0x11, 0x31, // .....|n........1
	0x0c, 0xc3, 0x50, 0x88, 0x8a, 0x80, 0x08, 0xb2, 0xe6, 0x08, 0x82, 0x62, 0x40, 0x44, 0x41, 0x10, // ..P........b@DA.
	0x18, 0x65, 0x03, 0x01, 0xc3, 0x08, 0xc4, 0x30, 0x53, 0x1b, 0x8c, 0x03, 0x3b, 0x84, 0xc3, 0x3c, // .e.....0S...;..<
	0xcc, 0x83, 0x1b, 0xd0, 0x42, 0x39, 0xe0, 0x03, 0x3d, 0xd4, 0x83, 0x3c, 0x94, 0x83, 0x1c, 0x90, // ....B9..=..<....
	0x02, 0x1f, 0xd8, 0x43, 0x39, 0x8c, 0x03, 0x3d, 0xbc, 0x83, 0x3c, 0xf0, 0x81, 0x39, 0xb0, 0xc3, // ...C9..=..<..9..
	0x3b, 0x84, 0x03, 0x3d, 0xb0, 0x01, 0x18, 0xd0, 0x81, 0x1f, 0x80, 0x81, 0x1f, 0xe8, 0x81, 0x1e, // ;..=............
	0xb4, 0x43, 0x3a, 0xc0, 0xc3, 0x3c, 0xfc, 0x02, 0x3d, 0xe4, 0x03, 0x3c, 0x94, 0x03, 0x0a, 0x88, // .C:..<..=..<....
	0x99, 0xc4, 0x60, 0x1c, 0xd8, 0x21, 0x1c, 0xe6, 0x61, 0x1e, 0xdc, 0x80, 0x16, 0xca, 0x01, 0x1f, // ..`..!..a.......
	0xe8, 0xa1, 0x1e, 0xe4, 0xa1, 0x1c, 0xe4, 0x80, 0x14, 0xf8, 0xc0, 0x1e, 0xca, 0x61, 0x1c, 0xe8, // .............a..
	0xe1, 0x1d, 0xe4, 0x81, 0x0f, 0xcc, 0x81, 0x1d, 0xde, 0x21, 0x1c, 0xe8, 0x81, 0x0d, 0xc0, 0x80, // .........!......
	0x0e, 0xfc, 0x00, 0x0c, 0xfc, 0x00, 0x09, 0x5c, 0x47, 0xde, 0x4c, 0x08, 0x19, 0x9c, 0x02, 0x3b, // ........G.L....;
	0xbc, 0x83, 0x38, 0x84, 0x03, 0x3b, 0xcc, 0x03, 0x0a, 0x38, 0x02, 0x6f, 0x92, 0xa6, 0x88, 0x12, // ..8..;...8.o....
	0x26, 0x9f, 0x05, 0x98, 0x67, 0x21, 0x22, 0x76, 0x02, 0x26, 0x02, 0x05, 0x04, 0x89, 0xe9, 0x40, // &...g!"v.&.....@
	0x4c, 0x01, 0x00, 0x00, 0x13, 0x14, 0x72, 0xc0, 0x87, 0x74, 0x60, 0x87, 0x36, 0x68, 0x87, 0x79, // L.....r..t`.6h.y
	0x68, 0x03, 0x72, 0xc0, 0x87, 0x0d, 0xaf, 0x50, 0x0e, 0x6d, 0xd0, 0x0e, 0x7a, 0x50, 0x0e, 0x6d, // h.r....P.m..zP.m
	0x00, 0x0f, 0x7a, 0x30, 0x07, 0x72, 0xa0, 0x07, 0x73, 0x20, 0x07, 0x6d, 0x90, 0x0e, 0x71, 0xa0, // ..z0.r..s .m..q.
	0x07, 0x73, 0x20, 0x07, 0x6d, 0x90, 0x0e, 0x78, 0xa0, 0x07, 0x73, 0x20, 0x07, 0x6d, 0x90, 0x0e, // .s .m..x..s .m..
	0x71, 0x60, 0x07, 0x7a, 0x30, 0x07, 0x72, 0xd0, 0x06, 0xe9, 0x30, 0x07, 0x72, 0xa0, 0x07, 0x73, // q`.z0.r...0.r..s
	0x20, 0x07, 0x6d, 0x90, 0x0e, 0x76, 0x40, 0x07, 0x7a, 0x60, 0x07, 0x74, 0xd0, 0x06, 0xe6, 0x10, //  .m..v@.z`.t....
	0x07, 0x76, 0xa0, 0x07, 0x73, 0x20, 0x07, 0x6d, 0x60, 0x0e, 0x73, 0x20, 0x07, 0x7a, 0x30, 0x07, // .v..s .m`.s .z0.
	0x72, 0xd0, 0x06, 0xe6, 0x60, 0x07, 0x74, 0xa0, 0x07, 0x76, 0x40, 0x07, 0x6d, 0xe0, 0x0e, 0x78, // r...`.t..v@.m..x
	0xa0, 0x07, 0x71, 0x60, 0x07, 0x7a, 0x30, 0x07, 0x72, 0xa0, 0x07, 0x76, 0x40, 0x07, 0x43, 0x9e, // ..q`.z0.r..v@.C.
	0x00, 0x00, 0x00, 0x00, 0x00, 0x00, 0x00, 0x00, 0x00, 0x00, 0x00, 0x86, 0x3c, 0x06, 0x10, 0x00, // ............<...
	0x01, 0x00, 0x00, 0x00, 0x00, 0x00, 0x00, 0x00, 0x0c, 0x79, 0x10, 0x20, 0x00, 0x04, 0x00, 0x00, // .........y. ....
	0x00, 0x00, 0x00, 0x00, 0x00, 0x18, 0xf2, 0x28, 0x40, 0x00, 0x04, 0x00, 0x00, 0x00, 0x00, 0x00, // .......(@.......
	0x00, 0x00, 0x30, 0xe4, 0x61, 0x80, 0x00, 0x08, 0x00, 0x00, 0x00, 0x00, 0x00, 0x00, 0x00, 0x60, // ..0.a..........`
	0xc8, 0x13, 0x01, 0x01, 0x30, 0x00, 0x00, 0x00, 0x00, 0x00, 0x00, 0x00, 0xc0, 0x90, 0x67, 0x02, // ....0.........g.
	0x02, 0x20, 0x00, 0x00, 0x00, 0x00, 0x00, 0x00, 0x00, 0x80, 0x21, 0x8f, 0x05, 0x04, 0xc0, 0x00, // . ........!.....
	0x00, 0x00, 0x00, 0x00, 0x00, 0x00, 0x00, 0x43, 0x9e, 0x0c, 0x08, 0x80, 0x01, 0x00, 0x00, 0x00, // .......C........
	0x00, 0x00, 0x00, 0x00, 0xb2, 0x40, 0x00, 0x00, 0x11, 0x00, 0x00, 0x00, 0x32, 0x1e, 0x98, 0x14, // .....@......2...
	0x19, 0x11, 0x4c, 0x90, 0x8c, 0x09, 0x26, 0x47, 0xc6, 0x04, 0x43, 0x22, 0x4a, 0x60, 0x04, 0xa0, // ..L...&G..C"J`..
	0x28, 0x8a, 0xa1, 0x08, 0x4a, 0xa2, 0x0c, 0x0a, 0xa4, 0x3c, 0xa8, 0x28, 0x89, 0x32, 0x28, 0x84, // (...J....<.(.2(.
	0x11, 0x80, 0x22, 0x28, 0x10, 0xfa, 0x66, 0x00, 0x28, 0x9c, 0x01, 0xa0, 0x71, 0x06, 0x80, 0xc8, // .."(..f.(...q...
	0xb1, 0x1c, 0x86, 0x00, 0x00, 0x00, 0x00, 0x00, 0x00, 0x00, 0x80, 0xe7, 0x01, 0x00, 0x00, 0x00, // ................
	0x79, 0x18, 0x00, 0x00, 0x77, 0x00, 0x00, 0x00, 0x1a, 0x03, 0x4c, 0x90, 0x46, 0x02, 0x13, 0xc4, // y...w.....L.F...
	0x8f, 0x0c, 0x6f, 0xec, 0xed, 0x4d, 0x0c, 0x24, 0xc6, 0x25, 0x06, 0xc6, 0x45, 0xc6, 0x06, 0xa6, // ..o..M.$.%..E...
	0xc6, 0x65, 0xe6, 0x06, 0x04, 0x65, 0x8c, 0x86, 0x0c, 0xc7, 0x8c, 0xc6, 0x2c, 0x27, 0x27, 0x65, // .e...e......,''e
	0x43, 0x10, 0x4c, 0x10, 0x88, 0x64, 0x82, 0x40, 0x28, 0x1b, 0x84, 0x81, 0x98, 0x20, 0x10, 0xcb, // C.L..d.@(.... ..
	0x06, 0x61, 0x30, 0x28, 0xc0, 0xcd, 0x4d, 0x10, 0x08, 0x66, 0xc3, 0x80, 0x24, 0xc4, 0x04, 0xe1, // .a0(..M..f..$...
	0xc3, 0x08, 0x4c, 0x10, 0x88, 0x66, 0x82, 0x40, 0x38, 0x1b, 0x04, 0xc2, 0xd9, 0x90, 0x10, 0x0b, // ..L..f.@8.......
	0x43, 0x0c, 0x43, 0x43, 0x3c, 0x1b, 0x92, 0x61, 0x61, 0x88, 0x66, 0x68, 0x88, 0x67, 0x82, 0x40, // C.CC<..aa.fh.g.@
	0x3c, 0x1b, 0x92, 0x66, 0x61, 0x08, 0x69, 0x68, 0x88, 0x67, 0xc3, 0x00, 0x45, 0xd3, 0x04, 0x21, // <..fa.ih.g..E..!
	0x0c, 0xb2, 0x09, 0x02, 0x01, 0x6d, 0x40, 0x88, 0x8a, 0x21, 0x88, 0xc1, 0x02, 0x36, 0x04, 0xd7, // .....m@..!...6..
	0x04, 0x61, 0x0c, 0xb4, 0x0d, 0x08, 0x91, 0x31, 0xc4, 0x30, 0x10, 0xc0, 0x06, 0x64, 0xc8, 0x18, // .a.....1.0...d..
	0xa2, 0x19, 0x08, 0x60, 0x03, 0xd2, 0x64, 0x0c, 0x21, 0x0d, 0x04, 0xb0, 0x61, 0xd0, 0x36, 0x6e, // ...`..d.!...a.6n
	0x03, 0x41, 0x01, 0x58, 0x37, 0x41, 0x20, 0x83, 0x6d, 0x43, 0xf0, 0x4d, 0x10, 0x04, 0x80, 0x44, // .A.X7A .mC.M...D
	0x5b, 0x58, 0x9a, 0x1b, 0x97, 0x29, 0xab, 0x2f, 0xa8, 0xb7, 0xb9, 0x34, 0xba, 0xb4, 0x37, 0xb7, // [X...)./...4..7.
	0x09, 0x42, 0x21, 0x4d, 0x10, 0x8a, 0x69, 0x43, 0x40, 0x4c, 0x10, 0x0a, 0x6a, 0x82, 0x50, 0x54, // .B!M..iC@L..j.PT
	0x1b, 0x16, 0x62, 0x0c, 0xc8, 0xa0, 0x0c, 0xcc, 0xe0, 0x0c, 0x86, 0x33, 0x20, 0xd0, 0x00, 0x60, // ..b........3 ..`
	0x31, 0xf4, 0xc4, 0xf4, 0x24, 0x35, 0x41, 0x28, 0xac, 0x0d, 0xcb, 0xa0, 0x06, 0x64, 0x80, 0x06, // 1...$5A(.....d..
	0x66, 0xb0, 0x06, 0xc3, 0x19, 0x0c, 0x68, 0x00, 0x10, 0xa1, 0x2a, 0xc2, 0x1a, 0x7a, 0x7a, 0x92, // f.....h...*..zz.
	0x22, 0xda, 0x10, 0x0c, 0x1b, 0x96, 0xa6, 0x0d, 0xc8, 0x00, 0x0d, 0xdc, 0x60, 0x0d, 0x86, 0x35, // "...........`..5
	0x68, 0xd0, 0x00, 0xd8, 0x20, 0x48, 0xd2, 0x86, 0x45, 0x6a, 0x03, 0x32, 0x40, 0x03, 0x33, 0x58, // h... H..Ej.2@.3X
	0x83, 0x61, 0x0d, 0x9a, 0x35, 0x80, 0x83, 0x0d, 0x44, 0x1a, 0xb0, 0xc1, 0x1b, 0xc4, 0x01, 0x93, // .a..5...D.......
	0x29, 0xab, 0x2f, 0xaa, 0x30, 0xb9, 0xb3, 0x32, 0xba, 0x09, 0x42, 0x71, 0x4d, 0x10, 0x88, 0x68, // )./.0..2..BqM..h
	0x83, 0x20, 0xd5, 0xc1, 0x86, 0x85, 0x98, 0x03, 0x32, 0xa0, 0x03, 0x33, 0x40, 0x83, 0xe1, 0x0c, // . ......2..3@...
	0x08, 0x34, 0xb0, 0x83, 0x0d, 0xc1, 0x1d, 0x6c, 0x18, 0xe4, 0x00, 0x0f, 0x80, 0x0d, 0x45, 0x18, // .4.....l......E.
	0x88, 0x41, 0x1e, 0x78, 0x40, 0x15, 0x36, 0x36, 0xbb, 0x36, 0x97, 0x34, 0xb2, 0x32, 0x37, 0xba, // .A.x@.66.6.4.27.
	0x29, 0x41, 0x50, 0x85, 0x0c, 0xcf, 0xc5, 0xae, 0x4c, 0x6e, 0x2e, 0xed, 0xcd, 0x6d, 0x4a, 0x40, // )AP.....Ln...mJ@
	0x34, 0x21, 0xc3, 0x73, 0xb1, 0x0b, 0x63, 0xb3, 0x2b, 0x93, 0x9b, 0x12, 0x18, 0x75, 0xc8, 0xf0, // 4!.s..c.+....u..
	0x5c, 0xe6, 0xd0, 0xc2, 0xc8, 0xca, 0xe4, 0x9a, 0xde, 0xc8, 0xca, 0xd8, 0xa6, 0x04, 0x49, 0x19, // ..............I.
	0x32, 0x3c, 0x17, 0xb9, 0xb2, 0xb9, 0xb7, 0x3a, 0xb9, 0xb1, 0xb2, 0xb9, 0x29, 0x41, 0x57, 0x87, // 2<.....:....)AW.
	0x0c, 0xcf, 0xc5, 0x2e, 0xad, 0xec, 0x2e, 0x89, 0x6c, 0x8a, 0x2e, 0x8c, 0xae, 0x6c, 0x4a, 0xf0, // ........l....lJ.
	0xd5, 0x21, 0xc3, 0x73, 0x29, 0x73, 0xa3, 0x93, 0xcb, 0x83, 0x7a, 0x4b, 0x73, 0xa3, 0x9b, 0x9b, // .!.s)s....zKs...
	0x12, 0xe4, 0x01, 0x00, 0x79, 0x18, 0x00, 0x00, 0x51, 0x00, 0x00, 0x00, 0x33, 0x08, 0x80, 0x1c, // ....y...Q...3...
	0xc4, 0xe1, 0x1c, 0x66, 0x14, 0x01, 0x3d, 0x88, 0x43, 0x38, 0x84, 0xc3, 0x8c, 0x42, 0x80, 0x07, // ...f..=.C8...B..
	0x79, 0x78, 0x07, 0x73, 0x98, 0x71, 0x0c, 0xe6, 0x00, 0x0f, 0xed, 0x10, 0x0e, 0xf4, 0x80, 0x0e, // yx.s.q..........
	0x33, 0x0c, 0x42, 0x1e, 0xc2, 0xc1, 0x1d, 0xce, 0xa1, 0x1c, 0x66, 0x30, 0x05, 0x3d, 0x88, 0x43, // 3.B.......f0.=.C
	0x38, 0x84, 0x83, 0x1b, 0xcc, 0x03, 0x3d, 0xc8, 0x43, 0x3d, 0x8c, 0x03, 0x3d, 0xcc, 0x78, 0x8c, // 8.....=.C=..=.x.
	0x74, 0x70, 0x07, 0x7b, 0x08, 0x07, 0x79, 0x48, 0x87, 0x70, 0x70, 0x07, 0x7a, 0x70, 0x03, 0x76, // tp.{..yH.pp.zp.v
	0x78, 0x87, 0x70, 0x20, 0x87, 0x19, 0xcc, 0x11, 0x0e, 0xec, 0x90, 0x0e, 0xe1, 0x30, 0x0f, 0x6e, // x.p .........0.n
	0x30, 0x0f, 0xe3, 0xf0, 0x0e, 0xf0, 0x50, 0x0e, 0x33, 0x10, 0xc4, 0x1d, 0xde, 0x21, 0x1c, 0xd8, // 0.....P.3....!..
	0x21, 0x1d, 0xc2, 0x61, 0x1e, 0x66, 0x30, 0x89, 0x3b, 0xbc, 0x83, 0x3b, 0xd0, 0x43, 0x39, 0xb4, // !..a.f0.;..;.C9.
	0x03, 0x3c, 0xbc, 0x83, 0x3c, 0x84, 0x03, 0x3b, 0xcc, 0xf0, 0x14, 0x76, 0x60, 0x07, 0x7b, 0x68, // .<..<..;...v`.{h
	0x07, 0x37, 0x68, 0x87, 0x72, 0x68, 0x07, 0x37, 0x80, 0x87, 0x70, 0x90, 0x87, 0x70, 0x60, 0x07, // .7h.rh.7..p..p`.
	0x76, 0x28, 0x07, 0x76, 0xf8, 0x05, 0x76, 0x78, 0x87, 0x77, 0x80, 0x87, 0x5f, 0x08, 0x87, 0x71, // v(.v..vx.w.._..q
	0x18, 0x87, 0x72, 0x98, 0x87, 0x79, 0x98, 0x81, 0x2c, 0xee, 0xf0, 0x0e, 0xee, 0xe0, 0x0e, 0xf5, // ..r..y..,.......
	0xc0, 0x0e, 0xec, 0x30, 0x03, 0x62, 0xc8, 0xa1, 0x1c, 0xe4, 0xa1, 0x1c, 0xcc, 0xa1, 0x1c, 0xe4, // ...0.b..........
	0xa1, 0x1c, 0xdc, 0x61, 0x1c, 0xca, 0x21, 0x1c, 0xc4, 0x81, 0x1d, 0xca, 0x61, 0x06, 0xd6, 0x90, // ...a..!.....a...
	0x43, 0x39, 0xc8, 0x43, 0x39, 0x98, 0x43, 0x39, 0xc8, 0x43, 0x39, 0xb8, 0xc3, 0x38, 0x94, 0x43, // C9.C9.C9.C9..8.C
	0x38, 0x88, 0x03, 0x3b, 0x94, 0xc3, 0x2f, 0xbc, 0x83, 0x3c, 0xfc, 0x82, 0x3b, 0xd4, 0x03, 0x3b, // 8..;../..<..;..;
	0xb0, 0xc3, 0x0c, 0xc4, 0x21, 0x07, 0x7c, 0x70, 0x03, 0x7a, 0x28, 0x87, 0x76, 0x80, 0x87, 0x19, // ....!.|p.z(.v...
	0xd1, 0x43, 0x0e, 0xf8, 0xe0, 0x06, 0xe4, 0x20, 0x0e, 0xe7, 0xe0, 0x06, 0xf6, 0x10, 0x0e, 0xf2, // .C..... ........
	0xc0, 0x0e, 0xe1, 0x90, 0x0f, 0xef, 0x50, 0x0f, 0xf4, 0x30, 0x83, 0x81, 0xc8, 0x01, 0x1f, 0xdc, // ......P..0......
	0x40, 0x1c, 0xe4, 0xa1, 0x1c, 0xc2, 0x61, 0x1d, 0xdc, 0x40, 0x1c, 0xe4, 0x01, 0x00, 0x00, 0x00, // @.....a..@......
	0x71, 0x20, 0x00, 0x00, 0x22, 0x00, 0x00, 0x00, 0x46, 0x00, 0x0d, 0x97, 0xef, 0x3c, 0x7e, 0x80, // q .."...F....<~.
	0x34, 0x40, 0x84, 0xf9, 0xc5, 0x6d, 0xdb, 0xc1, 0x36, 0x5c, 0xbe, 0xf3, 0xf8, 0x42, 0x40, 0x15, // 4@...m..6....B@.
	0x05, 0x11, 0x95, 0x0e, 0x30, 0x94, 0x84, 0x01, 0x08, 0x98, 0x5f, 0xdc, 0xb6, 0x21, 0x48, 0xc3, // ....0....._..!H.
	0xe5, 0x3b, 0x8f, 0x2f, 0x44, 0x04, 0x30, 0x11, 0x21, 0xd0, 0x0c, 0x0b, 0x61, 0x03, 0xce, 0x70, // .;./D.0.!...a..p
	0xf9, 0xce, 0xe3, 0x0f, 0xce, 0x74, 0xfb, 0xc5, 0x6d, 0x5b, 0xc0, 0x34, 0x5c, 0xbe, 0xf3, 0xf8, // .....t..m[.4....
	0x8b, 0x03, 0x0c, 0x62, 0xf3, 0x50, 0x93, 0x5f, 0xdc, 0xb6, 0x15, 0x40, 0xc3, 0xe5, 0x3b, 0x8f, // ...b.P._...@..;.
	0x2f, 0x01, 0xcc, 0xb3, 0x10, 0x7e, 0x71, 0xdb, 0x26, 0x50, 0x0d, 0x97, 0xef, 0x3c, 0xbe, 0x34, // /....~q.&P...<.4
	0x39, 0x11, 0x81, 0x52, 0xd3, 0x43, 0x4d, 0x7e, 0x71, 0xdb, 0x66, 0xf0, 0x0c, 0x97, 0xef, 0x3c, // 9..R.CM~q.f....<
	0x3e, 0xd5, 0x00, 0x11, 0xe6, 0x17, 0xb7, 0x6d, 0x00, 0x04, 0x03, 0x20, 0x0d, 0x00, 0x00, 0x00, // >......m... ....
	0x61, 0x20, 0x00, 0x00, 0x85, 0x02, 0x00, 0x00, 0x13, 0x04, 0x70, 0x10, 0x0b, 0x04, 0x00, 0x00, // a ........p.....
	0x30, 0x00, 0x00, 0x00, 0x84, 0x8d, 0x00, 0x50, 0x51, 0x02, 0x44, 0x94, 0x5d, 0xb9, 0x15, 0x42, // 0......PQ.D.]..B
	0xc1, 0x14, 0xde, 0x0c, 0x40, 0xc9, 0x15, 0x52, 0x29, 0x94, 0x11, 0x0d, 0x63, 0x04, 0x20, 0x08, // ....@..R)...c. .
	0x82, 0x26, 0x18, 0x8c, 0x11, 0xc0, 0x3e, 0x3b, 0x97, 0xdf, 0x18, 0x41, 0xae, 0x97, 0xee, 0xfc, // .&....>;...A....
	0x8d, 0x11, 0xe0, 0xec, 0x7d, 0xe6, 0xde, 0x18, 0x01, 0x08, 0x82, 0xe0, 0x0a, 0x06, 0x63, 0x04, // ....}.........c.
	0x20, 0x08, 0x82, 0x2d, 0x18, 0x8c, 0x11, 0x80, 0x20, 0x08, 0xbe, 0x60, 0x30, 0x46, 0x00, 0x82, //  ..-.... ..`0F..
	0x20, 0x0c, 0x83, 0xc1, 0x18, 0x01, 0x08, 0x82, 0x70, 0x0c, 0x06, 0x63, 0x04, 0x20, 0x08, 0x82, //  .......p..c. ..
	0x2a, 0x18, 0x8c, 0x11, 0x80, 0x20, 0x08, 0xf2, 0xdf, 0x18, 0x01, 0x08, 0x82, 0x60, 0x0a, 0x06, // *.... .......`..
	0x63, 0x04, 0x20, 0x08, 0xc2, 0x32, 0x18, 0x8c, 0x11, 0x80, 0x20, 0x08, 0x8a, 0x60, 0x30, 0x46, // c. ..2.... ..`0F
	0x00, 0x82, 0x20, 0x88, 0xff, 0xc2, 0x18, 0x01, 0x08, 0x82, 0x20, 0x0a, 0x06, 0x63, 0x04, 0x20, // .. ....... ..c. 
	0x08, 0x82, 0x34, 0x38, 0x8c, 0x11, 0x80, 0x20, 0x08, 0xe2, 0x60, 0x30, 0x46, 0x00, 0x82, 0x20, // ..48... ..`0F.. 
	0x88, 0x7e, 0x63, 0x04, 0x7d, 0xdf, 0xb2, 0xb8, 0x36, 0x03, 0x30, 0x46, 0x00, 0x82, 0x20, 0x08, // .~c.}...6.0F.. .
	0x82, 0xc1, 0x08, 0xc0, 0x18, 0x01, 0x08, 0x82, 0x20, 0xfc, 0x8d, 0x11, 0x80, 0x20, 0x08, 0xe2, // ........ .... ..
	0x1f, 0x00, 0x00, 0x00, 0x23, 0x06, 0x09, 0x00, 0x82, 0x60, 0x90, 0xe5, 0x41, 0xc7, 0x06, 0x74, // ....#....`..A..t
	0x20, 0x07, 0x65, 0x30, 0x62, 0x90, 0x00, 0x20, 0x08, 0x06, 0x99, 0x1e, 0x78, 0x6d, 0x90, 0x07, //  .e0b.. ....xm..
	0x75, 0x60, 0x06, 0x23, 0x06, 0x09, 0x00, 0x82, 0x60, 0x90, 0xed, 0xc1, 0xe7, 0x06, 0x79, 0xa0, // u`.#....`.....y.
	0x07, 0x67, 0x30, 0x62, 0x90, 0x00, 0x20, 0x08, 0x06, 0x19, 0x1f, 0x80, 0x41, 0x1c, 0xdc, 0x41, // .g0b.. .....A..A
	0x1d, 0xa0, 0xc1, 0x88, 0x41, 0x02, 0x80, 0x20, 0x18, 0x64, 0x7d, 0x10, 0x06, 0x72, 0xc0, 0x07, // ....A.. .d}..r..
	0x78, 0x90, 0x06, 0x23, 0x06, 0x09, 0x00, 0x82, 0x60, 0x90, 0xf9, 0x81, 0x18, 0xcc, 0x01, 0x1f, // x..#....`.......
	0xf4, 0x81, 0x1a, 0x8c, 0x18, 0x24, 0x00, 0x08, 0x82, 0x41, 0xf6, 0x07, 0x63, 0x10, 0x07, 0x7d, // .....$...A..c..}
	0xd0, 0x07, 0x6b, 0x30, 0x62, 0x90, 0x00, 0x20, 0x08, 0x06, 0xc6, 0x29, 0xa0, 0x41, 0x1e, 0xf8, // ..k0b.. ...).A..
	0xc1, 0x1c, 0x94, 0xc1, 0x88, 0x41, 0x02, 0x80, 0x20, 0x18, 0x18, 0xa8, 0x90, 0x06, 0x7a, 0xf0, // .....A.. .....z.
	0x07, 0x6c, 0x60, 0x06, 0x23, 0x06, 0x07, 0x00, 0x82, 0x60, 0x60, 0x8d, 0x02, 0x1b, 0x0c, 0xa0, // .l`.#....``.....
	0x30, 0x9a, 0x10, 0x00, 0xa3, 0x09, 0x42, 0x30, 0x9a, 0x30, 0x08, 0xa3, 0x09, 0xc4, 0x30, 0x62, // 0.....B0.0....0b
	0xf0, 0x00, 0x20, 0x08, 0x06, 0x91, 0x2a, 0xb4, 0x01, 0x93, 0x1c, 0xc6, 0x34, 0x95, 0x42, 0x29, // .. ...*.....4.B)
	0xb0, 0xc1, 0x34, 0x9a, 0x10, 0x00, 0xa3, 0x09, 0x42, 0x30, 0x9a, 0x30, 0x08, 0xa3, 0x09, 0xc4, // ..4.....B0.0....
	0x60, 0x04, 0x22, 0x1f, 0x23, 0x12, 0xf9, 0x18, 0xa1, 0xc8, 0xc7, 0x88, 0x45, 0x3e, 0xc3, 0x11, // `.".#.......E>..
	0x4d, 0x26, 0x7c, 0xb3, 0x0c, 0x01, 0x15, 0x8c, 0x18, 0x3c, 0x00, 0x08, 0x82, 0x41, 0x44, 0x0b, // M&|......<...AD.
	0x77, 0x70, 0x51, 0x11, 0xd4, 0x75, 0xaf, 0xf0, 0x0a, 0x76, 0xd0, 0x8d, 0x26, 0x04, 0xc0, 0x68, // wpQ..u...v..&..h
	0x82, 0x10, 0x8c, 0x26, 0x0c, 0xc2, 0x68, 0x02, 0x31, 0x0c, 0x47, 0x4c, 0x6c, 0x40, 0x7c, 0xb3, // ...&..h.1.GLl@|.
	0x0c, 0xc2, 0x10, 0x98, 0xb0, 0xc8, 0xc7, 0x86, 0x45, 0x3e, 0x46, 0x2c, 0xf2, 0xb1, 0x62, 0x91, // ........E>F,..b.
	0xcf, 0x2c, 0x01, 0x35, 0x1c, 0x81, 0xb9, 0x01, 0xf1, 0xcd, 0x32, 0x10, 0x45, 0x60, 0x64, 0x70, // .,.5......2.E`dp
	0xc4, 0xc7, 0x82, 0x48, 0x3e, 0x26, 0x44, 0xf2, 0xb1, 0x21, 0x92, 0x8f, 0x11, 0x91, 0x7c, 0x66, // ...H>&D..!....|f
	0x09, 0xa8, 0xe1, 0x08, 0x2f, 0x14, 0x88, 0x6f, 0x96, 0xc1, 0x38, 0x82, 0x11, 0x83, 0x05, 0x00, // ..../..o..8.....
	0x41, 0x30, 0x50, 0xce, 0x61, 0x15, 0xa0, 0xc7, 0x09, 0x05, 0x50, 0xf8, 0x03, 0x0b, 0x2e, 0xf9, // A0P.a.....P.....
	0x98, 0x70, 0xc9, 0xc7, 0x86, 0x4b, 0x3e, 0x46, 0x5c, 0xf2, 0x99, 0x25, 0xa0, 0x86, 0x23, 0xc8, // .p...K>F...%..#.
	0x80, 0x0f, 0x88, 0x6f, 0x96, 0x01, 0x49, 0x82, 0x11, 0x83, 0x05, 0x00, 0x41, 0x30, 0x50, 0xda, // ...o..I.....A0P.
	0x21, 0x16, 0xac, 0x8a, 0x3a, 0x05, 0x53, 0x28, 0x05, 0x8b, 0x83, 0x20, 0x3e, 0x16, 0x78, 0xf2, // !...:.S(... >.x.
	0x31, 0xc1, 0x93, 0x8f, 0x0d, 0x9e, 0x7c, 0x8c, 0xf0, 0xe4, 0x33, 0x4b, 0x40, 0x0d, 0x47, 0xac, // 1.....|...3K@.G.
	0x81, 0x2a, 0x10, 0xdf, 0x2c, 0x83, 0xb2, 0x04, 0x76, 0x07, 0x60, 0x10, 0x1f, 0xdb, 0x02, 0xf9, // .*..,...v.`.....
	0x58, 0x20, 0x06, 0xf0, 0x99, 0x25, 0xa0, 0x86, 0x23, 0xde, 0xa0, 0x15, 0x88, 0x6f, 0x96, 0x81, // X ...%..#....o..
	0x69, 0x02, 0xdb, 0x03, 0x2f, 0x3e, 0x16, 0x94, 0x81, 0x7c, 0x66, 0x09, 0xa8, 0xe1, 0x08, 0x39, // i.../>...|f....9
	0x78, 0x05, 0xe2, 0x9b, 0x65, 0x70, 0x9e, 0xc0, 0xc2, 0xe0, 0x0c, 0xe4, 0x33, 0x4b, 0x40, 0x0d, // x...ep......3K@.
	0x47, 0xd0, 0x01, 0x2c, 0x10, 0xdf, 0x2c, 0x03, 0x14, 0x05, 0x06, 0x0a, 0x63, 0x10, 0x1f, 0x0b, // G..,..,.....c...
	0xd4, 0x40, 0x3e, 0x26, 0x0a, 0x6b, 0x10, 0x1f, 0x33, 0x83, 0x40, 0x3e, 0x36, 0x04, 0xf0, 0x99, // .@>&.k..3.@>6...
	0x25, 0xa0, 0x86, 0x23, 0xf4, 0xa0, 0x16, 0x88, 0x6f, 0x96, 0x41, 0x9a, 0x82, 0x11, 0x83, 0x03, // %..#....o.A.....
	0x00, 0x41, 0x30, 0x60, 0x44, 0xe2, 0x17, 0xde, 0x20, 0x0d, 0x66, 0x09, 0xa8, 0x11, 0x83, 0x03, // .A0`D... .f.....
	0x00, 0x41, 0x30, 0x60, 0x46, 0x42, 0x1c, 0xe0, 0x40, 0x0d, 0x66, 0x09, 0xa8, 0x81, 0xae, 0x41, // .A0`FB..@.f....A
	0x16, 0x04, 0x53, 0x20, 0xf4, 0xc0, 0x60, 0x03, 0x04, 0x1d, 0x00, 0x74, 0x60, 0xd0, 0x01, 0x42, // ..S ..`....t`..B
	0x87, 0x09, 0x1d, 0x24, 0x74, 0x70, 0xd0, 0x41, 0x19, 0xe8, 0x1a, 0x64, 0x41, 0x30, 0x05, 0x42, // ...$tp.A...dA0.B
	0x0f, 0x0c, 0x36, 0x40, 0xd0, 0x01, 0x40, 0x07, 0x06, 0x1d, 0x20, 0x74, 0x98, 0xd0, 0x41, 0x42, // ..6@..@... t..AB
	0x07, 0x07, 0x1d, 0x94, 0x81, 0xae, 0x41, 0x16, 0x04, 0x53, 0x20, 0xf4, 0xc0, 0x60, 0x03, 0x04, // ......A..S ..`..
	0x1d, 0x00, 0x74, 0x60, 0xd0, 0x01, 0x42, 0x87, 0x09, 0x1d, 0x24, 0x74, 0x70, 0xd0, 0x41, 0x19, // ..t`..B...$tp.A.
	0xe8, 0x1a, 0x64, 0x41, 0x30, 0x05, 0x42, 0x0f, 0x0c, 0x36, 0x40, 0xd0, 0x01, 0xf0, 0x18, 0x07, // ..dA0.B..6@.....
	0x42, 0x26, 0x45, 0xd2, 0x1c, 0x32, 0x50, 0x86, 0x23, 0x42, 0x61, 0x17, 0x86, 0x6f, 0x38, 0x02, // B&E..2P.#Ba..o8.
	0x14, 0x5c, 0x41, 0xf8, 0x4a, 0x08, 0x76, 0x96, 0x01, 0xab, 0x82, 0xe1, 0x88, 0x50, 0x80, 0x05, // ..A.J.v......P..
	0xe1, 0x9b, 0x65, 0xb0, 0xae, 0x60, 0xc4, 0xe0, 0x00, 0x40, 0x10, 0x0c, 0x18, 0x96, 0x48, 0x87, // ..e..`...@....H.
	0xa2, 0x16, 0x2c, 0x09, 0xe8, 0x63, 0x89, 0x40, 0x1f, 0x4b, 0x06, 0xfa, 0xcc, 0x12, 0x5c, 0x03, // ..,..c.@.K......
	0x15, 0x83, 0x61, 0x61, 0xd5, 0x40, 0xc5, 0x60, 0x58, 0x58, 0x35, 0x50, 0x31, 0x18, 0x16, 0x56, // ..aa.@.`XX5P1..V
	0x8d, 0x18, 0x24, 0x00, 0x08, 0x82, 0x01, 0x52, 0x13, 0xf1, 0xd0, 0x12, 0x2d, 0x21, 0x12, 0xc3, // ..$....R....-!..
	0x88, 0x41, 0x02, 0x80, 0x20, 0x18, 0x20, 0x35, 0x11, 0x0f, 0x2d, 0xd1, 0x12, 0xfa, 0x20, 0x8c, // .A.. . 5..-... .
	0x18, 0x24, 0x00, 0x08, 0x82, 0x01, 0x52, 0x13, 0xf1, 0xd0, 0x12, 0x2d, 0x11, 0x12, 0xc1, 0x88, // .$....R....-....
	0x41, 0x02, 0x80, 0x20, 0x18, 0x20, 0x35, 0x11, 0x0f, 0x2d, 0xd1, 0x12, 0x24, 0xc1, 0xcc, 0x12, // A.. . 5..-..$...
	0xbc, 0xc1, 0x88, 0xc1, 0x03, 0x80, 0x20, 0x18, 0x44, 0x32, 0x51, 0x0f, 0xb6, 0x30, 0x0b, 0xaf, // ...... .D2Q..0..
	0xe0, 0x0a, 0xbb, 0xb0, 0x0b, 0x2d, 0xd1, 0x12, 0xf4, 0xb0, 0x0b, 0xa3, 0x09, 0x01, 0x30, 0x9a, // .....-........0.
	0x20, 0x04, 0xa3, 0x09, 0x83, 0x30, 0x9a, 0x40, 0x0c, 0xc3, 0x11, 0xaf, 0xd0, 0x0b, 0xc4, 0x37, //  ....0.@.......7
	0xcb, 0x90, 0x69, 0x81, 0xf5, 0x82, 0x14, 0x1f, 0x33, 0x02, 0xf9, 0x98, 0x21, 0xc8, 0xc7, 0x8c, // ..i.....3...!...
	0x41, 0x3e, 0x36, 0x64, 0xf0, 0xb1, 0x21, 0x83, 0x8f, 0x0d, 0x19, 0x7c, 0x2c, 0x39, 0xe4, 0x63, // A>6d..!....|,9.c
	0x81, 0x06, 0x9f, 0x11, 0x83, 0x04, 0x00, 0x41, 0x30, 0x40, 0xc8, 0x02, 0x24, 0x78, 0x82, 0x27, // .......A0@..$x.'
	0x62, 0xa2, 0x18, 0x31, 0x48, 0x00, 0x10, 0x04, 0x03, 0x84, 0x2c, 0x40, 0x82, 0x27, 0x78, 0x22, // b..1H.....,@.'x"
	0x25, 0x88, 0x11, 0x83, 0x04, 0x00, 0x41, 0x30, 0x40, 0xc8, 0x02, 0x24, 0x78, 0x82, 0x27, 0x60, // %.....A0@..$x.'`
	0x62, 0x18, 0x31, 0x48, 0x00, 0x10, 0x04, 0x03, 0x84, 0x2c, 0x40, 0x82, 0x27, 0x78, 0x62, 0x26, // b.1H.....,@.'xb&
	0x82, 0x59, 0x82, 0x37, 0x18, 0x31, 0x38, 0x00, 0x10, 0x04, 0x03, 0x46, 0x2c, 0xfe, 0x61, 0x5b, // .Y.7.18....F,.a[
	0x07, 0xfb, 0x02, 0xfa, 0xd8, 0x27, 0xd0, 0xc7, 0xbe, 0x81, 0x3e, 0x23, 0x06, 0x07, 0x00, 0x82, // .....'....>#....
	0x60, 0xc0, 0x98, 0xc5, 0x48, 0x3c, 0xef, 0x60, 0x53, 0x40, 0x1f, 0x9b, 0x04, 0xfa, 0xd8, 0x34, // `...H<.`S@.....4
	0xd0, 0x67, 0x38, 0x22, 0x1c, 0xf2, 0x81, 0xf8, 0x66, 0x19, 0xb6, 0x2e, 0x18, 0x8e, 0x10, 0x07, // .g8"....f.......
	0x79, 0x20, 0x3e, 0x2b, 0x12, 0xf9, 0x58, 0x91, 0xc8, 0xc7, 0x8a, 0x44, 0x3e, 0xb3, 0x0c, 0x6e, // y >+..X....D>..n
	0xc0, 0x11, 0x86, 0x30, 0xf0, 0x31, 0x84, 0x81, 0x8f, 0x21, 0x0c, 0x7c, 0x6c, 0x30, 0xe2, 0x63, // ...0.1...!.|l0.c
	0x83, 0x11, 0x1f, 0x1b, 0x8c, 0xf8, 0xcc, 0x12, 0xb8, 0x81, 0x49, 0xfc, 0x20, 0x1f, 0x93, 0xfa, // ..........I. ...
	0x41, 0x3e, 0x26, 0xf9, 0x83, 0x7c, 0x2c, 0x1a, 0xe4, 0x63, 0xd1, 0x20, 0x1f, 0x8b, 0x06, 0xf9, // A>&..|,..c. ....
	0x0c, 0x47, 0xc8, 0xc3, 0x4d, 0x10, 0xdf, 0x2c, 0x83, 0xf7, 0x05, 0x06, 0x12, 0x57, 0x7c, 0x2c, // .G..M..,.....W|,
	0x20, 0x09, 0xf9, 0x98, 0x48, 0x54, 0xf1, 0x31, 0x21, 0x90, 0x8f, 0x91, 0x04, 0x17, 0x1f, 0x0b, //  ...HT.1!.......
	0x50, 0x42, 0x3e, 0x66, 0x12, 0x5a, 0x7c, 0x4c, 0x08, 0xe4, 0x63, 0x28, 0x11, 0x06, 0xf1, 0xb1, // PB>f.Z|L..c(....
	0x80, 0x25, 0xe4, 0x63, 0x2a, 0xf1, 0xc5, 0xc7, 0x84, 0x40, 0x3e, 0xc3, 0x11, 0x61, 0xd0, 0x12, // .%.c*....@>..a..
	0xc4, 0x37, 0x1c, 0x11, 0x06, 0x2e, 0x41, 0x7c, 0xc3, 0x11, 0x61, 0xf0, 0x12, 0xc4, 0x37, 0xdd, // .7....A|..a...7.
	0x10, 0x13, 0x2f, 0x31, 0x4c, 0x37, 0xc8, 0x04, 0x4c, 0x0c, 0xd3, 0x0d, 0x33, 0x11, 0x13, 0x83, // ../1L7..L...3...
	0xc9, 0x84, 0x15, 0x1f, 0x0b, 0x90, 0xf8, 0x18, 0x4d, 0x5c, 0xf1, 0xb1, 0xc0, 0x89, 0x8f, 0xd9, // ........M.......
	0x04, 0x16, 0x1f, 0x0b, 0xa8, 0xf8, 0x58, 0x91, 0xc8, 0xc7, 0x88, 0x44, 0x3e, 0x36, 0x24, 0xf2, // ......X....D>6$.
	0xb1, 0xe1, 0x83, 0x8f, 0x0d, 0x1f, 0x7c, 0x6c, 0xf8, 0xe0, 0x33, 0x4b, 0xe0, 0x06, 0xc3, 0x11, // ......|l..3K....
	0x31, 0x21, 0x17, 0xc4, 0x37, 0xcb, 0x00, 0x06, 0x63, 0x10, 0x0c, 0x47, 0xc8, 0x84, 0x5b, 0x10, // 1!..7...c..G..[.
	0xdf, 0x2c, 0x43, 0x18, 0x88, 0x41, 0x30, 0x62, 0x70, 0x00, 0x20, 0x08, 0x06, 0x0c, 0x6f, 0xec, // .,C..A0bp. ...o.
	0x45, 0x1e, 0xd4, 0xc1, 0x88, 0xc1, 0x01, 0x80, 0x20, 0x18, 0x30, 0xbd, 0xc1, 0x17, 0x79, 0x50, // E....... .0...yP
	0x07, 0x23, 0x06, 0x07, 0x00, 0x82, 0x60, 0xc0, 0xf8, 0x46, 0x5f, 0xe4, 0x41, 0x1d, 0xcc, 0x12, // .#....`..F_.A...
	0xb8, 0xc1, 0x88, 0xc1, 0x01, 0x80, 0x20, 0x18, 0x30, 0xbf, 0xc1, 0x17, 0x7c, 0x80, 0x07, 0x23, // ...... .0...|..#
	0x06, 0x07, 0x00, 0x82, 0x60, 0xc0, 0x80, 0x47, 0x5f, 0xf0, 0x01, 0x1e, 0x8c, 0x18, 0x1c, 0x00, // ....`..G_.......
	0x08, 0x82, 0x01, 0x13, 0x1e, 0x7e, 0xc1, 0x07, 0x78, 0x30, 0x4b, 0xe0, 0x06, 0xc3, 0x11, 0x39, // .....~..x0K....9
	0x91, 0x17, 0xc4, 0x37, 0xcb, 0x40, 0x06, 0x65, 0x10, 0xd8, 0x59, 0x80, 0x42, 0x7c, 0x0c, 0x2d, // ...7.@.e..Y.B|.-
	0x40, 0x21, 0x3e, 0x96, 0x16, 0xa0, 0x10, 0x9f, 0x11, 0x83, 0x03, 0x00, 0x41, 0x30, 0x60, 0xcc, // @!>.........A0`.
	0x63, 0x34, 0xde, 0x62, 0x18, 0x31, 0x38, 0x00, 0x10, 0x04, 0x03, 0xe6, 0x3c, 0x48, 0x03, 0x2e, // c4.b.18.....<H..
	0x86, 0x11, 0x83, 0x03, 0x00, 0x41, 0x30, 0x60, 0xd0, 0xa3, 0x34, 0xe2, 0x62, 0x30, 0x51, 0x18, // .....A0`..4.b0Q.
	0xe8, 0x63, 0xa2, 0x30, 0xd0, 0xc7, 0x44, 0x61, 0xa0, 0xcf, 0x88, 0xc1, 0x01, 0x80, 0x20, 0x18, // .c.0..Da...... .
	0x30, 0xec, 0xb1, 0x1a, 0x70, 0x31, 0x8c, 0x18, 0x1c, 0x00, 0x08, 0x82, 0x01, 0xd3, 0x1e, 0xac, // 0...p1..........
	0x11, 0x17, 0xc3, 0x88, 0xc1, 0x01, 0x80, 0x20, 0x18, 0x30, 0xee, 0xd1, 0x1a, 0x72, 0x31, 0xcc, // ....... .0...r1.
	0x12, 0xb8, 0xc1, 0x70, 0x84, 0x59, 0x94, 0x06, 0xf1, 0xcd, 0x32, 0x98, 0xc1, 0x19, 0x04, 0x46, // ...p.Y....2....F
	0x17, 0xa9, 0x10, 0x1f, 0xab, 0x8b, 0x54, 0x88, 0x8f, 0xd9, 0x45, 0x2a, 0xc4, 0x67, 0xc4, 0xe0, // ......T...E*.g..
	0x00, 0x40, 0x10, 0x0c, 0x98, 0xf9, 0x80, 0x0d, 0xbe, 0x80, 0x85, 0x11, 0x83, 0x03, 0x00, 0x41, // .@.............A
	0x30, 0x60, 0xe8, 0x23, 0x36, 0xfa, 0x02, 0x16, 0x46, 0x0c, 0x0e, 0x00, 0x04, 0xc1, 0x80, 0xa9, // 0`.#6...F.......
	0x0f, 0xd9, 0xf0, 0x0b, 0x58, 0x30, 0x63, 0xa0, 0x8f, 0x19, 0x03, 0x7d, 0xcc, 0x18, 0xe8, 0x33, // ....X0c....}...3
	0x62, 0x70, 0x00, 0x20, 0x08, 0x06, 0x4c, 0x7e, 0xe0, 0x46, 0x5f, 0x0c, 0x23, 0x06, 0x07, 0x00, // bp. ..L~.F_.#...
	0x82, 0x60, 0xc0, 0xe8, 0x47, 0x6e, 0xf8, 0xc5, 0x30, 0x62, 0x70, 0x00, 0x20, 0x08, 0x06, 0xcc, // .`..Gn..0bp. ...
	0x7e, 0xe8, 0xc6, 0x5f, 0x0c, 0x06, 0x1a, 0x43, 0x7c, 0x2c, 0x34, 0x86, 0xf8, 0x98, 0x68, 0x0c, // ~.._...C|,4...h.
	0xf1, 0x99, 0x25, 0x70, 0x83, 0xe1, 0x08, 0xbb, 0xa0, 0x0d, 0xe2, 0x9b, 0x65, 0x40, 0x83, 0x34, // ..%p........e@.4
	0x08, 0x8c, 0x34, 0x76, 0x21, 0x3e, 0x16, 0xa0, 0x86, 0x7c, 0xcc, 0x34, 0x72, 0x21, 0x3e, 0x26, // ..4v!>...|.4r!>&
	0x04, 0xf2, 0x31, 0xd4, 0x00, 0x87, 0xf8, 0x58, 0xc0, 0x1a, 0xf2, 0x31, 0xd5, 0xf0, 0x85, 0xf8, // ..1....X...1....
	0x98, 0x10, 0xc8, 0xc7, 0x58, 0xa3, 0x1c, 0xe2, 0x63, 0x01, 0x6c, 0xc8, 0xc7, 0x5c, 0x63, 0x1c, // ....X...c.l...c.
	0xe2, 0x63, 0x42, 0x20, 0x9f, 0xe1, 0x88, 0x74, 0x88, 0x0d, 0xe2, 0x1b, 0x8e, 0x48, 0x07, 0xd9, // .cB ...t.....H..
	0x20, 0xbe, 0xe1, 0x88, 0x74, 0x98, 0x0d, 0xe2, 0x9b, 0x6e, 0xa8, 0x8d, 0xd9, 0x18, 0xa6, 0x1b, //  ...t....n......
	0x6c, 0x83, 0x36, 0x86, 0xe9, 0x86, 0xdb, 0xa8, 0x8d, 0xc1, 0x6c, 0x43, 0x17, 0xe2, 0x63, 0x01, // l.6.......lC..c.
	0x12, 0x1f, 0xc3, 0x8d, 0x5d, 0x88, 0x8f, 0x05, 0x4e, 0x7c, 0x4c, 0x37, 0x78, 0x21, 0x3e, 0x16, // ....]...N|L7x!>.
	0x50, 0xf1, 0xb1, 0x22, 0x91, 0x8f, 0x11, 0x89, 0x7c, 0x6c, 0x48, 0xe4, 0x63, 0xc3, 0x38, 0xc0, // P.."....|lH.c.8.
	0xc7, 0x86, 0x71, 0x80, 0x8f, 0x0d, 0xe3, 0x00, 0x9f, 0x59, 0x02, 0x37, 0x18, 0x8e, 0xa8, 0x0d, // ..q......Y.7....
	0xf9, 0x20, 0xbe, 0x59, 0x06, 0x35, 0x58, 0x83, 0x60, 0x38, 0x02, 0x1f, 0xd2, 0x43, 0xf8, 0x86, // . .Y.5X.`8...C..
	0x23, 0xf0, 0x41, 0x3d, 0x84, 0x6f, 0x38, 0x02, 0x1f, 0xd6, 0x43, 0xf8, 0xa6, 0x1b, 0xd0, 0xc3, // #.A=.o8...C.....
	0x3c, 0x86, 0xe9, 0x86, 0xf4, 0x38, 0x8f, 0x61, 0xba, 0x41, 0x3d, 0xd0, 0x63, 0x30, 0x7f, 0x80, // <....8.a.A=.c0..
	0x0f, 0xf9, 0x98, 0x3f, 0xc4, 0x87, 0x7c, 0xcc, 0x1f, 0xe4, 0x43, 0x3e, 0x36, 0xd0, 0x07, 0x7c, // ...?..|...C>6..|
	0x6c, 0xa8, 0x0f, 0xf8, 0xd8, 0x60, 0x1f, 0xf0, 0xb1, 0x81, 0x24, 0xe4, 0x63, 0x03, 0x49, 0xc8, // l....`....$.c.I.
	0xc7, 0x06, 0x92, 0x90, 0x8f, 0x0d, 0xfb, 0x01, 0x1f, 0x1b, 0xf8, 0x03, 0x3e, 0x36, 0xf4, 0x07, // ............>6..
	0x7c, 0x6c, 0x50, 0x09, 0xf9, 0xd8, 0xa0, 0x12, 0xf2, 0xb1, 0x41, 0x25, 0xe4, 0x33, 0x62, 0x60, // |lP.......A%.3b`
	0x00, 0x20, 0x08, 0x06, 0x93, 0x9c, 0xdc, 0x48, 0x4b, 0x8c, 0x18, 0x18, 0x00, 0x08, 0x82, 0xc1, // . .....HK.......
	0x34, 0x27, 0x38, 0xd2, 0x12, 0x23, 0x06, 0x06, 0x00, 0x82, 0x60, 0x30, 0xd1, 0x49, 0x8e, 0xb4, // 4'8..#....`0.I..
	0x84, 0x19, 0x43, 0x7c, 0xcc, 0x18, 0xe2, 0x63, 0xc6, 0x10, 0x1f, 0x1b, 0x30, 0xf9, 0xd8, 0x80, // ..C|...c....0...
	0xc9, 0xc7, 0x06, 0x4c, 0x3e, 0x16, 0x22, 0x28, 0x11, 0x1f, 0x13, 0x11, 0x94, 0x88, 0x8f, 0x8d, // ...L>."(........
	0x08, 0x4a, 0xc4, 0xc7, 0x72, 0x62, 0x90, 0x8f, 0xe5, 0xc4, 0x20, 0x1f, 0xcb, 0x89, 0x41, 0x3e, // .J..rb.... ...A>
	0x76, 0x22, 0x3c, 0x11, 0x1f, 0x43, 0x11, 0x9e, 0x88, 0x8f, 0xa5, 0x08, 0x4f, 0xc4, 0xc7, 0x8c, // v"<..C......O...
	0x41, 0x3e, 0x66, 0x0c, 0xf2, 0x31, 0x63, 0x90, 0x8f, 0x89, 0xc5, 0x10, 0x1f, 0x13, 0x8b, 0x21, // A>f..1c........!
	0x3e, 0x26, 0x16, 0x43, 0x7c, 0xec, 0x26, 0x74, 0x04, 0x3e, 0x76, 0x13, 0x3b, 0x02, 0x1f, 0xbb, // >&.C|.&t.>v.;...
	0x09, 0x1e, 0x81, 0x8f, 0x6d, 0x68, 0x11, 0x1f, 0x0b, 0x2c, 0xf8, 0x18, 0x97, 0x16, 0xf1, 0xb1, // ....mh...,......
	0xe0, 0x82, 0x8f, 0x75, 0x6a, 0x11, 0x1f, 0x0b, 0x30, 0xf8, 0x58, 0x91, 0xc8, 0xc7, 0x88, 0x44, // ...uj...0.X....D
	0x3e, 0x36, 0x24, 0xf2, 0x19, 0x8e, 0xa8, 0x8b, 0x1e, 0x11, 0xbe, 0xe1, 0x88, 0xba, 0xf0, 0x11, // >6$.............
	0xe1, 0x1b, 0x8e, 0xa8, 0x8b, 0x1f, 0x11, 0xbe, 0xe9, 0x86, 0x30, 0xf9, 0x91, 0x61, 0xba, 0x41, // ..........0..a.A
	0x4c, 0xc0, 0x64, 0x98, 0x6e, 0x18, 0x93, 0x30, 0x19, 0x2c, 0xc1, 0xe0, 0x63, 0x09, 0x06, 0x1f, // L.d.n..0.,..c...
	0x4b, 0x30, 0xf8, 0xd8, 0x60, 0xc8, 0xc7, 0x06, 0x43, 0x3e, 0x36, 0x18, 0xf2, 0xb1, 0x6d, 0x80, // K0..`...C>6...m.
	0x8f, 0x6d, 0x03, 0x7c, 0x6c, 0x1b, 0xe0, 0x33, 0x4b, 0xe0, 0x06, 0xc3, 0x11, 0x3e, 0x72, 0x27, // .m.|l..3K....>r'
	0xc4, 0x37, 0xcb, 0xc0, 0x06, 0x6d, 0x10, 0x58, 0x69, 0x84, 0x46, 0x7c, 0xac, 0x34, 0x42, 0x23, // .7...m.Xi.F|.4B#
	0x3e, 0x56, 0x1a, 0xa1, 0x11, 0x9f, 0x11, 0x03, 0x03, 0x00, 0x41, 0x30, 0x98, 0xd2, 0x65, 0x5c, // >V........A0..e.
	0x86, 0x11, 0x03, 0x03, 0x00, 0x41, 0x30, 0x98, 0xd4, 0x85, 0x5c, 0x86, 0x11, 0x03, 0x03, 0x00, // .....A0.........
	0x41, 0x30, 0x98, 0xd6, 0xa5, 0x5c, 0x86, 0x59, 0x02, 0x37, 0xb0, 0xd3, 0x58, 0x0d, 0xf8, 0xd8, // A0.....Y.7..X...
	0x69, 0xac, 0x06, 0x7c, 0xec, 0x34, 0x56, 0x03, 0x3e, 0x36, 0xe4, 0x45, 0x7c, 0x6c, 0xc8, 0x8b, // i..|.4V.>6.E|l..
	0xf8, 0xd8, 0x90, 0x17, 0xf1, 0x99, 0x25, 0x70, 0x83, 0x81, 0xae, 0x41, 0x4f, 0x3c, 0x18, 0x21, // ......%p...AO<.!
	0x03, 0xf8, 0x30, 0x03, 0xb9, 0x40, 0x03, 0x30, 0x50, 0x03, 0x89, 0x0d, 0x8c, 0x36, 0x20, 0x19, // ..0..@.0P....6 .
	0x0e, 0x4e, 0xc2, 0x40, 0x4d, 0xc4, 0x00, 0x66, 0xb6, 0x81, 0xae, 0x41, 0x4f, 0x3c, 0x18, 0x21, // .N.@M..f...AO<.!
	0x03, 0xf8, 0x30, 0x03, 0xb9, 0x40, 0x03, 0x30, 0x50, 0x03, 0x89, 0x0d, 0x8c, 0x36, 0x20, 0x19, // ..0..@.0P....6 .
	0x0e, 0x4e, 0xc2, 0x40, 0x4d, 0xc4, 0x00, 0x66, 0xb6, 0x81, 0xae, 0x41, 0x4f, 0x3c, 0x18, 0x21, // .N.@M..f...AO<.!
	0x03, 0xf8, 0x30, 0x03, 0xb9, 0x40, 0x03, 0x30, 0x50, 0x03, 0x89, 0x0d, 0x8c, 0x36, 0x20, 0x19, // ..0..@.0P....6 .
	0x0e, 0x4e, 0xc2, 0x40, 0x4d, 0xc4, 0x00, 0x66, 0x36, 0x1b, 0xe0, 0x43, 0x3e, 0x36, 0xc4, 0x87, // .N.@M..f6..C>6..
	0x7c, 0x6c, 0x90, 0x0f, 0xf9, 0x98, 0x9f, 0xcc, 0x47, 0x7c, 0xec, 0x3c, 0x02, 0xf9, 0xd8, 0x79, // |l......G|.<...y
	0x08, 0xf2, 0xb1, 0xf3, 0x18, 0xe4, 0x63, 0xc7, 0x00, 0x1f, 0x3b, 0x06, 0xf8, 0xd8, 0x31, 0xc0, // ......c...;...1.
	0xc7, 0xd4, 0xe3, 0x90, 0x8f, 0x05, 0xfb, 0x01, 0x9f, 0x11, 0x83, 0x04, 0x00, 0x41, 0x30, 0x40, // .............A0@
	0x4a, 0x26, 0x5c, 0xfa, 0xa5, 0x5f, 0xe4, 0xa5, 0x18, 0x31, 0x48, 0x00, 0x10, 0x04, 0x03, 0xa4, // J&..._...1H.....
	0x64, 0xc2, 0xa5, 0x5f, 0xfa, 0x45, 0x5d, 0x88, 0x11, 0x83, 0x04, 0x00, 0x41, 0x30, 0x40, 0x4a, // d.._.E].....A0@J
	0x26, 0x5c, 0xfa, 0xa5, 0x5f, 0xe2, 0x65, 0x18, 0x31, 0x48, 0x00, 0x10, 0x04, 0x03, 0xa4, 0x64, // &..._.e.1H.....d
	0xc2, 0xa5, 0x5f, 0xfa, 0x85, 0x5e, 0x82, 0x59, 0x82, 0x37, 0x40, 0x00, 0x00, 0x00, 0x00, 0x00, // .._..^.Y.7@.....
	0x00, 0x00, 0x10, 0x00,                                                                         // ....
};
static const uint8_t fs_blit_mtl[8256] =
{
	0x46, 0x53, 0x48, 0x0c, 0x29, 0x3e, 0x5c, 0xd3, 0x00, 0x00, 0x00, 0x00, 0x00, 0x00, 0x00, 0x00, // FSH.)>..........
	0x00, 0x00, 0x00, 0x00, 0x0a, 0x00, 0x0c, 0x73, 0x5f, 0x74, 0x65, 0x78, 0x53, 0x61, 0x6d, 0x70, // .......s_texSamp
	0x6c, 0x65, 0x72, 0x11, 0x01, 0xff, 0xff, 0x01, 0x00, 0x00, 0x00, 0x00, 0x00, 0x0c, 0x73, 0x5f, // ler...........s_
	0x74, 0x65, 0x78, 0x54, 0x65, 0x78, 0x74, 0x75, 0x72, 0x65, 0x11, 0x01, 0xff, 0xff, 0x01, 0x00, // texTexture......
	0x00, 0x00, 0x00, 0x00, 0x0d, 0x73, 0x5f, 0x6d, 0x61, 0x73, 0x6b, 0x53, 0x61, 0x6d, 0x70, 0x6c, // .....s_maskSampl
	0x65, 0x72, 0x11, 0x01, 0xff, 0xff, 0x01, 0x00, 0x00, 0x00, 0x00, 0x00, 0x0d, 0x73, 0x5f, 0x6d, // er...........s_m
	0x61, 0x73, 0x6b, 0x54, 0x65, 0x78, 0x74, 0x75, 0x72, 0x65, 0x11, 0x01, 0xff, 0xff, 0x01, 0x00, // askTexture......
	0x00, 0x00, 0x00, 0x00, 0x0c, 0x73, 0x5f, 0x64, 0x73, 0x74, 0x53, 0x61, 0x6d, 0x70, 0x6c, 0x65, // .....s_dstSample
	0x72, 0x11, 0x01, 0xff, 0xff, 0x01, 0x00, 0x00, 0x00, 0x00, 0x00, 0x0c, 0x73, 0x5f, 0x64, 0x73, // r...........s_ds
	0x74, 0x54, 0x65, 0x78, 0x74, 0x75, 0x72, 0x65, 0x11, 0x01, 0xff, 0xff, 0x01, 0x00, 0x00, 0x00, // tTexture........
	0x00, 0x00, 0x06, 0x75, 0x5f, 0x62, 0x6c, 0x69, 0x74, 0x12, 0x01, 0x00, 0x00, 0x01, 0x00, 0x00, // ...u_blit.......
	0x00, 0x00, 0x00, 0x05, 0x73, 0x5f, 0x74, 0x65, 0x78, 0x10, 0x00, 0x00, 0x00, 0x00, 0x00, 0x00, // ....s_tex.......
	0x02, 0x00, 0x00, 0x06, 0x73, 0x5f, 0x6d, 0x61, 0x73, 0x6b, 0x10, 0x00, 0x00, 0x00, 0x00, 0x00, // ....s_mask......
	0x00, 0x02, 0x00, 0x00, 0x05, 0x73, 0x5f, 0x64, 0x73, 0x74, 0x10, 0x00, 0x00, 0x00, 0x00, 0x00, // .....s_dst......
	0x00, 0x02, 0x00, 0x00, 0x54, 0x1f, 0x00, 0x00, 0x23, 0x69, 0x6e, 0x63, 0x6c, 0x75, 0x64, 0x65, // ....T...#include
	0x20, 0x3c, 0x6d, 0x65, 0x74, 0x61, 0x6c, 0x5f, 0x73, 0x74, 0x64, 0x6c, 0x69, 0x62, 0x3e, 0x0a, //  <metal_stdlib>.
	0x23, 0x69, 0x6e, 0x63, 0x6c, 0x75, 0x64, 0x65, 0x20, 0x3c, 0x73, 0x69, 0x6d, 0x64, 0x2f, 0x73, // #include <simd/s
	0x69, 0x6d, 0x64, 0x2e, 0x68, 0x3e, 0x0a, 0x0a, 0x75, 0x73, 0x69, 0x6e, 0x67, 0x20, 0x6e, 0x61, // imd.h>..using na
	0x6d, 0x65, 0x73, 0x70, 0x61, 0x63, 0x65, 0x20, 0x6d, 0x65, 0x74, 0x61, 0x6c, 0x3b, 0x0a, 0x0a, // mespace metal;..
	0x73, 0x74, 0x72, 0x75, 0x63, 0x74, 0x20, 0x5f, 0x47, 0x6c, 0x6f, 0x62, 0x61, 0x6c, 0x0a, 0x7b, // struct _Global.{
	0x0a, 0x20, 0x20, 0x20, 0x20, 0x66, 0x6c, 0x6f, 0x61, 0x74, 0x34, 0x20, 0x75, 0x5f, 0x62, 0x6c, // .    float4 u_bl
	0x69, 0x74, 0x3b, 0x0a, 0x7d, 0x3b, 0x0a, 0x0a, 0x73, 0x74, 0x72, 0x75, 0x63, 0x74, 0x20, 0x78, // it;.};..struct x
	0x6c, 0x61, 0x74, 0x4d, 0x74, 0x6c, 0x4d, 0x61, 0x69, 0x6e, 0x5f, 0x6f, 0x75, 0x74, 0x0a, 0x7b, // latMtlMain_out.{
	0x0a, 0x20, 0x20, 0x20, 0x20, 0x66, 0x6c, 0x6f, 0x61, 0x74, 0x34, 0x20, 0x62, 0x67, 0x66, 0x78, // .    float4 bgfx
	0x5f, 0x46, 0x72, 0x61, 0x67, 0x44, 0x61, 0x74, 0x61, 0x30, 0x20, 0x5b, 0x5b, 0x63, 0x6f, 0x6c, // _FragData0 [[col
	0x6f, 0x72, 0x28, 0x30, 0x29, 0x5d, 0x5d, 0x3b, 0x0a, 0x7d, 0x3b, 0x0a, 0x0a, 0x73, 0x74, 0x72, // or(0)]];.};..str
	0x75, 0x63, 0x74, 0x20, 0x78, 0x6c, 0x61, 0x74, 0x4d, 0x74, 0x6c, 0x4d, 0x61, 0x69, 0x6e, 0x5f, // uct xlatMtlMain_
	0x69, 0x6e, 0x0a, 0x7b, 0x0a, 0x20, 0x20, 0x20, 0x20, 0x66, 0x6c, 0x6f, 0x61, 0x74, 0x32, 0x20, // in.{.    float2 
	0x76, 0x5f, 0x75, 0x76, 0x20, 0x5b, 0x5b, 0x75, 0x73, 0x65, 0x72, 0x28, 0x6c, 0x6f, 0x63, 0x6e, // v_uv [[user(locn
	0x32, 0x29, 0x5d, 0x5d, 0x3b, 0x0a, 0x7d, 0x3b, 0x0a, 0x0a, 0x66, 0x72, 0x61, 0x67, 0x6d, 0x65, // 2)]];.};..fragme
	0x6e, 0x74, 0x20, 0x78, 0x6c, 0x61, 0x74, 0x4d, 0x74, 0x6c, 0x4d, 0x61, 0x69, 0x6e, 0x5f, 0x6f, // nt xlatMtlMain_o
	0x75, 0x74, 0x20, 0x78, 0x6c, 0x61, 0x74, 0x4d, 0x74, 0x6c, 0x4d, 0x61, 0x69, 0x6e, 0x28, 0x78, // ut xlatMtlMain(x
	0x6c, 0x61, 0x74, 0x4d, 0x74, 0x6c, 0x4d, 0x61, 0x69, 0x6e, 0x5f, 0x69, 0x6e, 0x20, 0x69, 0x6e, // latMtlMain_in in
	0x20, 0x5b, 0x5b, 0x73, 0x74, 0x61, 0x67, 0x65, 0x5f, 0x69, 0x6e, 0x5d, 0x5d, 0x2c, 0x20, 0x63, //  [[stage_in]], c
	0x6f, 0x6e, 0x73, 0x74, 0x61, 0x6e, 0x74, 0x20, 0x5f, 0x47, 0x6c, 0x6f, 0x62, 0x61, 0x6c, 0x26, // onstant _Global&
	0x20, 0x5f, 0x6d, 0x74, 0x6c, 0x5f, 0x75, 0x20, 0x5b, 0x5b, 0x62, 0x75, 0x66, 0x66, 0x65, 0x72, //  _mtl_u [[buffer
	0x28, 0x30, 0x29, 0x5d, 0x5d, 0x2c, 0x20, 0x74, 0x65, 0x78, 0x74, 0x75, 0x72, 0x65, 0x32, 0x64, // (0)]], texture2d
	0x3c, 0x66, 0x6c, 0x6f, 0x61, 0x74, 0x3e, 0x20, 0x73, 0x5f, 0x74, 0x65, 0x78, 0x20, 0x5b, 0x5b, // <float> s_tex [[
	0x74, 0x65, 0x78, 0x74, 0x75, 0x72, 0x65, 0x28, 0x31, 0x29, 0x5d, 0x5d, 0x2c, 0x20, 0x74, 0x65, // texture(1)]], te
	0x78, 0x74, 0x75, 0x72, 0x65, 0x32, 0x64, 0x3c, 0x66, 0x6c, 0x6f, 0x61, 0x74, 0x3e, 0x20, 0x73, // xture2d<float> s
	0x5f, 0x6d, 0x61, 0x73, 0x6b, 0x20, 0x5b, 0x5b, 0x74, 0x65, 0x78, 0x74, 0x75, 0x72, 0x65, 0x28, // _mask [[texture(
	0x32, 0x29, 0x5d, 0x5d, 0x2c, 0x20, 0x74, 0x65, 0x78, 0x74, 0x75, 0x72, 0x65, 0x32, 0x64, 0x3c, // 2)]], texture2d<
	0x66, 0x6c, 0x6f, 0x61, 0x74, 0x3e, 0x20, 0x73, 0x5f, 0x64, 0x73, 0x74, 0x20, 0x5b, 0x5b, 0x74, // float> s_dst [[t
	0x65, 0x78, 0x74, 0x75, 0x72, 0x65, 0x28, 0x33, 0x29, 0x5d, 0x5d, 0x2c, 0x20, 0x73, 0x61, 0x6d, // exture(3)]], sam
	0x70, 0x6c, 0x65, 0x72, 0x20, 0x73, 0x5f, 0x74, 0x65, 0x78, 0x53, 0x61, 0x6d, 0x70, 0x6c, 0x65, // pler s_texSample
	0x72, 0x20, 0x5b, 0x5b, 0x73, 0x61, 0x6d, 0x70, 0x6c, 0x65, 0x72, 0x28, 0x31, 0x29, 0x5d, 0x5d, // r [[sampler(1)]]
	0x2c, 0x20, 0x73, 0x61, 0x6d, 0x70, 0x6c, 0x65, 0x72, 0x20, 0x73, 0x5f, 0x6d, 0x61, 0x73, 0x6b, // , sampler s_mask
	0x53, 0x61, 0x6d, 0x70, 0x6c, 0x65, 0x72, 0x20, 0x5b, 0x5b, 0x73, 0x61, 0x6d, 0x70, 0x6c, 0x65, // Sampler [[sample
	0x72, 0x28, 0x32, 0x29, 0x5d, 0x5d, 0x2c, 0x20, 0x73, 0x61, 0x6d, 0x70, 0x6c, 0x65, 0x72, 0x20, // r(2)]], sampler 
	0x73, 0x5f, 0x64, 0x73, 0x74, 0x53, 0x61, 0x6d, 0x70, 0x6c, 0x65, 0x72, 0x20, 0x5b, 0x5b, 0x73, // s_dstSampler [[s
	0x61, 0x6d, 0x70, 0x6c, 0x65, 0x72, 0x28, 0x33, 0x29, 0x5d, 0x5d, 0x29, 0x0a, 0x7b, 0x0a, 0x20, // ampler(3)]]).{. 
	0x20, 0x20, 0x20, 0x78, 0x6c, 0x61, 0x74, 0x4d, 0x74, 0x6c, 0x4d, 0x61, 0x69, 0x6e, 0x5f, 0x6f, //    xlatMtlMain_o
	0x75, 0x74, 0x20, 0x6f, 0x75, 0x74, 0x20, 0x3d, 0x20, 0x7b, 0x7d, 0x3b, 0x0a, 0x20, 0x20, 0x20, // ut out = {};.   
	0x20, 0x66, 0x6c, 0x6f, 0x61, 0x74, 0x34, 0x20, 0x5f, 0x31, 0x32, 0x37, 0x32, 0x3b, 0x0a, 0x20, //  float4 _1272;. 
	0x20, 0x20, 0x20, 0x64, 0x6f, 0x0a, 0x20, 0x20, 0x20, 0x20, 0x7b, 0x0a, 0x20, 0x20, 0x20, 0x20, //    do.    {.    
	0x20, 0x20, 0x20, 0x20, 0x66, 0x6c, 0x6f, 0x61, 0x74, 0x34, 0x20, 0x5f, 0x39, 0x32, 0x31, 0x20, //     float4 _921 
	0x3d, 0x20, 0x73, 0x5f, 0x74, 0x65, 0x78, 0x2e, 0x73, 0x61, 0x6d, 0x70, 0x6c, 0x65, 0x28, 0x73, // = s_tex.sample(s
	0x5f, 0x74, 0x65, 0x78, 0x53, 0x61, 0x6d, 0x70, 0x6c, 0x65, 0x72, 0x2c, 0x20, 0x69, 0x6e, 0x2e, // _texSampler, in.
	0x76, 0x5f, 0x75, 0x76, 0x29, 0x3b, 0x0a, 0x20, 0x20, 0x20, 0x20, 0x20, 0x20, 0x20, 0x20, 0x66, // v_uv);.        f
	0x6c, 0x6f, 0x61, 0x74, 0x34, 0x20, 0x5f, 0x36, 0x39, 0x32, 0x20, 0x3d, 0x20, 0x5f, 0x39, 0x32, // loat4 _692 = _92
	0x31, 0x20, 0x2a, 0x20, 0x5f, 0x6d, 0x74, 0x6c, 0x5f, 0x75, 0x2e, 0x75, 0x5f, 0x62, 0x6c, 0x69, // 1 * _mtl_u.u_bli
	0x74, 0x2e, 0x79, 0x3b, 0x0a, 0x20, 0x20, 0x20, 0x20, 0x20, 0x20, 0x20, 0x20, 0x66, 0x6c, 0x6f, // t.y;.        flo
	0x61, 0x74, 0x34, 0x20, 0x5f, 0x31, 0x32, 0x36, 0x34, 0x3b, 0x0a, 0x20, 0x20, 0x20, 0x20, 0x20, // at4 _1264;.     
	0x20, 0x20, 0x20, 0x69, 0x66, 0x20, 0x28, 0x5f, 0x6d, 0x74, 0x6c, 0x5f, 0x75, 0x2e, 0x75, 0x5f, //    if (_mtl_u.u_
	0x62, 0x6c, 0x69, 0x74, 0x2e, 0x78, 0x20, 0x3e, 0x20, 0x30, 0x2e, 0x35, 0x29, 0x0a, 0x20, 0x20, // blit.x > 0.5).  
	0x20, 0x20, 0x20, 0x20, 0x20, 0x20, 0x7b, 0x0a, 0x20, 0x20, 0x20, 0x20, 0x20, 0x20, 0x20, 0x20, //       {.        
	0x20, 0x20, 0x20, 0x20, 0x66, 0x6c, 0x6f, 0x61, 0x74, 0x34, 0x20, 0x5f, 0x39, 0x33, 0x30, 0x20, //     float4 _930 
	0x3d, 0x20, 0x73, 0x5f, 0x6d, 0x61, 0x73, 0x6b, 0x2e, 0x73, 0x61, 0x6d, 0x70, 0x6c, 0x65, 0x28, // = s_mask.sample(
	0x73, 0x5f, 0x6d, 0x61, 0x73, 0x6b, 0x53, 0x61, 0x6d, 0x70, 0x6c, 0x65, 0x72, 0x2c, 0x20, 0x69, // s_maskSampler, i
	0x6e, 0x2e, 0x76, 0x5f, 0x75, 0x76, 0x29, 0x3b, 0x0a, 0x20, 0x20, 0x20, 0x20, 0x20, 0x20, 0x20, // n.v_uv);.       
	0x20, 0x20, 0x20, 0x20, 0x20, 0x66, 0x6c, 0x6f, 0x61, 0x74, 0x34, 0x20, 0x5f, 0x31, 0x32, 0x36, //      float4 _126
	0x35, 0x3b, 0x0a, 0x20, 0x20, 0x20, 0x20, 0x20, 0x20, 0x20, 0x20, 0x20, 0x20, 0x20, 0x20, 0x69, // 5;.            i
	0x66, 0x20, 0x28, 0x5f, 0x6d, 0x74, 0x6c, 0x5f, 0x75, 0x2e, 0x75, 0x5f, 0x62, 0x6c, 0x69, 0x74, // f (_mtl_u.u_blit
	0x2e, 0x78, 0x20, 0x3c, 0x20, 0x31, 0x2e, 0x35, 0x29, 0x0a, 0x20, 0x20, 0x20, 0x20, 0x20, 0x20, // .x < 1.5).      
	0x20, 0x20, 0x20, 0x20, 0x20, 0x20, 0x7b, 0x0a, 0x20, 0x20, 0x20, 0x20, 0x20, 0x20, 0x20, 0x20, //       {.        
	0x20, 0x20, 0x20, 0x20, 0x20, 0x20, 0x20, 0x20, 0x5f, 0x31, 0x32, 0x36, 0x35, 0x20, 0x3d, 0x20, //         _1265 = 
	0x5f, 0x36, 0x39, 0x32, 0x20, 0x2a, 0x20, 0x5f, 0x39, 0x33, 0x30, 0x2e, 0x77, 0x3b, 0x0a, 0x20, // _692 * _930.w;. 
	0x20, 0x20, 0x20, 0x20, 0x20, 0x20, 0x20, 0x20, 0x20, 0x20, 0x20, 0x7d, 0x0a, 0x20, 0x20, 0x20, //            }.   
	0x20, 0x20, 0x20, 0x20, 0x20, 0x20, 0x20, 0x20, 0x20, 0x65, 0x6c, 0x73, 0x65, 0x0a, 0x20, 0x20, //          else.  
	0x20, 0x20, 0x20, 0x20, 0x20, 0x20, 0x20, 0x20, 0x20, 0x20, 0x7b, 0x0a, 0x20, 0x20, 0x20, 0x20, //           {.    
	0x20, 0x20, 0x20, 0x20, 0x20, 0x20, 0x20, 0x20, 0x20, 0x20, 0x20, 0x20, 0x66, 0x6c, 0x6f, 0x61, //             floa
	0x74, 0x34, 0x20, 0x5f, 0x31, 0x32, 0x36, 0x36, 0x3b, 0x0a, 0x20, 0x20, 0x20, 0x20, 0x20, 0x20, // t4 _1266;.      
	0x20, 0x20, 0x20, 0x20, 0x20, 0x20, 0x20, 0x20, 0x20, 0x20, 0x69, 0x66, 0x20, 0x28, 0x5f, 0x6d, //           if (_m
	0x74, 0x6c, 0x5f, 0x75, 0x2e, 0x75, 0x5f, 0x62, 0x6c, 0x69, 0x74, 0x2e, 0x78, 0x20, 0x3c, 0x20, // tl_u.u_blit.x < 
	0x32, 0x2e, 0x35, 0x29, 0x0a, 0x20, 0x20, 0x20, 0x20, 0x20, 0x20, 0x20, 0x20, 0x20, 0x20, 0x20, // 2.5).           
	0x20, 0x20, 0x20, 0x20, 0x20, 0x7b, 0x0a, 0x20, 0x20, 0x20, 0x20, 0x20, 0x20, 0x20, 0x20, 0x20, //      {.         
	0x20, 0x20, 0x20, 0x20, 0x20, 0x20, 0x20, 0x20, 0x20, 0x20, 0x20, 0x5f, 0x31, 0x32, 0x36, 0x36, //            _1266
	0x20, 0x3d, 0x20, 0x5f, 0x36, 0x39, 0x32, 0x20, 0x2a, 0x20, 0x28, 0x31, 0x2e, 0x30, 0x20, 0x2d, //  = _692 * (1.0 -
	0x20, 0x5f, 0x39, 0x33, 0x30, 0x2e, 0x77, 0x29, 0x3b, 0x0a, 0x20, 0x20, 0x20, 0x20, 0x20, 0x20, //  _930.w);.      
	0x20, 0x20, 0x20, 0x20, 0x20, 0x20, 0x20, 0x20, 0x20, 0x20, 0x7d, 0x0a, 0x20, 0x20, 0x20, 0x20, //           }.    
	0x20, 0x20, 0x20, 0x20, 0x20, 0x20, 0x20, 0x20, 0x20, 0x20, 0x20, 0x20, 0x65, 0x6c, 0x73, 0x65, //             else
	0x0a, 0x20, 0x20, 0x20, 0x20, 0x20, 0x20, 0x20, 0x20, 0x20, 0x20, 0x20, 0x20, 0x20, 0x20, 0x20, // .               
	0x20, 0x7b, 0x0a, 0x20, 0x20, 0x20, 0x20, 0x20, 0x20, 0x20, 0x20, 0x20, 0x20, 0x20, 0x20, 0x20, //  {.             
	0x20, 0x20, 0x20, 0x20, 0x20, 0x20, 0x20, 0x66, 0x6c, 0x6f, 0x61, 0x74, 0x34, 0x20, 0x5f, 0x31, //        float4 _1
	0x32, 0x36, 0x37, 0x3b, 0x0a, 0x20, 0x20, 0x20, 0x20, 0x20, 0x20, 0x20, 0x20, 0x20, 0x20, 0x20, // 267;.           
	0x20, 0x20, 0x20, 0x20, 0x20, 0x20, 0x20, 0x20, 0x20, 0x69, 0x66, 0x20, 0x28, 0x5f, 0x6d, 0x74, //          if (_mt
	0x6c, 0x5f, 0x75, 0x2e, 0x75, 0x5f, 0x62, 0x6c, 0x69, 0x74, 0x2e, 0x78, 0x20, 0x3c, 0x20, 0x33, // l_u.u_blit.x < 3
	0x2e, 0x35, 0x29, 0x0a, 0x20, 0x20, 0x20, 0x20, 0x20, 0x20, 0x20, 0x20, 0x20, 0x20, 0x20, 0x20, // .5).            
	0x20, 0x20, 0x20, 0x20, 0x20, 0x20, 0x20, 0x20, 0x7b, 0x0a, 0x20, 0x20, 0x20, 0x20, 0x20, 0x20, //         {.      
	0x20, 0x20, 0x20, 0x20, 0x20, 0x20, 0x20, 0x20, 0x20, 0x20, 0x20, 0x20, 0x20, 0x20, 0x20, 0x20, //                 
	0x20, 0x20, 0x5f, 0x31, 0x32, 0x36, 0x37, 0x20, 0x3d, 0x20, 0x5f, 0x36, 0x39, 0x32, 0x20, 0x2a, //   _1267 = _692 *
	0x20, 0x64, 0x6f, 0x74, 0x28, 0x5f, 0x39, 0x33, 0x30, 0x2e, 0x78, 0x79, 0x7a, 0x2c, 0x20, 0x66, //  dot(_930.xyz, f
	0x6c, 0x6f, 0x61, 0x74, 0x33, 0x28, 0x30, 0x2e, 0x32, 0x31, 0x32, 0x35, 0x39, 0x39, 0x39, 0x39, // loat3(0.21259999
	0x32, 0x37, 0x35, 0x32, 0x30, 0x37, 0x35, 0x31, 0x39, 0x35, 0x33, 0x31, 0x32, 0x35, 0x2c, 0x20, // 27520751953125, 
	0x30, 0x2e, 0x37, 0x31, 0x35, 0x32, 0x30, 0x30, 0x30, 0x30, 0x36, 0x39, 0x36, 0x31, 0x38, 0x32, // 0.71520000696182
	0x32, 0x35, 0x30, 0x39, 0x37, 0x36, 0x35, 0x36, 0x32, 0x35, 0x2c, 0x20, 0x30, 0x2e, 0x30, 0x37, // 2509765625, 0.07
	0x32, 0x32, 0x30, 0x30, 0x30, 0x30, 0x30, 0x32, 0x38, 0x36, 0x31, 0x30, 0x32, 0x32, 0x39, 0x34, // 2200000286102294
	0x39, 0x32, 0x31, 0x38, 0x37, 0x35, 0x29, 0x29, 0x3b, 0x0a, 0x20, 0x20, 0x20, 0x20, 0x20, 0x20, // 921875));.      
	0x20, 0x20, 0x20, 0x20, 0x20, 0x20, 0x20, 0x20, 0x20, 0x20, 0x20, 0x20, 0x20, 0x20, 0x7d, 0x0a, //               }.
	0x20, 0x20, 0x20, 0x20, 0x20, 0x20, 0x20, 0x20, 0x20, 0x20, 0x20, 0x20, 0x20, 0x20, 0x20, 0x20, //                 
	0x20, 0x20, 0x20, 0x20, 0x65, 0x6c, 0x73, 0x65, 0x0a, 0x20, 0x20, 0x20, 0x20, 0x20, 0x20, 0x20, //     else.       
	0x20, 0x20, 0x20, 0x20, 0x20, 0x20, 0x20, 0x20, 0x20, 0x20, 0x20, 0x20, 0x20, 0x7b, 0x0a, 0x20, //              {. 
	0x20, 0x20, 0x20, 0x20, 0x20, 0x20, 0x20, 0x20, 0x20, 0x20, 0x20, 0x20, 0x20, 0x20, 0x20, 0x20, //                 
	0x20, 0x20, 0x20, 0x20, 0x20, 0x20, 0x20, 0x66, 0x6c, 0x6f, 0x61, 0x74, 0x34, 0x20, 0x5f, 0x31, //        float4 _1
	0x32, 0x36, 0x38, 0x3b, 0x0a, 0x20, 0x20, 0x20, 0x20, 0x20, 0x20, 0x20, 0x20, 0x20, 0x20, 0x20, // 268;.           
	0x20, 0x20, 0x20, 0x20, 0x20, 0x20, 0x20, 0x20, 0x20, 0x20, 0x20, 0x20, 0x20, 0x69, 0x66, 0x20, //              if 
	0x28, 0x5f, 0x6d, 0x74, 0x6c, 0x5f, 0x75, 0x2e, 0x75, 0x5f, 0x62, 0x6c, 0x69, 0x74, 0x2e, 0x78, // (_mtl_u.u_blit.x
	0x20, 0x3c, 0x20, 0x34, 0x2e, 0x35, 0x29, 0x0a, 0x20, 0x20, 0x20, 0x20, 0x20, 0x20, 0x20, 0x20, //  < 4.5).        
	0x20, 0x20, 0x20, 0x20, 0x20, 0x20, 0x20, 0x20, 0x20, 0x20, 0x20, 0x20, 0x20, 0x20, 0x20, 0x20, //                 
	0x7b, 0x0a, 0x20, 0x20, 0x20, 0x20, 0x20, 0x20, 0x20, 0x20, 0x20, 0x20, 0x20, 0x20, 0x20, 0x20, // {.              
	0x20, 0x20, 0x20, 0x20, 0x20, 0x20, 0x20, 0x20, 0x20, 0x20, 0x20, 0x20, 0x20, 0x20, 0x5f, 0x31, //               _1
	0x32, 0x36, 0x38, 0x20, 0x3d, 0x20, 0x5f, 0x36, 0x39, 0x32, 0x20, 0x2a, 0x20, 0x28, 0x31, 0x2e, // 268 = _692 * (1.
	0x30, 0x20, 0x2d, 0x20, 0x64, 0x6f, 0x74, 0x28, 0x5f, 0x39, 0x33, 0x30, 0x2e, 0x78, 0x79, 0x7a, // 0 - dot(_930.xyz
	0x2c, 0x20, 0x66, 0x6c, 0x6f, 0x61, 0x74, 0x33, 0x28, 0x30, 0x2e, 0x32, 0x31, 0x32, 0x35, 0x39, // , float3(0.21259
	0x39, 0x39, 0x39, 0x32, 0x37, 0x35, 0x32, 0x30, 0x37, 0x35, 0x31, 0x39, 0x35, 0x33, 0x31, 0x32, // 9992752075195312
	0x35, 0x2c, 0x20, 0x30, 0x2e, 0x37, 0x31, 0x35, 0x32, 0x30, 0x30, 0x30, 0x30, 0x36, 0x39, 0x36, // 5, 0.71520000696
	0x31, 0x38, 0x32, 0x32, 0x35, 0x30, 0x39, 0x37, 0x36, 0x35, 0x36, 0x32, 0x35, 0x2c, 0x20, 0x30, // 1822509765625, 0
	0x2e, 0x30, 0x37, 0x32, 0x32, 0x30, 0x30, 0x30, 0x30, 0x30, 0x32, 0x38, 0x36, 0x31, 0x30, 0x32, // .072200000286102
	0x32, 0x39, 0x34, 0x39, 0x32, 0x31, 0x38, 0x37, 0x35, 0x29, 0x29, 0x29, 0x3b, 0x0a, 0x20, 0x20, // 294921875)));.  
	0x20, 0x20, 0x20, 0x20, 0x20, 0x20, 0x20, 0x20, 0x20, 0x20, 0x20, 0x20, 0x20, 0x20, 0x20, 0x20, //                 
	0x20, 0x20, 0x20, 0x20, 0x20, 0x20, 0x7d, 0x0a, 0x20, 0x20, 0x20, 0x20, 0x20, 0x20, 0x20, 0x20, //       }.        
	0x20, 0x20, 0x20, 0x20, 0x20, 0x20, 0x20, 0x20, 0x20, 0x20, 0x20, 0x20, 0x20, 0x20, 0x20, 0x20, //                 
	0x65, 0x6c, 0x73, 0x65, 0x0a, 0x20, 0x20, 0x20, 0x20, 0x20, 0x20, 0x20, 0x20, 0x20, 0x20, 0x20, // else.           
	0x20, 0x20, 0x20, 0x20, 0x20, 0x20, 0x20, 0x20, 0x20, 0x20, 0x20, 0x20, 0x20, 0x7b, 0x0a, 0x20, //              {. 
	0x20, 0x20, 0x20, 0x20, 0x20, 0x20, 0x20, 0x20, 0x20, 0x20, 0x20, 0x20, 0x20, 0x20, 0x20, 0x20, //                 
	0x20, 0x20, 0x20, 0x20, 0x20, 0x20, 0x20, 0x20, 0x20, 0x20, 0x20, 0x66, 0x6c, 0x6f, 0x61, 0x74, //            float
	0x20, 0x5f, 0x31, 0x32, 0x35, 0x34, 0x3b, 0x0a, 0x20, 0x20, 0x20, 0x20, 0x20, 0x20, 0x20, 0x20, //  _1254;.        
	0x20, 0x20, 0x20, 0x20, 0x20, 0x20, 0x20, 0x20, 0x20, 0x20, 0x20, 0x20, 0x20, 0x20, 0x20, 0x20, //                 
	0x20, 0x20, 0x20, 0x20, 0x69, 0x66, 0x20, 0x28, 0x5f, 0x6d, 0x74, 0x6c, 0x5f, 0x75, 0x2e, 0x75, //     if (_mtl_u.u
	0x5f, 0x62, 0x6c, 0x69, 0x74, 0x2e, 0x78, 0x20, 0x3c, 0x20, 0x35, 0x2e, 0x35, 0x29, 0x0a, 0x20, // _blit.x < 5.5). 
	0x20, 0x20, 0x20, 0x20, 0x20, 0x20, 0x20, 0x20, 0x20, 0x20, 0x20, 0x20, 0x20, 0x20, 0x20, 0x20, //                 
	0x20, 0x20, 0x20, 0x20, 0x20, 0x20, 0x20, 0x20, 0x20, 0x20, 0x20, 0x7b, 0x0a, 0x20, 0x20, 0x20, //            {.   
	0x20, 0x20, 0x20, 0x20, 0x20, 0x20, 0x20, 0x20, 0x20, 0x20, 0x20, 0x20, 0x20, 0x20, 0x20, 0x20, //                 
	0x20, 0x20, 0x20, 0x20, 0x20, 0x20, 0x20, 0x20, 0x20, 0x20, 0x20, 0x20, 0x20, 0x66, 0x6c, 0x6f, //              flo
	0x61, 0x74, 0x20, 0x5f, 0x37, 0x33, 0x39, 0x20, 0x3d, 0x20, 0x5f, 0x36, 0x39, 0x32, 0x2e, 0x77, // at _739 = _692.w
	0x3b, 0x0a, 0x20, 0x20, 0x20, 0x20, 0x20, 0x20, 0x20, 0x20, 0x20, 0x20, 0x20, 0x20, 0x20, 0x20, // ;.              
	0x20, 0x20, 0x20, 0x20, 0x20, 0x20, 0x20, 0x20, 0x20, 0x20, 0x20, 0x20, 0x20, 0x20, 0x20, 0x20, //                 
	0x20, 0x20, 0x5f, 0x31, 0x32, 0x35, 0x34, 0x20, 0x3d, 0x20, 0x5f, 0x37, 0x33, 0x39, 0x20, 0x2b, //   _1254 = _739 +
	0x20, 0x28, 0x5f, 0x39, 0x33, 0x30, 0x2e, 0x77, 0x20, 0x2a, 0x20, 0x28, 0x31, 0x2e, 0x30, 0x20, //  (_930.w * (1.0 
	0x2d, 0x20, 0x5f, 0x37, 0x33, 0x39, 0x29, 0x29, 0x3b, 0x0a, 0x20, 0x20, 0x20, 0x20, 0x20, 0x20, // - _739));.      
	0x20, 0x20, 0x20, 0x20, 0x20, 0x20, 0x20, 0x20, 0x20, 0x20, 0x20, 0x20, 0x20, 0x20, 0x20, 0x20, //                 
	0x20, 0x20, 0x20, 0x20, 0x20, 0x20, 0x7d, 0x0a, 0x20, 0x20, 0x20, 0x20, 0x20, 0x20, 0x20, 0x20, //       }.        
	0x20, 0x20, 0x20, 0x20, 0x20, 0x20, 0x20, 0x20, 0x20, 0x20, 0x20, 0x20, 0x20, 0x20, 0x20, 0x20, //                 
	0x20, 0x20, 0x20, 0x20, 0x65, 0x6c, 0x73, 0x65, 0x0a, 0x20, 0x20, 0x20, 0x20, 0x20, 0x20, 0x20, //     else.       
	0x20, 0x20, 0x20, 0x20, 0x20, 0x20, 0x20, 0x20, 0x20, 0x20, 0x20, 0x20, 0x20, 0x20, 0x20, 0x20, //                 
	0x20, 0x20, 0x20, 0x20, 0x20, 0x7b, 0x0a, 0x20, 0x20, 0x20, 0x20, 0x20, 0x20, 0x20, 0x20, 0x20, //      {.         
	0x20, 0x20, 0x20, 0x20, 0x20, 0x20, 0x20, 0x20, 0x20, 0x20, 0x20, 0x20, 0x20, 0x20, 0x20, 0x20, //                 
	0x20, 0x20, 0x20, 0x20, 0x20, 0x20, 0x20, 0x66, 0x6c, 0x6f, 0x61, 0x74, 0x20, 0x5f, 0x31, 0x32, //        float _12
	0x35, 0x35, 0x3b, 0x0a, 0x20, 0x20, 0x20, 0x20, 0x20, 0x20, 0x20, 0x20, 0x20, 0x20, 0x20, 0x20, // 55;.            
	0x20, 0x20, 0x20, 0x20, 0x20, 0x20, 0x20, 0x20, 0x20, 0x20, 0x20, 0x20, 0x20, 0x20, 0x20, 0x20, //                 
	0x20, 0x20, 0x20, 0x20, 0x69, 0x66, 0x20, 0x28, 0x5f, 0x6d, 0x74, 0x6c, 0x5f, 0x75, 0x2e, 0x75, //     if (_mtl_u.u
	0x5f, 0x62, 0x6c, 0x69, 0x74, 0x2e, 0x78, 0x20, 0x3c, 0x20, 0x36, 0x2e, 0x35, 0x29, 0x0a, 0x20, // _blit.x < 6.5). 
	0x20, 0x20, 0x20, 0x20, 0x20, 0x20, 0x20, 0x20, 0x20, 0x20, 0x20, 0x20, 0x20, 0x20, 0x20, 0x20, //                 
	0x20, 0x20, 0x20, 0x20, 0x20, 0x20, 0x20, 0x20, 0x20, 0x20, 0x20, 0x20, 0x20, 0x20, 0x20, 0x7b, //                {
	0x0a, 0x20, 0x20, 0x20, 0x20, 0x20, 0x20, 0x20, 0x20, 0x20, 0x20, 0x20, 0x20, 0x20, 0x20, 0x20, // .               
	0x20, 0x20, 0x20, 0x20, 0x20, 0x20, 0x20, 0x20, 0x20, 0x20, 0x20, 0x20, 0x20, 0x20, 0x20, 0x20, //                 
	0x20, 0x20, 0x20, 0x20, 0x20, 0x5f, 0x31, 0x32, 0x35, 0x35, 0x20, 0x3d, 0x20, 0x5f, 0x36, 0x39, //      _1255 = _69
	0x32, 0x2e, 0x77, 0x20, 0x2a, 0x20, 0x28, 0x31, 0x2e, 0x30, 0x20, 0x2d, 0x20, 0x5f, 0x39, 0x33, // 2.w * (1.0 - _93
	0x30, 0x2e, 0x77, 0x29, 0x3b, 0x0a, 0x20, 0x20, 0x20, 0x20, 0x20, 0x20, 0x20, 0x20, 0x20, 0x20, // 0.w);.          
	0x20, 0x20, 0x20, 0x20, 0x20, 0x20, 0x20, 0x20, 0x20, 0x20, 0x20, 0x20, 0x20, 0x20, 0x20, 0x20, //                 
	0x20, 0x20, 0x20, 0x20, 0x20, 0x20, 0x7d, 0x0a, 0x20, 0x20, 0x20, 0x20, 0x20, 0x20, 0x20, 0x20, //       }.        
	0x20, 0x20, 0x20, 0x20, 0x20, 0x20, 0x20, 0x20, 0x20, 0x20, 0x20, 0x20, 0x20, 0x20, 0x20, 0x20, //                 
	0x20, 0x20, 0x20, 0x20, 0x20, 0x20, 0x20, 0x20, 0x65, 0x6c, 0x73, 0x65, 0x0a, 0x20, 0x20, 0x20, //         else.   
	0x20, 0x20, 0x20, 0x20, 0x20, 0x20, 0x20, 0x20, 0x20, 0x20, 0x20, 0x20, 0x20, 0x20, 0x20, 0x20, //                 
	0x20, 0x20, 0x20, 0x20, 0x20, 0x20, 0x20, 0x20, 0x20, 0x20, 0x20, 0x20, 0x20, 0x7b, 0x0a, 0x20, //              {. 
	0x20, 0x20, 0x20, 0x20, 0x20, 0x20, 0x20, 0x20, 0x20, 0x20, 0x20, 0x20, 0x20, 0x20, 0x20, 0x20, //                 
	0x20, 0x20, 0x20, 0x20, 0x20, 0x20, 0x20, 0x20, 0x20, 0x20, 0x20, 0x20, 0x20, 0x20, 0x20, 0x20, //                 
	0x20, 0x20, 0x20, 0x66, 0x6c, 0x6f, 0x61, 0x74, 0x20, 0x5f, 0x31, 0x32, 0x35, 0x36, 0x3b, 0x0a, //    float _1256;.
	0x20, 0x20, 0x20, 0x20, 0x20, 0x20, 0x20, 0x20, 0x20, 0x20, 0x20, 0x20, 0x20, 0x20, 0x20, 0x20, //                 
	0x20, 0x20, 0x20, 0x20, 0x20, 0x20, 0x20, 0x20, 0x20, 0x20, 0x20, 0x20, 0x20, 0x20, 0x20, 0x20, //                 
	0x20, 0x20, 0x20, 0x20, 0x69, 0x66, 0x20, 0x28, 0x5f, 0x6d, 0x74, 0x6c, 0x5f, 0x75, 0x2e, 0x75, //     if (_mtl_u.u
	0x5f, 0x62, 0x6c, 0x69, 0x74, 0x2e, 0x78, 0x20, 0x3c, 0x20, 0x37, 0x2e, 0x35, 0x29, 0x0a, 0x20, // _blit.x < 7.5). 
	0x20, 0x20, 0x20, 0x20, 0x20, 0x20, 0x20, 0x20, 0x20, 0x20, 0x20, 0x20, 0x20, 0x20, 0x20, 0x20, //                 
	0x20, 0x20, 0x20, 0x20, 0x20, 0x20, 0x20, 0x20, 0x20, 0x20, 0x20, 0x20, 0x20, 0x20, 0x20, 0x20, //                 
	0x20, 0x20, 0x20, 0x7b, 0x0a, 0x20, 0x20, 0x20, 0x20, 0x20, 0x20, 0x20, 0x20, 0x20, 0x20, 0x20, //    {.           
	0x20, 0x20, 0x20, 0x20, 0x20, 0x20, 0x20, 0x20, 0x20, 0x20, 0x20, 0x20, 0x20, 0x20, 0x20, 0x20, //                 
	0x20, 0x20, 0x20, 0x20, 0x20, 0x20, 0x20, 0x20, 0x20, 0x20, 0x20, 0x20, 0x20, 0x5f, 0x31, 0x32, //              _12
	0x35, 0x36, 0x20, 0x3d, 0x20, 0x5f, 0x36, 0x39, 0x32, 0x2e, 0x77, 0x20, 0x2a, 0x20, 0x5f, 0x39, // 56 = _692.w * _9
	0x33, 0x30, 0x2e, 0x77, 0x3b, 0x0a, 0x20, 0x20, 0x20, 0x20, 0x20, 0x20, 0x20, 0x20, 0x20, 0x20, // 30.w;.          
	0x20, 0x20, 0x20, 0x20, 0x20, 0x20, 0x20, 0x20, 0x20, 0x20, 0x20, 0x20, 0x20, 0x20, 0x20, 0x20, //                 
	0x20, 0x20, 0x20, 0x20, 0x20, 0x20, 0x20, 0x20, 0x20, 0x20, 0x7d, 0x0a, 0x20, 0x20, 0x20, 0x20, //           }.    
	0x20, 0x20, 0x20, 0x20, 0x20, 0x20, 0x20, 0x20, 0x20, 0x20, 0x20, 0x20, 0x20, 0x20, 0x20, 0x20, //                 
	0x20, 0x20, 0x20, 0x20, 0x20, 0x20, 0x20, 0x20, 0x20, 0x20, 0x20, 0x20, 0x20, 0x20, 0x20, 0x20, //                 
	0x65, 0x6c, 0x73, 0x65, 0x0a, 0x20, 0x20, 0x20, 0x20, 0x20, 0x20, 0x20, 0x20, 0x20, 0x20, 0x20, // else.           
	0x20, 0x20, 0x20, 0x20, 0x20, 0x20, 0x20, 0x20, 0x20, 0x20, 0x20, 0x20, 0x20, 0x20, 0x20, 0x20, //                 
	0x20, 0x20, 0x20, 0x20, 0x20, 0x20, 0x20, 0x20, 0x20, 0x7b, 0x0a, 0x20, 0x20, 0x20, 0x20, 0x20, //          {.     
	0x20, 0x20, 0x20, 0x20, 0x20, 0x20, 0x20, 0x20, 0x20, 0x20, 0x20, 0x20, 0x20, 0x20, 0x20, 0x20, //                 
	0x20, 0x20, 0x20, 0x20, 0x20, 0x20, 0x20, 0x20, 0x20, 0x20, 0x20, 0x20, 0x20, 0x20, 0x20, 0x20, //                 
	0x20, 0x20, 0x20, 0x66, 0x6c, 0x6f, 0x61, 0x74, 0x20, 0x5f, 0x31, 0x32, 0x35, 0x37, 0x3b, 0x0a, //    float _1257;.
	0x20, 0x20, 0x20, 0x20, 0x20, 0x20, 0x20, 0x20, 0x20, 0x20, 0x20, 0x20, 0x20, 0x20, 0x20, 0x20, //                 
	0x20, 0x20, 0x20, 0x20, 0x20, 0x20, 0x20, 0x20, 0x20, 0x20, 0x20, 0x20, 0x20, 0x20, 0x20, 0x20, //                 
	0x20, 0x20, 0x20, 0x20, 0x20, 0x20, 0x20, 0x20, 0x69, 0x66, 0x20, 0x28, 0x5f, 0x6d, 0x74, 0x6c, //         if (_mtl
	0x5f, 0x75, 0x2e, 0x75, 0x5f, 0x62, 0x6c, 0x69, 0x74, 0x2e, 0x78, 0x20, 0x3c, 0x20, 0x38, 0x2e, // _u.u_blit.x < 8.
	0x35, 0x29, 0x0a, 0x20, 0x20, 0x20, 0x20, 0x20, 0x20, 0x20, 0x20, 0x20, 0x20, 0x20, 0x20, 0x20, // 5).             
	0x20, 0x20, 0x20, 0x20, 0x20, 0x20, 0x20, 0x20, 0x20, 0x20, 0x20, 0x20, 0x20, 0x20, 0x20, 0x20, //                 
	0x20, 0x20, 0x20, 0x20, 0x20, 0x20, 0x20, 0x20, 0x20, 0x20, 0x20, 0x7b, 0x0a, 0x20, 0x20, 0x20, //            {.   
	0x20, 0x20, 0x20, 0x20, 0x20, 0x20, 0x20, 0x20, 0x20, 0x20, 0x20, 0x20, 0x20, 0x20, 0x20, 0x20, //                 
	0x20, 0x20, 0x20, 0x20, 0x20, 0x20, 0x20, 0x20, 0x20, 0x20, 0x20, 0x20, 0x20, 0x20, 0x20, 0x20, //                 
	0x20, 0x20, 0x20, 0x20, 0x20, 0x20, 0x20, 0x20, 0x20, 0x66, 0x6c, 0x6f, 0x61, 0x74, 0x20, 0x5f, //          float _
	0x37, 0x37, 0x31, 0x20, 0x3d, 0x20, 0x5f, 0x36, 0x39, 0x32, 0x2e, 0x77, 0x3b, 0x0a, 0x20, 0x20, // 771 = _692.w;.  
	0x20, 0x20, 0x20, 0x20, 0x20, 0x20, 0x20, 0x20, 0x20, 0x20, 0x20, 0x20, 0x20, 0x20, 0x20, 0x20, //                 
	0x20, 0x20, 0x20, 0x20, 0x20, 0x20, 0x20, 0x20, 0x20, 0x20, 0x20, 0x20, 0x20, 0x20, 0x20, 0x20, //                 
	0x20, 0x20, 0x20, 0x20, 0x20, 0x20, 0x20, 0x20, 0x20, 0x20, 0x66, 0x6c, 0x6f, 0x61, 0x74, 0x20, //           float 
	0x5f, 0x37, 0x37, 0x33, 0x20, 0x3d, 0x20, 0x5f, 0x39, 0x33, 0x30, 0x2e, 0x77, 0x3b, 0x0a, 0x20, // _773 = _930.w;. 
	0x20, 0x20, 0x20, 0x20, 0x20, 0x20, 0x20, 0x20, 0x20, 0x20, 0x20, 0x20, 0x20, 0x20, 0x20, 0x20, //                 
	0x20, 0x20, 0x20, 0x20, 0x20, 0x20, 0x20, 0x20, 0x20, 0x20, 0x20, 0x20, 0x20, 0x20, 0x20, 0x20, //                 
	0x20, 0x20, 0x20, 0x20, 0x20, 0x20, 0x20, 0x20, 0x20, 0x20, 0x20, 0x5f, 0x31, 0x32, 0x35, 0x37, //            _1257
	0x20, 0x3d, 0x20, 0x28, 0x5f, 0x37, 0x37, 0x31, 0x20, 0x2a, 0x20, 0x28, 0x31, 0x2e, 0x30, 0x20, //  = (_771 * (1.0 
	0x2d, 0x20, 0x5f, 0x37, 0x37, 0x33, 0x29, 0x29, 0x20, 0x2b, 0x20, 0x28, 0x5f, 0x37, 0x37, 0x33, // - _773)) + (_773
	0x20, 0x2a, 0x20, 0x28, 0x31, 0x2e, 0x30, 0x20, 0x2d, 0x20, 0x5f, 0x37, 0x37, 0x31, 0x29, 0x29, //  * (1.0 - _771))
	0x3b, 0x0a, 0x20, 0x20, 0x20, 0x20, 0x20, 0x20, 0x20, 0x20, 0x20, 0x20, 0x20, 0x20, 0x20, 0x20, // ;.              
	0x20, 0x20, 0x20, 0x20, 0x20, 0x20, 0x20, 0x20, 0x20, 0x20, 0x20, 0x20, 0x20, 0x20, 0x20, 0x20, //                 
	0x20, 0x20, 0x20, 0x20, 0x20, 0x20, 0x20, 0x20, 0x20, 0x20, 0x7d, 0x0a, 0x20, 0x20, 0x20, 0x20, //           }.    
	0x20, 0x20, 0x20, 0x20, 0x20, 0x20, 0x20, 0x20, 0x20, 0x20, 0x20, 0x20, 0x20, 0x20, 0x20, 0x20, //                 
	0x20, 0x20, 0x20, 0x20, 0x20, 0x20, 0x20, 0x20, 0x20, 0x20, 0x20, 0x20, 0x20, 0x20, 0x20, 0x20, //                 
	0x20, 0x20, 0x20, 0x20, 0x65, 0x6c, 0x73, 0x65, 0x0a, 0x20, 0x20, 0x20, 0x20, 0x20, 0x20, 0x20, //     else.       
	0x20, 0x20, 0x20, 0x20, 0x20, 0x20, 0x20, 0x20, 0x20, 0x20, 0x20, 0x20, 0x20, 0x20, 0x20, 0x20, //                 
	0x20, 0x20, 0x20, 0x20, 0x20, 0x20, 0x20, 0x20, 0x20, 0x20, 0x20, 0x20, 0x20, 0x20, 0x20, 0x20, //                 
	0x20, 0x7b, 0x0a, 0x20, 0x20, 0x20, 0x20, 0x20, 0x20, 0x20, 0x20, 0x20, 0x20, 0x20, 0x20, 0x20, //  {.             
	0x20, 0x20, 0x20, 0x20, 0x20, 0x20, 0x20, 0x20, 0x20, 0x20, 0x20, 0x20, 0x20, 0x20, 0x20, 0x20, //                 
	0x20, 0x20, 0x20, 0x20, 0x20, 0x20, 0x20, 0x20, 0x20, 0x20, 0x20, 0x20, 0x20, 0x20, 0x20, 0x66, //                f
	0x6c, 0x6f, 0x61, 0x74, 0x20, 0x5f, 0x31, 0x32, 0x35, 0x38, 0x3b, 0x0a, 0x20, 0x20, 0x20, 0x20, // loat _1258;.    
	0x20, 0x20, 0x20, 0x20, 0x20, 0x20, 0x20, 0x20, 0x20, 0x20, 0x20, 0x20, 0x20, 0x20, 0x20, 0x20, //                 
	0x20, 0x20, 0x20, 0x20, 0x20, 0x20, 0x20, 0x20, 0x20, 0x20, 0x20, 0x20, 0x20, 0x20, 0x20, 0x20, //                 
	0x20, 0x20, 0x20, 0x20, 0x20, 0x20, 0x20, 0x20, 0x69, 0x66, 0x20, 0x28, 0x5f, 0x6d, 0x74, 0x6c, //         if (_mtl
	0x5f, 0x75, 0x2e, 0x75, 0x5f, 0x62, 0x6c, 0x69, 0x74, 0x2e, 0x78, 0x20, 0x3c, 0x20, 0x39, 0x2e, // _u.u_blit.x < 9.
	0x35, 0x29, 0x0a, 0x20, 0x20, 0x20, 0x20, 0x20, 0x20, 0x20, 0x20, 0x20, 0x20, 0x20, 0x20, 0x20, // 5).             
	0x20, 0x20, 0x20, 0x20, 0x20, 0x20, 0x20, 0x20, 0x20, 0x20, 0x20, 0x20, 0x20, 0x20, 0x20, 0x20, //                 
	0x20, 0x20, 0x20, 0x20, 0x20, 0x20, 0x20, 0x20, 0x20, 0x20, 0x20, 0x20, 0x20, 0x20, 0x20, 0x7b, //                {
	0x0a, 0x20, 0x20, 0x20, 0x20, 0x20, 0x20, 0x20, 0x20, 0x20, 0x20, 0x20, 0x20, 0x20, 0x20, 0x20, // .               
	0x20, 0x20, 0x20, 0x20, 0x20, 0x20, 0x20, 0x20, 0x20, 0x20, 0x20, 0x20, 0x20, 0x20, 0x20, 0x20, //                 
	0x20, 0x20, 0x20, 0x20, 0x20, 0x20, 0x20, 0x20, 0x20, 0x20, 0x20, 0x20, 0x20, 0x20, 0x20, 0x20, //                 
	0x20, 0x5f, 0x31, 0x32, 0x35, 0x38, 0x20, 0x3d, 0x20, 0x66, 0x61, 0x73, 0x74, 0x3a, 0x3a, 0x6d, //  _1258 = fast::m
	0x61, 0x78, 0x28, 0x5f, 0x36, 0x39, 0x32, 0x2e, 0x77, 0x2c, 0x20, 0x5f, 0x39, 0x33, 0x30, 0x2e, // ax(_692.w, _930.
	0x77, 0x29, 0x3b, 0x0a, 0x20, 0x20, 0x20, 0x20, 0x20, 0x20, 0x20, 0x20, 0x20, 0x20, 0x20, 0x20, // w);.            
	0x20, 0x20, 0x20, 0x20, 0x20, 0x20, 0x20, 0x20, 0x20, 0x20, 0x20, 0x20, 0x20, 0x20, 0x20, 0x20, //                 
	0x20, 0x20, 0x20, 0x20, 0x20, 0x20, 0x20, 0x20, 0x20, 0x20, 0x20, 0x20, 0x20, 0x20, 0x20, 0x20, //                 
	0x7d, 0x0a, 0x20, 0x20, 0x20, 0x20, 0x20, 0x20, 0x20, 0x20, 0x20, 0x20, 0x20, 0x20, 0x20, 0x20, // }.              
	0x20, 0x20, 0x20, 0x20, 0x20, 0x20, 0x20, 0x20, 0x20, 0x20, 0x20, 0x20, 0x20, 0x20, 0x20, 0x20, //                 
	0x20, 0x20, 0x20, 0x20, 0x20, 0x20, 0x20, 0x20, 0x20, 0x20, 0x20, 0x20, 0x20, 0x20, 0x65, 0x6c, //               el
	0x73, 0x65, 0x0a, 0x20, 0x20, 0x20, 0x20, 0x20, 0x20, 0x20, 0x20, 0x20, 0x20, 0x20, 0x20, 0x20, // se.             
	0x20, 0x20, 0x20, 0x20, 0x20, 0x20, 0x20, 0x20, 0x20, 0x20, 0x20, 0x20, 0x20, 0x20, 0x20, 0x20, //                 
	0x20, 0x20, 0x20, 0x20, 0x20, 0x20, 0x20, 0x20, 0x20, 0x20, 0x20, 0x20, 0x20, 0x20, 0x20, 0x7b, //                {
	0x0a, 0x20, 0x20, 0x20, 0x20, 0x20, 0x20, 0x20, 0x20, 0x20, 0x20, 0x20, 0x20, 0x20, 0x20, 0x20, // .               
	0x20, 0x20, 0x20, 0x20, 0x20, 0x20, 0x20, 0x20, 0x20, 0x20, 0x20, 0x20, 0x20, 0x20, 0x20, 0x20, //                 
	0x20, 0x20, 0x20, 0x20, 0x20, 0x20, 0x20, 0x20, 0x20, 0x20, 0x20, 0x20, 0x20, 0x20, 0x20, 0x20, //                 
	0x20, 0x5f, 0x31, 0x32, 0x35, 0x38, 0x20, 0x3d, 0x20, 0x66, 0x61, 0x73, 0x74, 0x3a, 0x3a, 0x6d, //  _1258 = fast::m
	0x69, 0x6e, 0x28, 0x5f, 0x36, 0x39, 0x32, 0x2e, 0x77, 0x2c, 0x20, 0x5f, 0x39, 0x33, 0x30, 0x2e, // in(_692.w, _930.
	0x77, 0x29, 0x3b, 0x0a, 0x20, 0x20, 0x20, 0x20, 0x20, 0x20, 0x20, 0x20, 0x20, 0x20, 0x20, 0x20, // w);.            
	0x20, 0x20, 0x20, 0x20, 0x20, 0x20, 0x20, 0x20, 0x20, 0x20, 0x20, 0x20, 0x20, 0x20, 0x20, 0x20, //                 
	0x20, 0x20, 0x20, 0x20, 0x20, 0x20, 0x20, 0x20, 0x20, 0x20, 0x20, 0x20, 0x20, 0x20, 0x20, 0x20, //                 
	0x7d, 0x0a, 0x20, 0x20, 0x20, 0x20, 0x20, 0x20, 0x20, 0x20, 0x20, 0x20, 0x20, 0x20, 0x20, 0x20, // }.              
	0x20, 0x20, 0x20, 0x20, 0x20, 0x20, 0x20, 0x20, 0x20, 0x20, 0x20, 0x20, 0x20, 0x20, 0x20, 0x20, //                 
	0x20, 0x20, 0x20, 0x20, 0x20, 0x20, 0x20, 0x20, 0x20, 0x20, 0x20, 0x20, 0x20, 0x20, 0x5f, 0x31, //               _1
	0x32, 0x35, 0x37, 0x20, 0x3d, 0x20, 0x5f, 0x31, 0x32, 0x35, 0x38, 0x3b, 0x0a, 0x20, 0x20, 0x20, // 257 = _1258;.   
	0x20, 0x20, 0x20, 0x20, 0x20, 0x20, 0x20, 0x20, 0x20, 0x20, 0x20, 0x20, 0x20, 0x20, 0x20, 0x20, //                 
	0x20, 0x20, 0x20, 0x20, 0x20, 0x20, 0x20, 0x20, 0x20, 0x20, 0x20, 0x20, 0x20, 0x20, 0x20, 0x20, //                 
	0x20, 0x20, 0x20, 0x20, 0x20, 0x7d, 0x0a, 0x20, 0x20, 0x20, 0x20, 0x20, 0x20, 0x20, 0x20, 0x20, //      }.         
	0x20, 0x20, 0x20, 0x20, 0x20, 0x20, 0x20, 0x20, 0x20, 0x20, 0x20, 0x20, 0x20, 0x20, 0x20, 0x20, //                 
	0x20, 0x20, 0x20, 0x20, 0x20, 0x20, 0x20, 0x20, 0x20, 0x20, 0x20, 0x20, 0x20, 0x20, 0x20, 0x5f, //                _
	0x31, 0x32, 0x35, 0x36, 0x20, 0x3d, 0x20, 0x5f, 0x31, 0x32, 0x35, 0x37, 0x3b, 0x0a, 0x20, 0x20, // 1256 = _1257;.  
	0x20, 0x20, 0x20, 0x20, 0x20, 0x20, 0x20, 0x20, 0x20, 0x20, 0x20, 0x20, 0x20, 0x20, 0x20, 0x20, //                 
	0x20, 0x20, 0x20, 0x20, 0x20, 0x20, 0x20, 0x20, 0x20, 0x20, 0x20, 0x20, 0x20, 0x20, 0x20, 0x20, //                 
	0x20, 0x20, 0x7d, 0x0a, 0x20, 0x20, 0x20, 0x20, 0x20, 0x20, 0x20, 0x20, 0x20, 0x20, 0x20, 0x20, //   }.            
	0x20, 0x20, 0x20, 0x20, 0x20, 0x20, 0x20, 0x20, 0x20, 0x20, 0x20, 0x20, 0x20, 0x20, 0x20, 0x20, //                 
	0x20, 0x20, 0x20, 0x20, 0x20, 0x20, 0x20, 0x20, 0x5f, 0x31, 0x32, 0x35, 0x35, 0x20, 0x3d, 0x20, //         _1255 = 
	0x5f, 0x31, 0x32, 0x35, 0x36, 0x3b, 0x0a, 0x20, 0x20, 0x20, 0x20, 0x20, 0x20, 0x20, 0x20, 0x20, // _1256;.         
	0x20, 0x20, 0x20, 0x20, 0x20, 0x20, 0x20, 0x20, 0x20, 0x20, 0x20, 0x20, 0x20, 0x20, 0x20, 0x20, //                 
	0x20, 0x20, 0x20, 0x20, 0x20, 0x20, 0x20, 0x7d, 0x0a, 0x20, 0x20, 0x20, 0x20, 0x20, 0x20, 0x20, //        }.       
	0x20, 0x20, 0x20, 0x20, 0x20, 0x20, 0x20, 0x20, 0x20, 0x20, 0x20, 0x20, 0x20, 0x20, 0x20, 0x20, //                 
	0x20, 0x20, 0x20, 0x20, 0x20, 0x20, 0x20, 0x20, 0x20, 0x5f, 0x31, 0x32, 0x35, 0x34, 0x20, 0x3d, //          _1254 =
	0x20, 0x5f, 0x31, 0x32, 0x35, 0x35, 0x3b, 0x0a, 0x20, 0x20, 0x20, 0x20, 0x20, 0x20, 0x20, 0x20, //  _1255;.        
	0x20, 0x20, 0x20, 0x20, 0x20, 0x20, 0x20, 0x20, 0x20, 0x20, 0x20, 0x20, 0x20, 0x20, 0x20, 0x20, //                 
	0x20, 0x20, 0x20, 0x20, 0x7d, 0x0a, 0x20, 0x20, 0x20, 0x20, 0x20, 0x20, 0x20, 0x20, 0x20, 0x20, //     }.          
	0x20, 0x20, 0x20, 0x20, 0x20, 0x20, 0x20, 0x20, 0x20, 0x20, 0x20, 0x20, 0x20, 0x20, 0x20, 0x20, //                 
	0x20, 0x20, 0x66, 0x6c, 0x6f, 0x61, 0x74, 0x34, 0x20, 0x5f, 0x31, 0x32, 0x32, 0x38, 0x20, 0x3d, //   float4 _1228 =
	0x20, 0x5f, 0x36, 0x39, 0x32, 0x3b, 0x0a, 0x20, 0x20, 0x20, 0x20, 0x20, 0x20, 0x20, 0x20, 0x20, //  _692;.         
	0x20, 0x20, 0x20, 0x20, 0x20, 0x20, 0x20, 0x20, 0x20, 0x20, 0x20, 0x20, 0x20, 0x20, 0x20, 0x20, //                 
	0x20, 0x20, 0x20, 0x5f, 0x31, 0x32, 0x32, 0x38, 0x2e, 0x77, 0x20, 0x3d, 0x20, 0x5f, 0x31, 0x32, //    _1228.w = _12
	0x35, 0x34, 0x3b, 0x0a, 0x20, 0x20, 0x20, 0x20, 0x20, 0x20, 0x20, 0x20, 0x20, 0x20, 0x20, 0x20, // 54;.            
	0x20, 0x20, 0x20, 0x20, 0x20, 0x20, 0x20, 0x20, 0x20, 0x20, 0x20, 0x20, 0x20, 0x20, 0x20, 0x20, //                 
	0x5f, 0x31, 0x32, 0x36, 0x38, 0x20, 0x3d, 0x20, 0x5f, 0x31, 0x32, 0x32, 0x38, 0x3b, 0x0a, 0x20, // _1268 = _1228;. 
	0x20, 0x20, 0x20, 0x20, 0x20, 0x20, 0x20, 0x20, 0x20, 0x20, 0x20, 0x20, 0x20, 0x20, 0x20, 0x20, //                 
	0x20, 0x20, 0x20, 0x20, 0x20, 0x20, 0x20, 0x7d, 0x0a, 0x20, 0x20, 0x20, 0x20, 0x20, 0x20, 0x20, //        }.       
	0x20, 0x20, 0x20, 0x20, 0x20, 0x20, 0x20, 0x20, 0x20, 0x20, 0x20, 0x20, 0x20, 0x20, 0x20, 0x20, //                 
	0x20, 0x5f, 0x31, 0x32, 0x36, 0x37, 0x20, 0x3d, 0x20, 0x5f, 0x31, 0x32, 0x36, 0x38, 0x3b, 0x0a, //  _1267 = _1268;.
	0x20, 0x20, 0x20, 0x20, 0x20, 0x20, 0x20, 0x20, 0x20, 0x20, 0x20, 0x20, 0x20, 0x20, 0x20, 0x20, //                 
	0x20, 0x20, 0x20, 0x20, 0x7d, 0x0a, 0x20, 0x20, 0x20, 0x20, 0x20, 0x20, 0x20, 0x20, 0x20, 0x20, //     }.          
	0x20, 0x20, 0x20, 0x20, 0x20, 0x20, 0x20, 0x20, 0x20, 0x20, 0x5f, 0x31, 0x32, 0x36, 0x36, 0x20, //           _1266 
	0x3d, 0x20, 0x5f, 0x31, 0x32, 0x36, 0x37, 0x3b, 0x0a, 0x20, 0x20, 0x20, 0x20, 0x20, 0x20, 0x20, // = _1267;.       
	0x20, 0x20, 0x20, 0x20, 0x20, 0x20, 0x20, 0x20, 0x20, 0x7d, 0x0a, 0x20, 0x20, 0x20, 0x20, 0x20, //          }.     
	0x20, 0x20, 0x20, 0x20, 0x20, 0x20, 0x20, 0x20, 0x20, 0x20, 0x20, 0x5f, 0x31, 0x32, 0x36, 0x35, //            _1265
	0x20, 0x3d, 0x20, 0x5f, 0x31, 0x32, 0x36, 0x36, 0x3b, 0x0a, 0x20, 0x20, 0x20, 0x20, 0x20, 0x20, //  = _1266;.      
	0x20, 0x20, 0x20, 0x20, 0x20, 0x20, 0x7d, 0x0a, 0x20, 0x20, 0x20, 0x20, 0x20, 0x20, 0x20, 0x20, //       }.        
	0x20, 0x20, 0x20, 0x20, 0x5f, 0x31, 0x32, 0x36, 0x34, 0x20, 0x3d, 0x20, 0x5f, 0x31, 0x32, 0x36, //     _1264 = _126
	0x35, 0x3b, 0x0a, 0x20, 0x20, 0x20, 0x20, 0x20, 0x20, 0x20, 0x20, 0x7d, 0x0a, 0x20, 0x20, 0x20, // 5;.        }.   
	0x20, 0x20, 0x20, 0x20, 0x20, 0x65, 0x6c, 0x73, 0x65, 0x0a, 0x20, 0x20, 0x20, 0x20, 0x20, 0x20, //      else.      
	0x20, 0x20, 0x7b, 0x0a, 0x20, 0x20, 0x20, 0x20, 0x20, 0x20, 0x20, 0x20, 0x20, 0x20, 0x20, 0x20, //   {.            
	0x5f, 0x31, 0x32, 0x36, 0x34, 0x20, 0x3d, 0x20, 0x5f, 0x36, 0x39, 0x32, 0x3b, 0x0a, 0x20, 0x20, // _1264 = _692;.  
	0x20, 0x20, 0x20, 0x20, 0x20, 0x20, 0x7d, 0x0a, 0x20, 0x20, 0x20, 0x20, 0x20, 0x20, 0x20, 0x20, //       }.        
	0x69, 0x66, 0x20, 0x28, 0x21, 0x28, 0x28, 0x5f, 0x6d, 0x74, 0x6c, 0x5f, 0x75, 0x2e, 0x75, 0x5f, // if (!((_mtl_u.u_
	0x62, 0x6c, 0x69, 0x74, 0x2e, 0x78, 0x20, 0x3e, 0x3d, 0x20, 0x35, 0x2e, 0x30, 0x29, 0x20, 0x7c, // blit.x >= 5.0) |
	0x7c, 0x20, 0x28, 0x5f, 0x6d, 0x74, 0x6c, 0x5f, 0x75, 0x2e, 0x75, 0x5f, 0x62, 0x6c, 0x69, 0x74, // | (_mtl_u.u_blit
	0x2e, 0x7a, 0x20, 0x3e, 0x20, 0x30, 0x2e, 0x35, 0x29, 0x29, 0x29, 0x0a, 0x20, 0x20, 0x20, 0x20, // .z > 0.5))).    
	0x20, 0x20, 0x20, 0x20, 0x7b, 0x0a, 0x20, 0x20, 0x20, 0x20, 0x20, 0x20, 0x20, 0x20, 0x20, 0x20, //     {.          
	0x20, 0x20, 0x66, 0x6c, 0x6f, 0x61, 0x74, 0x34, 0x20, 0x5f, 0x31, 0x32, 0x37, 0x31, 0x3b, 0x0a, //   float4 _1271;.
	0x20, 0x20, 0x20, 0x20, 0x20, 0x20, 0x20, 0x20, 0x20, 0x20, 0x20, 0x20, 0x69, 0x66, 0x20, 0x28, //             if (
	0x5f, 0x6d, 0x74, 0x6c, 0x5f, 0x75, 0x2e, 0x75, 0x5f, 0x62, 0x6c, 0x69, 0x74, 0x2e, 0x77, 0x20, // _mtl_u.u_blit.w 
	0x3e, 0x20, 0x30, 0x2e, 0x35, 0x29, 0x0a, 0x20, 0x20, 0x20, 0x20, 0x20, 0x20, 0x20, 0x20, 0x20, // > 0.5).         
	0x20, 0x20, 0x20, 0x7b, 0x0a, 0x20, 0x20, 0x20, 0x20, 0x20, 0x20, 0x20, 0x20, 0x20, 0x20, 0x20, //    {.           
	0x20, 0x20, 0x20, 0x20, 0x20, 0x66, 0x6c, 0x6f, 0x61, 0x74, 0x33, 0x20, 0x5f, 0x38, 0x32, 0x37, //      float3 _827
	0x20, 0x3d, 0x20, 0x5f, 0x31, 0x32, 0x36, 0x34, 0x2e, 0x78, 0x79, 0x7a, 0x20, 0x2f, 0x20, 0x66, //  = _1264.xyz / f
	0x6c, 0x6f, 0x61, 0x74, 0x33, 0x28, 0x66, 0x61, 0x73, 0x74, 0x3a, 0x3a, 0x6d, 0x61, 0x78, 0x28, // loat3(fast::max(
	0x5f, 0x31, 0x32, 0x36, 0x34, 0x2e, 0x77, 0x2c, 0x20, 0x39, 0x2e, 0x39, 0x39, 0x39, 0x39, 0x39, // _1264.w, 9.99999
	0x39, 0x39, 0x37, 0x34, 0x37, 0x35, 0x32, 0x34, 0x32, 0x37, 0x30, 0x37, 0x38, 0x37, 0x38, 0x33, // 9974752427078783
	0x35, 0x31, 0x32, 0x31, 0x31, 0x35, 0x34, 0x37, 0x38, 0x35, 0x65, 0x2d, 0x30, 0x37, 0x29, 0x29, // 5121154785e-07))
	0x3b, 0x0a, 0x20, 0x20, 0x20, 0x20, 0x20, 0x20, 0x20, 0x20, 0x20, 0x20, 0x20, 0x20, 0x20, 0x20, // ;.              
	0x20, 0x20, 0x66, 0x6c, 0x6f, 0x61, 0x74, 0x34, 0x20, 0x5f, 0x31, 0x32, 0x33, 0x31, 0x20, 0x3d, //   float4 _1231 =
	0x20, 0x5f, 0x31, 0x32, 0x36, 0x34, 0x3b, 0x0a, 0x20, 0x20, 0x20, 0x20, 0x20, 0x20, 0x20, 0x20, //  _1264;.        
	0x20, 0x20, 0x20, 0x20, 0x20, 0x20, 0x20, 0x20, 0x5f, 0x31, 0x32, 0x33, 0x31, 0x2e, 0x78, 0x20, //         _1231.x 
	0x3d, 0x20, 0x5f, 0x38, 0x32, 0x37, 0x2e, 0x78, 0x3b, 0x0a, 0x20, 0x20, 0x20, 0x20, 0x20, 0x20, // = _827.x;.      
	0x20, 0x20, 0x20, 0x20, 0x20, 0x20, 0x20, 0x20, 0x20, 0x20, 0x5f, 0x31, 0x32, 0x33, 0x31, 0x2e, //           _1231.
	0x79, 0x20, 0x3d, 0x20, 0x5f, 0x38, 0x32, 0x37, 0x2e, 0x79, 0x3b, 0x0a, 0x20, 0x20, 0x20, 0x20, // y = _827.y;.    
	0x20, 0x20, 0x20, 0x20, 0x20, 0x20, 0x20, 0x20, 0x20, 0x20, 0x20, 0x20, 0x5f, 0x31, 0x32, 0x33, //             _123
	0x31, 0x2e, 0x7a, 0x20, 0x3d, 0x20, 0x5f, 0x38, 0x32, 0x37, 0x2e, 0x7a, 0x3b, 0x0a, 0x20, 0x20, // 1.z = _827.z;.  
	0x20, 0x20, 0x20, 0x20, 0x20, 0x20, 0x20, 0x20, 0x20, 0x20, 0x20, 0x20, 0x20, 0x20, 0x5f, 0x31, //               _1
	0x32, 0x37, 0x31, 0x20, 0x3d, 0x20, 0x5f, 0x31, 0x32, 0x33, 0x31, 0x3b, 0x0a, 0x20, 0x20, 0x20, // 271 = _1231;.   
	0x20, 0x20, 0x20, 0x20, 0x20, 0x20, 0x20, 0x20, 0x20, 0x7d, 0x0a, 0x20, 0x20, 0x20, 0x20, 0x20, //          }.     
	0x20, 0x20, 0x20, 0x20, 0x20, 0x20, 0x20, 0x65, 0x6c, 0x73, 0x65, 0x0a, 0x20, 0x20, 0x20, 0x20, //        else.    
	0x20, 0x20, 0x20, 0x20, 0x20, 0x20, 0x20, 0x20, 0x7b, 0x0a, 0x20, 0x20, 0x20, 0x20, 0x20, 0x20, //         {.      
	0x20, 0x20, 0x20, 0x20, 0x20, 0x20, 0x20, 0x20, 0x20, 0x20, 0x5f, 0x31, 0x32, 0x37, 0x31, 0x20, //           _1271 
	0x3d, 0x20, 0x5f, 0x31, 0x32, 0x36, 0x34, 0x3b, 0x0a, 0x20, 0x20, 0x20, 0x20, 0x20, 0x20, 0x20, // = _1264;.       
	0x20, 0x20, 0x20, 0x20, 0x20, 0x7d, 0x0a, 0x20, 0x20, 0x20, 0x20, 0x20, 0x20, 0x20, 0x20, 0x20, //      }.         
	0x20, 0x20, 0x20, 0x5f, 0x31, 0x32, 0x37, 0x32, 0x20, 0x3d, 0x20, 0x5f, 0x31, 0x32, 0x37, 0x31, //    _1272 = _1271
	0x3b, 0x0a, 0x20, 0x20, 0x20, 0x20, 0x20, 0x20, 0x20, 0x20, 0x20, 0x20, 0x20, 0x20, 0x62, 0x72, // ;.            br
	0x65, 0x61, 0x6b, 0x3b, 0x0a, 0x20, 0x20, 0x20, 0x20, 0x20, 0x20, 0x20, 0x20, 0x7d, 0x0a, 0x20, // eak;.        }. 
	0x20, 0x20, 0x20, 0x20, 0x20, 0x20, 0x20, 0x66, 0x6c, 0x6f, 0x61, 0x74, 0x34, 0x20, 0x5f, 0x39, //        float4 _9
	0x33, 0x39, 0x20, 0x3d, 0x20, 0x73, 0x5f, 0x64, 0x73, 0x74, 0x2e, 0x73, 0x61, 0x6d, 0x70, 0x6c, // 39 = s_dst.sampl
	0x65, 0x28, 0x73, 0x5f, 0x64, 0x73, 0x74, 0x53, 0x61, 0x6d, 0x70, 0x6c, 0x65, 0x72, 0x2c, 0x20, // e(s_dstSampler, 
	0x69, 0x6e, 0x2e, 0x76, 0x5f, 0x75, 0x76, 0x29, 0x3b, 0x0a, 0x20, 0x20, 0x20, 0x20, 0x20, 0x20, // in.v_uv);.      
	0x20, 0x20, 0x69, 0x66, 0x20, 0x28, 0x5f, 0x6d, 0x74, 0x6c, 0x5f, 0x75, 0x2e, 0x75, 0x5f, 0x62, //   if (_mtl_u.u_b
	0x6c, 0x69, 0x74, 0x2e, 0x7a, 0x20, 0x3c, 0x20, 0x30, 0x2e, 0x35, 0x29, 0x0a, 0x20, 0x20, 0x20, // lit.z < 0.5).   
	0x20, 0x20, 0x20, 0x20, 0x20, 0x7b, 0x0a, 0x20, 0x20, 0x20, 0x20, 0x20, 0x20, 0x20, 0x20, 0x20, //      {.         
	0x20, 0x20, 0x20, 0x66, 0x6c, 0x6f, 0x61, 0x74, 0x20, 0x5f, 0x38, 0x34, 0x39, 0x20, 0x3d, 0x20, //    float _849 = 
	0x31, 0x2e, 0x30, 0x20, 0x2d, 0x20, 0x5f, 0x31, 0x32, 0x36, 0x34, 0x2e, 0x77, 0x3b, 0x0a, 0x20, // 1.0 - _1264.w;. 
	0x20, 0x20, 0x20, 0x20, 0x20, 0x20, 0x20, 0x20, 0x20, 0x20, 0x20, 0x5f, 0x31, 0x32, 0x37, 0x32, //            _1272
	0x20, 0x3d, 0x20, 0x66, 0x6c, 0x6f, 0x61, 0x74, 0x34, 0x28, 0x5f, 0x31, 0x32, 0x36, 0x34, 0x2e, //  = float4(_1264.
	0x78, 0x79, 0x7a, 0x20, 0x2b, 0x20, 0x28, 0x5f, 0x39, 0x33, 0x39, 0x2e, 0x78, 0x79, 0x7a, 0x20, // xyz + (_939.xyz 
	0x2a, 0x20, 0x5f, 0x38, 0x34, 0x39, 0x29, 0x2c, 0x20, 0x5f, 0x31, 0x32, 0x36, 0x34, 0x2e, 0x77, // * _849), _1264.w
	0x20, 0x2b, 0x20, 0x28, 0x5f, 0x39, 0x33, 0x39, 0x2e, 0x77, 0x20, 0x2a, 0x20, 0x5f, 0x38, 0x34, //  + (_939.w * _84
	0x39, 0x29, 0x29, 0x3b, 0x0a, 0x20, 0x20, 0x20, 0x20, 0x20, 0x20, 0x20, 0x20, 0x20, 0x20, 0x20, // 9));.           
	0x20, 0x62, 0x72, 0x65, 0x61, 0x6b, 0x3b, 0x0a, 0x20, 0x20, 0x20, 0x20, 0x20, 0x20, 0x20, 0x20, //  break;.        
	0x7d, 0x0a, 0x20, 0x20, 0x20, 0x20, 0x20, 0x20, 0x20, 0x20, 0x66, 0x6c, 0x6f, 0x61, 0x74, 0x33, // }.        float3
	0x20, 0x5f, 0x38, 0x37, 0x32, 0x20, 0x3d, 0x20, 0x5f, 0x31, 0x32, 0x36, 0x34, 0x2e, 0x78, 0x79, //  _872 = _1264.xy
	0x7a, 0x20, 0x2f, 0x20, 0x66, 0x6c, 0x6f, 0x61, 0x74, 0x33, 0x28, 0x66, 0x61, 0x73, 0x74, 0x3a, // z / float3(fast:
	0x3a, 0x6d, 0x61, 0x78, 0x28, 0x5f, 0x31, 0x32, 0x36, 0x34, 0x2e, 0x77, 0x2c, 0x20, 0x39, 0x2e, // :max(_1264.w, 9.
	0x39, 0x39, 0x39, 0x39, 0x39, 0x39, 0x39, 0x37, 0x34, 0x37, 0x35, 0x32, 0x34, 0x32, 0x37, 0x30, // 9999999747524270
	0x37, 0x38, 0x37, 0x38, 0x33, 0x35, 0x31, 0x32, 0x31, 0x31, 0x35, 0x34, 0x37, 0x38, 0x35, 0x65, // 787835121154785e
	0x2d, 0x30, 0x37, 0x29, 0x29, 0x3b, 0x0a, 0x20, 0x20, 0x20, 0x20, 0x20, 0x20, 0x20, 0x20, 0x66, // -07));.        f
	0x6c, 0x6f, 0x61, 0x74, 0x33, 0x20, 0x5f, 0x38, 0x37, 0x34, 0x20, 0x3d, 0x20, 0x5f, 0x39, 0x33, // loat3 _874 = _93
	0x39, 0x2e, 0x78, 0x79, 0x7a, 0x3b, 0x0a, 0x20, 0x20, 0x20, 0x20, 0x20, 0x20, 0x20, 0x20, 0x66, // 9.xyz;.        f
	0x6c, 0x6f, 0x61, 0x74, 0x20, 0x5f, 0x38, 0x37, 0x36, 0x20, 0x3d, 0x20, 0x5f, 0x39, 0x33, 0x39, // loat _876 = _939
	0x2e, 0x77, 0x3b, 0x0a, 0x20, 0x20, 0x20, 0x20, 0x20, 0x20, 0x20, 0x20, 0x66, 0x6c, 0x6f, 0x61, // .w;.        floa
	0x74, 0x33, 0x20, 0x5f, 0x38, 0x37, 0x39, 0x20, 0x3d, 0x20, 0x5f, 0x38, 0x37, 0x34, 0x20, 0x2f, // t3 _879 = _874 /
	0x20, 0x66, 0x6c, 0x6f, 0x61, 0x74, 0x33, 0x28, 0x66, 0x61, 0x73, 0x74, 0x3a, 0x3a, 0x6d, 0x61, //  float3(fast::ma
	0x78, 0x28, 0x5f, 0x38, 0x37, 0x36, 0x2c, 0x20, 0x39, 0x2e, 0x39, 0x39, 0x39, 0x39, 0x39, 0x39, // x(_876, 9.999999
	0x39, 0x37, 0x34, 0x37, 0x35, 0x32, 0x34, 0x32, 0x37, 0x30, 0x37, 0x38, 0x37, 0x38, 0x33, 0x35, // 9747524270787835
	0x31, 0x32, 0x31, 0x31, 0x35, 0x34, 0x37, 0x38, 0x35, 0x65, 0x2d, 0x30, 0x37, 0x29, 0x29, 0x3b, // 121154785e-07));
	0x0a, 0x20, 0x20, 0x20, 0x20, 0x20, 0x20, 0x20, 0x20, 0x66, 0x6c, 0x6f, 0x61, 0x74, 0x33, 0x20, // .        float3 
	0x5f, 0x31, 0x32, 0x36, 0x39, 0x3b, 0x0a, 0x20, 0x20, 0x20, 0x20, 0x20, 0x20, 0x20, 0x20, 0x64, // _1269;.        d
	0x6f, 0x0a, 0x20, 0x20, 0x20, 0x20, 0x20, 0x20, 0x20, 0x20, 0x7b, 0x0a, 0x20, 0x20, 0x20, 0x20, // o.        {.    
	0x20, 0x20, 0x20, 0x20, 0x20, 0x20, 0x20, 0x20, 0x69, 0x66, 0x20, 0x28, 0x5f, 0x6d, 0x74, 0x6c, //         if (_mtl
	0x5f, 0x75, 0x2e, 0x75, 0x5f, 0x62, 0x6c, 0x69, 0x74, 0x2e, 0x7a, 0x20, 0x3c, 0x20, 0x32, 0x2e, // _u.u_blit.z < 2.
	0x35, 0x29, 0x0a, 0x20, 0x20, 0x20, 0x20, 0x20, 0x20, 0x20, 0x20, 0x20, 0x20, 0x20, 0x20, 0x7b, // 5).            {
	0x0a, 0x20, 0x20, 0x20, 0x20, 0x20, 0x20, 0x20, 0x20, 0x20, 0x20, 0x20, 0x20, 0x20, 0x20, 0x20, // .               
	0x20, 0x66, 0x6c, 0x6f, 0x61, 0x74, 0x33, 0x20, 0x5f, 0x39, 0x37, 0x35, 0x20, 0x3d, 0x20, 0x5f, //  float3 _975 = _
	0x38, 0x37, 0x32, 0x20, 0x2a, 0x20, 0x5f, 0x38, 0x37, 0x39, 0x3b, 0x0a, 0x20, 0x20, 0x20, 0x20, // 872 * _879;.    
	0x20, 0x20, 0x20, 0x20, 0x20, 0x20, 0x20, 0x20, 0x20, 0x20, 0x20, 0x20, 0x5f, 0x31, 0x32, 0x36, //             _126
	0x39, 0x20, 0x3d, 0x20, 0x73, 0x65, 0x6c, 0x65, 0x63, 0x74, 0x28, 0x28, 0x5f, 0x38, 0x37, 0x32, // 9 = select((_872
	0x20, 0x2b, 0x20, 0x5f, 0x38, 0x37, 0x39, 0x29, 0x20, 0x2d, 0x20, 0x5f, 0x39, 0x37, 0x35, 0x2c, //  + _879) - _975,
	0x20, 0x5f, 0x39, 0x37, 0x35, 0x2c, 0x20, 0x62, 0x6f, 0x6f, 0x6c, 0x33, 0x28, 0x5f, 0x6d, 0x74, //  _975, bool3(_mt
	0x6c, 0x5f, 0x75, 0x2e, 0x75, 0x5f, 0x62, 0x6c, 0x69, 0x74, 0x2e, 0x7a, 0x20, 0x3c, 0x20, 0x32, // l_u.u_blit.z < 2
	0x2e, 0x30, 0x29, 0x29, 0x3b, 0x0a, 0x20, 0x20, 0x20, 0x20, 0x20, 0x20, 0x20, 0x20, 0x20, 0x20, // .0));.          
	0x20, 0x20, 0x20, 0x20, 0x20, 0x20, 0x62, 0x72, 0x65, 0x61, 0x6b, 0x3b, 0x0a, 0x20, 0x20, 0x20, //       break;.   
	0x20, 0x20, 0x20, 0x20, 0x20, 0x20, 0x20, 0x20, 0x20, 0x7d, 0x0a, 0x20, 0x20, 0x20, 0x20, 0x20, //          }.     
	0x20, 0x20, 0x20, 0x20, 0x20, 0x20, 0x20, 0x66, 0x6c, 0x6f, 0x61, 0x74, 0x33, 0x20, 0x5f, 0x39, //        float3 _9
	0x38, 0x37, 0x20, 0x3d, 0x20, 0x5f, 0x38, 0x37, 0x32, 0x20, 0x2a, 0x20, 0x32, 0x2e, 0x30, 0x3b, // 87 = _872 * 2.0;
	0x0a, 0x20, 0x20, 0x20, 0x20, 0x20, 0x20, 0x20, 0x20, 0x20, 0x20, 0x20, 0x20, 0x66, 0x6c, 0x6f, // .            flo
	0x61, 0x74, 0x33, 0x20, 0x5f, 0x39, 0x38, 0x39, 0x20, 0x3d, 0x20, 0x5f, 0x39, 0x38, 0x37, 0x20, // at3 _989 = _987 
	0x2a, 0x20, 0x5f, 0x38, 0x37, 0x39, 0x3b, 0x0a, 0x20, 0x20, 0x20, 0x20, 0x20, 0x20, 0x20, 0x20, // * _879;.        
	0x20, 0x20, 0x20, 0x20, 0x66, 0x6c, 0x6f, 0x61, 0x74, 0x33, 0x20, 0x5f, 0x39, 0x39, 0x32, 0x20, //     float3 _992 
	0x3d, 0x20, 0x66, 0x6c, 0x6f, 0x61, 0x74, 0x33, 0x28, 0x31, 0x2e, 0x30, 0x29, 0x20, 0x2d, 0x20, // = float3(1.0) - 
	0x5f, 0x38, 0x37, 0x32, 0x3b, 0x0a, 0x20, 0x20, 0x20, 0x20, 0x20, 0x20, 0x20, 0x20, 0x20, 0x20, // _872;.          
	0x20, 0x20, 0x66, 0x6c, 0x6f, 0x61, 0x74, 0x33, 0x20, 0x5f, 0x39, 0x39, 0x36, 0x20, 0x3d, 0x20, //   float3 _996 = 
	0x66, 0x6c, 0x6f, 0x61, 0x74, 0x33, 0x28, 0x31, 0x2e, 0x30, 0x29, 0x20, 0x2d, 0x20, 0x5f, 0x38, // float3(1.0) - _8
	0x37, 0x39, 0x3b, 0x0a, 0x20, 0x20, 0x20, 0x20, 0x20, 0x20, 0x20, 0x20, 0x20, 0x20, 0x20, 0x20, // 79;.            
	0x66, 0x6c, 0x6f, 0x61, 0x74, 0x33, 0x20, 0x5f, 0x39, 0x39, 0x39, 0x20, 0x3d, 0x20, 0x66, 0x6c, // float3 _999 = fl
	0x6f, 0x61, 0x74, 0x33, 0x28, 0x31, 0x2e, 0x30, 0x29, 0x20, 0x2d, 0x20, 0x28, 0x28, 0x5f, 0x39, // oat3(1.0) - ((_9
	0x39, 0x32, 0x20, 0x2a, 0x20, 0x32, 0x2e, 0x30, 0x29, 0x20, 0x2a, 0x20, 0x5f, 0x39, 0x39, 0x36, // 92 * 2.0) * _996
	0x29, 0x3b, 0x0a, 0x20, 0x20, 0x20, 0x20, 0x20, 0x20, 0x20, 0x20, 0x20, 0x20, 0x20, 0x20, 0x69, // );.            i
	0x66, 0x20, 0x28, 0x5f, 0x6d, 0x74, 0x6c, 0x5f, 0x75, 0x2e, 0x75, 0x5f, 0x62, 0x6c, 0x69, 0x74, // f (_mtl_u.u_blit
	0x2e, 0x7a, 0x20, 0x3c, 0x20, 0x33, 0x2e, 0x35, 0x29, 0x0a, 0x20, 0x20, 0x20, 0x20, 0x20, 0x20, // .z < 3.5).      
	0x20, 0x20, 0x20, 0x20, 0x20, 0x20, 0x7b, 0x0a, 0x20, 0x20, 0x20, 0x20, 0x20, 0x20, 0x20, 0x20, //       {.        
	0x20, 0x20, 0x20, 0x20, 0x20, 0x20, 0x20, 0x20, 0x5f, 0x31, 0x32, 0x36, 0x39, 0x20, 0x3d, 0x20, //         _1269 = 
	0x6d, 0x69, 0x78, 0x28, 0x5f, 0x39, 0x38, 0x39, 0x2c, 0x20, 0x5f, 0x39, 0x39, 0x39, 0x2c, 0x20, // mix(_989, _999, 
	0x73, 0x74, 0x65, 0x70, 0x28, 0x66, 0x6c, 0x6f, 0x61, 0x74, 0x33, 0x28, 0x30, 0x2e, 0x35, 0x29, // step(float3(0.5)
	0x2c, 0x20, 0x5f, 0x38, 0x37, 0x39, 0x29, 0x29, 0x3b, 0x0a, 0x20, 0x20, 0x20, 0x20, 0x20, 0x20, // , _879));.      
	0x20, 0x20, 0x20, 0x20, 0x20, 0x20, 0x20, 0x20, 0x20, 0x20, 0x62, 0x72, 0x65, 0x61, 0x6b, 0x3b, //           break;
	0x0a, 0x20, 0x20, 0x20, 0x20, 0x20, 0x20, 0x20, 0x20, 0x20, 0x20, 0x20, 0x20, 0x7d, 0x0a, 0x20, // .            }. 
	0x20, 0x20, 0x20, 0x20, 0x20, 0x20, 0x20, 0x20, 0x20, 0x20, 0x20, 0x69, 0x66, 0x20, 0x28, 0x5f, //            if (_
	0x6d, 0x74, 0x6c, 0x5f, 0x75, 0x2e, 0x75, 0x5f, 0x62, 0x6c, 0x69, 0x74, 0x2e, 0x7a, 0x20, 0x3c, // mtl_u.u_blit.z <
	0x20, 0x35, 0x2e, 0x35, 0x29, 0x0a, 0x20, 0x20, 0x20, 0x20, 0x20, 0x20, 0x20, 0x20, 0x20, 0x20, //  5.5).          
	0x20, 0x20, 0x7b, 0x0a, 0x20, 0x20, 0x20, 0x20, 0x20, 0x20, 0x20, 0x20, 0x20, 0x20, 0x20, 0x20, //   {.            
	0x20, 0x20, 0x20, 0x20, 0x5f, 0x31, 0x32, 0x36, 0x39, 0x20, 0x3d, 0x20, 0x73, 0x65, 0x6c, 0x65, //     _1269 = sele
	0x63, 0x74, 0x28, 0x66, 0x61, 0x73, 0x74, 0x3a, 0x3a, 0x6d, 0x61, 0x78, 0x28, 0x5f, 0x38, 0x37, // ct(fast::max(_87
	0x32, 0x2c, 0x20, 0x5f, 0x38, 0x37, 0x39, 0x29, 0x2c, 0x20, 0x66, 0x61, 0x73, 0x74, 0x3a, 0x3a, // 2, _879), fast::
	0x6d, 0x69, 0x6e, 0x28, 0x5f, 0x38, 0x37, 0x32, 0x2c, 0x20, 0x5f, 0x38, 0x37, 0x39, 0x29, 0x2c, // min(_872, _879),
	0x20, 0x62, 0x6f, 0x6f, 0x6c, 0x33, 0x28, 0x5f, 0x6d, 0x74, 0x6c, 0x5f, 0x75, 0x2e, 0x75, 0x5f, //  bool3(_mtl_u.u_
	0x62, 0x6c, 0x69, 0x74, 0x2e, 0x7a, 0x20, 0x3c, 0x20, 0x35, 0x2e, 0x30, 0x29, 0x29, 0x3b, 0x0a, // blit.z < 5.0));.
	0x20, 0x20, 0x20, 0x20, 0x20, 0x20, 0x20, 0x20, 0x20, 0x20, 0x20, 0x20, 0x20, 0x20, 0x20, 0x20, //                 
	0x62, 0x72, 0x65, 0x61, 0x6b, 0x3b, 0x0a, 0x20, 0x20, 0x20, 0x20, 0x20, 0x20, 0x20, 0x20, 0x20, // break;.         
	0x20, 0x20, 0x20, 0x7d, 0x0a, 0x20, 0x20, 0x20, 0x20, 0x20, 0x20, 0x20, 0x20, 0x20, 0x20, 0x20, //    }.           
	0x20, 0x69, 0x66, 0x20, 0x28, 0x5f, 0x6d, 0x74, 0x6c, 0x5f, 0x75, 0x2e, 0x75, 0x5f, 0x62, 0x6c, //  if (_mtl_u.u_bl
	0x69, 0x74, 0x2e, 0x7a, 0x20, 0x3c, 0x20, 0x36, 0x2e, 0x35, 0x29, 0x0a, 0x20, 0x20, 0x20, 0x20, // it.z < 6.5).    
	0x20, 0x20, 0x20, 0x20, 0x20, 0x20, 0x20, 0x20, 0x7b, 0x0a, 0x20, 0x20, 0x20, 0x20, 0x20, 0x20, //         {.      
	0x20, 0x20, 0x20, 0x20, 0x20, 0x20, 0x20, 0x20, 0x20, 0x20, 0x5f, 0x31, 0x32, 0x36, 0x39, 0x20, //           _1269 
	0x3d, 0x20, 0x66, 0x61, 0x73, 0x74, 0x3a, 0x3a, 0x6d, 0x69, 0x6e, 0x28, 0x66, 0x6c, 0x6f, 0x61, // = fast::min(floa
	0x74, 0x33, 0x28, 0x31, 0x2e, 0x30, 0x29, 0x2c, 0x20, 0x5f, 0x38, 0x37, 0x39, 0x20, 0x2f, 0x20, // t3(1.0), _879 / 
	0x66, 0x61, 0x73, 0x74, 0x3a, 0x3a, 0x6d, 0x61, 0x78, 0x28, 0x66, 0x6c, 0x6f, 0x61, 0x74, 0x33, // fast::max(float3
	0x28, 0x39, 0x2e, 0x39, 0x39, 0x39, 0x39, 0x39, 0x39, 0x39, 0x37, 0x34, 0x37, 0x35, 0x32, 0x34, // (9.9999999747524
	0x32, 0x37, 0x30, 0x37, 0x38, 0x37, 0x38, 0x33, 0x35, 0x31, 0x32, 0x31, 0x31, 0x35, 0x34, 0x37, // 2707878351211547
	0x38, 0x35, 0x65, 0x2d, 0x30, 0x37, 0x29, 0x2c, 0x20, 0x5f, 0x39, 0x39, 0x32, 0x29, 0x29, 0x3b, // 85e-07), _992));
	0x0a, 0x20, 0x20, 0x20, 0x20, 0x20, 0x20, 0x20, 0x20, 0x20, 0x20, 0x20, 0x20, 0x20, 0x20, 0x20, // .               
	0x20, 0x62, 0x72, 0x65, 0x61, 0x6b, 0x3b, 0x0a, 0x20, 0x20, 0x20, 0x20, 0x20, 0x20, 0x20, 0x20, //  break;.        
	0x20, 0x20, 0x20, 0x20, 0x7d, 0x0a, 0x20, 0x20, 0x20, 0x20, 0x20, 0x20, 0x20, 0x20, 0x20, 0x20, //     }.          
	0x20, 0x20, 0x69, 0x66, 0x20, 0x28, 0x5f, 0x6d, 0x74, 0x6c, 0x5f, 0x75, 0x2e, 0x75, 0x5f, 0x62, //   if (_mtl_u.u_b
	0x6c, 0x69, 0x74, 0x2e, 0x7a, 0x20, 0x3c, 0x20, 0x37, 0x2e, 0x35, 0x29, 0x0a, 0x20, 0x20, 0x20, // lit.z < 7.5).   
	0x20, 0x20, 0x20, 0x20, 0x20, 0x20, 0x20, 0x20, 0x20, 0x7b, 0x0a, 0x20, 0x20, 0x20, 0x20, 0x20, //          {.     
	0x20, 0x20, 0x20, 0x20, 0x20, 0x20, 0x20, 0x20, 0x20, 0x20, 0x20, 0x5f, 0x31, 0x32, 0x36, 0x39, //            _1269
	0x20, 0x3d, 0x20, 0x66, 0x6c, 0x6f, 0x61, 0x74, 0x33, 0x28, 0x31, 0x2e, 0x30, 0x29, 0x20, 0x2d, //  = float3(1.0) -
	0x20, 0x66, 0x61, 0x73, 0x74, 0x3a, 0x3a, 0x6d, 0x69, 0x6e, 0x28, 0x66, 0x6c, 0x6f, 0x61, 0x74, //  fast::min(float
	0x33, 0x28, 0x31, 0x2e, 0x30, 0x29, 0x2c, 0x20, 0x5f, 0x39, 0x39, 0x36, 0x20, 0x2f, 0x20, 0x66, // 3(1.0), _996 / f
	0x61, 0x73, 0x74, 0x3a, 0x3a, 0x6d, 0x61, 0x78, 0x28, 0x66, 0x6c, 0x6f, 0x61, 0x74, 0x33, 0x28, // ast::max(float3(
	0x39, 0x2e, 0x39, 0x39, 0x39, 0x39, 0x39, 0x39, 0x39, 0x37, 0x34, 0x37, 0x35, 0x32, 0x34, 0x32, // 9.99999997475242
	0x37, 0x30, 0x37, 0x38, 0x37, 0x38, 0x33, 0x35, 0x31, 0x32, 0x31, 0x31, 0x35, 0x34, 0x37, 0x38, // 7078783512115478
	0x35, 0x65, 0x2d, 0x30, 0x37, 0x29, 0x2c, 0x20, 0x5f, 0x38, 0x37, 0x32, 0x29, 0x29, 0x3b, 0x0a, // 5e-07), _872));.
	0x20, 0x20, 0x20, 0x20, 0x20, 0x20, 0x20, 0x20, 0x20, 0x20, 0x20, 0x20, 0x20, 0x20, 0x20, 0x20, //                 
	0x62, 0x72, 0x65, 0x61, 0x6b, 0x3b, 0x0a, 0x20, 0x20, 0x20, 0x20, 0x20, 0x20, 0x20, 0x20, 0x20, // break;.         
	0x20, 0x20, 0x20, 0x7d, 0x0a, 0x20, 0x20, 0x20, 0x20, 0x20, 0x20, 0x20, 0x20, 0x20, 0x20, 0x20, //    }.           
	0x20, 0x69, 0x66, 0x20, 0x28, 0x5f, 0x6d, 0x74, 0x6c, 0x5f, 0x75, 0x2e, 0x75, 0x5f, 0x62, 0x6c, //  if (_mtl_u.u_bl
	0x69, 0x74, 0x2e, 0x7a, 0x20, 0x3c, 0x20, 0x38, 0x2e, 0x35, 0x29, 0x0a, 0x20, 0x20, 0x20, 0x20, // it.z < 8.5).    
	0x20, 0x20, 0x20, 0x20, 0x20, 0x20, 0x20, 0x20, 0x7b, 0x0a, 0x20, 0x20, 0x20, 0x20, 0x20, 0x20, //         {.      
	0x20, 0x20, 0x20, 0x20, 0x20, 0x20, 0x20, 0x20, 0x20, 0x20, 0x5f, 0x31, 0x32, 0x36, 0x39, 0x20, //           _1269 
	0x3d, 0x20, 0x6d, 0x69, 0x78, 0x28, 0x5f, 0x39, 0x38, 0x39, 0x2c, 0x20, 0x5f, 0x39, 0x39, 0x39, // = mix(_989, _999
	0x2c, 0x20, 0x73, 0x74, 0x65, 0x70, 0x28, 0x66, 0x6c, 0x6f, 0x61, 0x74, 0x33, 0x28, 0x30, 0x2e, // , step(float3(0.
	0x35, 0x29, 0x2c, 0x20, 0x5f, 0x38, 0x37, 0x32, 0x29, 0x29, 0x3b, 0x0a, 0x20, 0x20, 0x20, 0x20, // 5), _872));.    
	0x20, 0x20, 0x20, 0x20, 0x20, 0x20, 0x20, 0x20, 0x20, 0x20, 0x20, 0x20, 0x62, 0x72, 0x65, 0x61, //             brea
	0x6b, 0x3b, 0x0a, 0x20, 0x20, 0x20, 0x20, 0x20, 0x20, 0x20, 0x20, 0x20, 0x20, 0x20, 0x20, 0x7d, // k;.            }
	0x0a, 0x20, 0x20, 0x20, 0x20, 0x20, 0x20, 0x20, 0x20, 0x20, 0x20, 0x20, 0x20, 0x69, 0x66, 0x20, // .            if 
	0x28, 0x5f, 0x6d, 0x74, 0x6c, 0x5f, 0x75, 0x2e, 0x75, 0x5f, 0x62, 0x6c, 0x69, 0x74, 0x2e, 0x7a, // (_mtl_u.u_blit.z
	0x20, 0x3c, 0x20, 0x39, 0x2e, 0x35, 0x29, 0x0a, 0x20, 0x20, 0x20, 0x20, 0x20, 0x20, 0x20, 0x20, //  < 9.5).        
	0x20, 0x20, 0x20, 0x20, 0x7b, 0x0a, 0x20, 0x20, 0x20, 0x20, 0x20, 0x20, 0x20, 0x20, 0x20, 0x20, //     {.          
	0x20, 0x20, 0x20, 0x20, 0x20, 0x20, 0x5f, 0x31, 0x32, 0x36, 0x39, 0x20, 0x3d, 0x20, 0x6d, 0x69, //       _1269 = mi
	0x78, 0x28, 0x5f, 0x38, 0x37, 0x39, 0x20, 0x2d, 0x20, 0x28, 0x28, 0x28, 0x66, 0x6c, 0x6f, 0x61, // x(_879 - (((floa
	0x74, 0x33, 0x28, 0x31, 0x2e, 0x30, 0x29, 0x20, 0x2d, 0x20, 0x5f, 0x39, 0x38, 0x37, 0x29, 0x20, // t3(1.0) - _987) 
	0x2a, 0x20, 0x5f, 0x38, 0x37, 0x39, 0x29, 0x20, 0x2a, 0x20, 0x5f, 0x39, 0x39, 0x36, 0x29, 0x2c, // * _879) * _996),
	0x20, 0x5f, 0x38, 0x37, 0x39, 0x20, 0x2b, 0x20, 0x28, 0x28, 0x5f, 0x39, 0x38, 0x37, 0x20, 0x2d, //  _879 + ((_987 -
	0x20, 0x66, 0x6c, 0x6f, 0x61, 0x74, 0x33, 0x28, 0x31, 0x2e, 0x30, 0x29, 0x29, 0x20, 0x2a, 0x20, //  float3(1.0)) * 
	0x28, 0x6d, 0x69, 0x78, 0x28, 0x73, 0x71, 0x72, 0x74, 0x28, 0x5f, 0x38, 0x37, 0x39, 0x29, 0x2c, // (mix(sqrt(_879),
	0x20, 0x28, 0x28, 0x28, 0x28, 0x5f, 0x38, 0x37, 0x39, 0x20, 0x2a, 0x20, 0x31, 0x36, 0x2e, 0x30, //  ((((_879 * 16.0
	0x29, 0x20, 0x2d, 0x20, 0x66, 0x6c, 0x6f, 0x61, 0x74, 0x33, 0x28, 0x31, 0x32, 0x2e, 0x30, 0x29, // ) - float3(12.0)
	0x29, 0x20, 0x2a, 0x20, 0x5f, 0x38, 0x37, 0x39, 0x29, 0x20, 0x2b, 0x20, 0x66, 0x6c, 0x6f, 0x61, // ) * _879) + floa
	0x74, 0x33, 0x28, 0x34, 0x2e, 0x30, 0x29, 0x29, 0x20, 0x2a, 0x20, 0x5f, 0x38, 0x37, 0x39, 0x2c, // t3(4.0)) * _879,
	0x20, 0x73, 0x74, 0x65, 0x70, 0x28, 0x5f, 0x38, 0x37, 0x39, 0x2c, 0x20, 0x66, 0x6c, 0x6f, 0x61, //  step(_879, floa
	0x74, 0x33, 0x28, 0x30, 0x2e, 0x32, 0x35, 0x29, 0x29, 0x29, 0x20, 0x2d, 0x20, 0x5f, 0x38, 0x37, // t3(0.25))) - _87
	0x39, 0x29, 0x29, 0x2c, 0x20, 0x73, 0x74, 0x65, 0x70, 0x28, 0x5f, 0x38, 0x37, 0x32, 0x2c, 0x20, // 9)), step(_872, 
	0x66, 0x6c, 0x6f, 0x61, 0x74, 0x33, 0x28, 0x30, 0x2e, 0x35, 0x29, 0x29, 0x29, 0x3b, 0x0a, 0x20, // float3(0.5)));. 
	0x20, 0x20, 0x20, 0x20, 0x20, 0x20, 0x20, 0x20, 0x20, 0x20, 0x20, 0x20, 0x20, 0x20, 0x20, 0x62, //                b
	0x72, 0x65, 0x61, 0x6b, 0x3b, 0x0a, 0x20, 0x20, 0x20, 0x20, 0x20, 0x20, 0x20, 0x20, 0x20, 0x20, // reak;.          
	0x20, 0x20, 0x7d, 0x0a, 0x20, 0x20, 0x20, 0x20, 0x20, 0x20, 0x20, 0x20, 0x20, 0x20, 0x20, 0x20, //   }.            
	0x69, 0x66, 0x20, 0x28, 0x5f, 0x6d, 0x74, 0x6c, 0x5f, 0x75, 0x2e, 0x75, 0x5f, 0x62, 0x6c, 0x69, // if (_mtl_u.u_bli
	0x74, 0x2e, 0x7a, 0x20, 0x3c, 0x20, 0x31, 0x30, 0x2e, 0x35, 0x29, 0x0a, 0x20, 0x20, 0x20, 0x20, // t.z < 10.5).    
	0x20, 0x20, 0x20, 0x20, 0x20, 0x20, 0x20, 0x20, 0x7b, 0x0a, 0x20, 0x20, 0x20, 0x20, 0x20, 0x20, //         {.      
	0x20, 0x20, 0x20, 0x20, 0x20, 0x20, 0x20, 0x20, 0x20, 0x20, 0x5f, 0x31, 0x32, 0x36, 0x39, 0x20, //           _1269 
	0x3d, 0x20, 0x61, 0x62, 0x73, 0x28, 0x5f, 0x38, 0x37, 0x32, 0x20, 0x2d, 0x20, 0x5f, 0x38, 0x37, // = abs(_872 - _87
	0x39, 0x29, 0x3b, 0x0a, 0x20, 0x20, 0x20, 0x20, 0x20, 0x20, 0x20, 0x20, 0x20, 0x20, 0x20, 0x20, // 9);.            
	0x20, 0x20, 0x20, 0x20, 0x62, 0x72, 0x65, 0x61, 0x6b, 0x3b, 0x0a, 0x20, 0x20, 0x20, 0x20, 0x20, //     break;.     
	0x20, 0x20, 0x20, 0x20, 0x20, 0x20, 0x20, 0x7d, 0x0a, 0x20, 0x20, 0x20, 0x20, 0x20, 0x20, 0x20, //        }.       
	0x20, 0x20, 0x20, 0x20, 0x20, 0x5f, 0x31, 0x32, 0x36, 0x39, 0x20, 0x3d, 0x20, 0x28, 0x5f, 0x38, //      _1269 = (_8
	0x37, 0x32, 0x20, 0x2b, 0x20, 0x5f, 0x38, 0x37, 0x39, 0x29, 0x20, 0x2d, 0x20, 0x5f, 0x39, 0x38, // 72 + _879) - _98
	0x39, 0x3b, 0x0a, 0x20, 0x20, 0x20, 0x20, 0x20, 0x20, 0x20, 0x20, 0x20, 0x20, 0x20, 0x20, 0x62, // 9;.            b
	0x72, 0x65, 0x61, 0x6b, 0x3b, 0x0a, 0x20, 0x20, 0x20, 0x20, 0x20, 0x20, 0x20, 0x20, 0x7d, 0x20, // reak;.        } 
	0x77, 0x68, 0x69, 0x6c, 0x65, 0x28, 0x66, 0x61, 0x6c, 0x73, 0x65, 0x29, 0x3b, 0x0a, 0x20, 0x20, // while(false);.  
	0x20, 0x20, 0x20, 0x20, 0x20, 0x20, 0x66, 0x6c, 0x6f, 0x61, 0x74, 0x20, 0x5f, 0x38, 0x39, 0x32, //       float _892
	0x20, 0x3d, 0x20, 0x31, 0x2e, 0x30, 0x20, 0x2d, 0x20, 0x5f, 0x31, 0x32, 0x36, 0x34, 0x2e, 0x77, //  = 1.0 - _1264.w
	0x3b, 0x0a, 0x20, 0x20, 0x20, 0x20, 0x20, 0x20, 0x20, 0x20, 0x5f, 0x31, 0x32, 0x37, 0x32, 0x20, // ;.        _1272 
	0x3d, 0x20, 0x66, 0x6c, 0x6f, 0x61, 0x74, 0x34, 0x28, 0x28, 0x5f, 0x31, 0x32, 0x36, 0x39, 0x20, // = float4((_1269 
	0x2a, 0x20, 0x5f, 0x31, 0x32, 0x36, 0x34, 0x2e, 0x77, 0x29, 0x20, 0x2b, 0x20, 0x28, 0x5f, 0x38, // * _1264.w) + (_8
	0x37, 0x34, 0x20, 0x2a, 0x20, 0x5f, 0x38, 0x39, 0x32, 0x29, 0x2c, 0x20, 0x5f, 0x31, 0x32, 0x36, // 74 * _892), _126
	0x34, 0x2e, 0x77, 0x20, 0x2b, 0x20, 0x28, 0x5f, 0x38, 0x37, 0x36, 0x20, 0x2a, 0x20, 0x5f, 0x38, // 4.w + (_876 * _8
	0x39, 0x32, 0x29, 0x29, 0x3b, 0x0a, 0x20, 0x20, 0x20, 0x20, 0x20, 0x20, 0x20, 0x20, 0x62, 0x72, // 92));.        br
	0x65, 0x61, 0x6b, 0x3b, 0x0a, 0x20, 0x20, 0x20, 0x20, 0x7d, 0x20, 0x77, 0x68, 0x69, 0x6c, 0x65, // eak;.    } while
	0x28, 0x66, 0x61, 0x6c, 0x73, 0x65, 0x29, 0x3b, 0x0a, 0x20, 0x20, 0x20, 0x20, 0x6f, 0x75, 0x74, // (false);.    out
	0x2e, 0x62, 0x67, 0x66, 0x78, 0x5f, 0x46, 0x72, 0x61, 0x67, 0x44, 0x61, 0x74, 0x61, 0x30, 0x20, // .bgfx_FragData0 
	0x3d, 0x20, 0x5f, 0x31, 0x32, 0x37, 0x32, 0x3b, 0x0a, 0x20, 0x20, 0x20, 0x20, 0x72, 0x65, 0x74, // = _1272;.    ret
	0x75, 0x72, 0x6e, 0x20, 0x6f, 0x75, 0x74, 0x3b, 0x0a, 0x7d, 0x0a, 0x0a, 0x00, 0x00, 0x70, 0x00, // urn out;.}....p.
};
extern const uint8_t* fs_blit_pssl;
extern const uint32_t fs_blit_pssl_size;
