static const uint8_t fs_effect_glsl[1749] =
{
	0x46, 0x53, 0x48, 0x0c, 0x29, 0x3e, 0x5c, 0xd3, 0x00, 0x00, 0x00, 0x00, 0x00, 0x00, 0x00, 0x00, // FSH.)>..........
	0x00, 0x00, 0x00, 0x00, 0x03, 0x00, 0x07, 0x75, 0x5f, 0x63, 0x6f, 0x6c, 0x6f, 0x72, 0x02, 0x01, // .......u_color..
	0x00, 0x00, 0x01, 0x00, 0x00, 0x00, 0x00, 0x00, 0x08, 0x75, 0x5f, 0x65, 0x66, 0x66, 0x65, 0x63, // .........u_effec
	0x74, 0x02, 0x03, 0x00, 0x00, 0x03, 0x00, 0x00, 0x00, 0x00, 0x00, 0x05, 0x73, 0x5f, 0x74, 0x65, // t...........s_te
	0x78, 0x00, 0x01, 0x00, 0x00, 0x01, 0x00, 0x00, 0x02, 0x00, 0x00, 0x85, 0x06, 0x00, 0x00, 0x0a, // x...............
	0x75, 0x6e, 0x69, 0x66, 0x6f, 0x72, 0x6d, 0x20, 0x76, 0x65, 0x63, 0x34, 0x20, 0x75, 0x5f, 0x63, // uniform vec4 u_c
	0x6f, 0x6c, 0x6f, 0x72, 0x3b, 0x0a, 0x75, 0x6e, 0x69, 0x66, 0x6f, 0x72, 0x6d, 0x20, 0x73, 0x61, // olor;.uniform sa
	0x6d, 0x70, 0x6c, 0x65, 0x72, 0x32, 0x44, 0x20, 0x73, 0x5f, 0x74, 0x65, 0x78, 0x3b, 0x0a, 0x75, // mpler2D s_tex;.u
	0x6e, 0x69, 0x66, 0x6f, 0x72, 0x6d, 0x20, 0x76, 0x65, 0x63, 0x34, 0x20, 0x75, 0x5f, 0x65, 0x66, // niform vec4 u_ef
	0x66, 0x65, 0x63, 0x74, 0x5b, 0x33, 0x5d, 0x3b, 0x0a, 0x0a, 0x69, 0x6e, 0x20, 0x76, 0x65, 0x63, // fect[3];..in vec
	0x32, 0x20, 0x76, 0x5f, 0x75, 0x76, 0x3b, 0x0a, 0x6c, 0x61, 0x79, 0x6f, 0x75, 0x74, 0x28, 0x6c, // 2 v_uv;.layout(l
	0x6f, 0x63, 0x61, 0x74, 0x69, 0x6f, 0x6e, 0x20, 0x3d, 0x20, 0x30, 0x29, 0x20, 0x6f, 0x75, 0x74, // ocation = 0) out
	0x20, 0x76, 0x65, 0x63, 0x34, 0x20, 0x62, 0x67, 0x66, 0x78, 0x5f, 0x46, 0x72, 0x61, 0x67, 0x43, //  vec4 bgfx_FragC
	0x6f, 0x6c, 0x6f, 0x72, 0x3b, 0x0a, 0x0a, 0x76, 0x6f, 0x69, 0x64, 0x20, 0x6d, 0x61, 0x69, 0x6e, // olor;..void main
	0x28, 0x29, 0x0a, 0x7b, 0x0a, 0x20, 0x20, 0x20, 0x20, 0x76, 0x65, 0x63, 0x34, 0x20, 0x5f, 0x34, // ().{.    vec4 _4
	0x32, 0x20, 0x3d, 0x20, 0x74, 0x65, 0x78, 0x74, 0x75, 0x72, 0x65, 0x28, 0x73, 0x5f, 0x74, 0x65, // 2 = texture(s_te
	0x78, 0x2c, 0x20, 0x76, 0x5f, 0x75, 0x76, 0x29, 0x3b, 0x0a, 0x20, 0x20, 0x20, 0x20, 0x69, 0x66, // x, v_uv);.    if
	0x20, 0x28, 0x75, 0x5f, 0x63, 0x6f, 0x6c, 0x6f, 0x72, 0x2e, 0x78, 0x20, 0x3c, 0x20, 0x30, 0x2e, //  (u_color.x < 0.
	0x35, 0x29, 0x0a, 0x20, 0x20, 0x20, 0x20, 0x7b, 0x0a, 0x20, 0x20, 0x20, 0x20, 0x20, 0x20, 0x20, // 5).    {.       
	0x20, 0x66, 0x6c, 0x6f, 0x61, 0x74, 0x20, 0x5f, 0x36, 0x33, 0x20, 0x3d, 0x20, 0x5f, 0x34, 0x32, //  float _63 = _42
	0x2e, 0x77, 0x20, 0x2a, 0x20, 0x75, 0x5f, 0x65, 0x66, 0x66, 0x65, 0x63, 0x74, 0x5b, 0x30, 0x5d, // .w * u_effect[0]
	0x2e, 0x77, 0x3b, 0x0a, 0x20, 0x20, 0x20, 0x20, 0x20, 0x20, 0x20, 0x20, 0x62, 0x67, 0x66, 0x78, // .w;.        bgfx
	0x5f, 0x46, 0x72, 0x61, 0x67, 0x43, 0x6f, 0x6c, 0x6f, 0x72, 0x20, 0x3d, 0x20, 0x76, 0x65, 0x63, // _FragColor = vec
	0x34, 0x28, 0x75, 0x5f, 0x65, 0x66, 0x66, 0x65, 0x63, 0x74, 0x5b, 0x30, 0x5d, 0x2e, 0x78, 0x79, // 4(u_effect[0].xy
	0x7a, 0x20, 0x2a, 0x20, 0x5f, 0x36, 0x33, 0x2c, 0x20, 0x5f, 0x36, 0x33, 0x29, 0x3b, 0x0a, 0x20, // z * _63, _63);. 
	0x20, 0x20, 0x20, 0x7d, 0x0a, 0x20, 0x20, 0x20, 0x20, 0x65, 0x6c, 0x73, 0x65, 0x0a, 0x20, 0x20, //    }.    else.  
	0x20, 0x20, 0x7b, 0x0a, 0x20, 0x20, 0x20, 0x20, 0x20, 0x20, 0x20, 0x20, 0x69, 0x66, 0x20, 0x28, //   {.        if (
	0x75, 0x5f, 0x63, 0x6f, 0x6c, 0x6f, 0x72, 0x2e, 0x78, 0x20, 0x3c, 0x20, 0x31, 0x2e, 0x35, 0x29, // u_color.x < 1.5)
	0x0a, 0x20, 0x20, 0x20, 0x20, 0x20, 0x20, 0x20, 0x20, 0x7b, 0x0a, 0x20, 0x20, 0x20, 0x20, 0x20, // .        {.     
	0x20, 0x20, 0x20, 0x20, 0x20, 0x20, 0x20, 0x66, 0x6c, 0x6f, 0x61, 0x74, 0x20, 0x5f, 0x39, 0x37, //        float _97
	0x20, 0x3d, 0x20, 0x5f, 0x34, 0x32, 0x2e, 0x77, 0x3b, 0x0a, 0x20, 0x20, 0x20, 0x20, 0x20, 0x20, //  = _42.w;.      
	0x20, 0x20, 0x20, 0x20, 0x20, 0x20, 0x76, 0x65, 0x63, 0x33, 0x20, 0x5f, 0x31, 0x30, 0x31, 0x20, //       vec3 _101 
	0x3d, 0x20, 0x5f, 0x34, 0x32, 0x2e, 0x78, 0x79, 0x7a, 0x20, 0x2f, 0x20, 0x76, 0x65, 0x63, 0x33, // = _42.xyz / vec3
	0x28, 0x6d, 0x61, 0x78, 0x28, 0x5f, 0x39, 0x37, 0x2c, 0x20, 0x39, 0x2e, 0x39, 0x39, 0x39, 0x39, // (max(_97, 9.9999
	0x39, 0x39, 0x39, 0x37, 0x34, 0x37, 0x35, 0x32, 0x34, 0x32, 0x37, 0x30, 0x37, 0x38, 0x37, 0x38, // 9997475242707878
	0x33, 0x35, 0x31, 0x32, 0x31, 0x31, 0x35, 0x34, 0x37, 0x38, 0x35, 0x65, 0x2d, 0x30, 0x37, 0x29, // 35121154785e-07)
	0x29, 0x3b, 0x0a, 0x20, 0x20, 0x20, 0x20, 0x20, 0x20, 0x20, 0x20, 0x20, 0x20, 0x20, 0x20, 0x62, // );.            b
	0x67, 0x66, 0x78, 0x5f, 0x46, 0x72, 0x61, 0x67, 0x43, 0x6f, 0x6c, 0x6f, 0x72, 0x20, 0x3d, 0x20, // gfx_FragColor = 
	0x76, 0x65, 0x63, 0x34, 0x28, 0x6d, 0x69, 0x78, 0x28, 0x5f, 0x31, 0x30, 0x31, 0x2c, 0x20, 0x75, // vec4(mix(_101, u
	0x5f, 0x65, 0x66, 0x66, 0x65, 0x63, 0x74, 0x5b, 0x30, 0x5d, 0x2e, 0x78, 0x79, 0x7a, 0x20, 0x2b, // _effect[0].xyz +
	0x20, 0x28, 0x28, 0x75, 0x5f, 0x65, 0x66, 0x66, 0x65, 0x63, 0x74, 0x5b, 0x31, 0x5d, 0x2e, 0x78, //  ((u_effect[1].x
	0x79, 0x7a, 0x20, 0x2d, 0x20, 0x75, 0x5f, 0x65, 0x66, 0x66, 0x65, 0x63, 0x74, 0x5b, 0x30, 0x5d, // yz - u_effect[0]
	0x2e, 0x78, 0x79, 0x7a, 0x29, 0x20, 0x2a, 0x20, 0x63, 0x6c, 0x61, 0x6d, 0x70, 0x28, 0x64, 0x6f, // .xyz) * clamp(do
	0x74, 0x28, 0x5f, 0x31, 0x30, 0x31, 0x2c, 0x20, 0x76, 0x65, 0x63, 0x33, 0x28, 0x30, 0x2e, 0x32, // t(_101, vec3(0.2
	0x31, 0x32, 0x35, 0x39, 0x39, 0x39, 0x39, 0x32, 0x37, 0x35, 0x32, 0x30, 0x37, 0x35, 0x31, 0x39, // 1259999275207519
	0x35, 0x33, 0x31, 0x32, 0x35, 0x2c, 0x20, 0x30, 0x2e, 0x37, 0x31, 0x35, 0x32, 0x30, 0x30, 0x30, // 53125, 0.7152000
	0x30, 0x36, 0x39, 0x36, 0x31, 0x38, 0x32, 0x32, 0x35, 0x30, 0x39, 0x37, 0x36, 0x35, 0x36, 0x32, // 0696182250976562
	0x35, 0x2c, 0x20, 0x30, 0x2e, 0x30, 0x37, 0x32, 0x32, 0x30, 0x30, 0x30, 0x30, 0x30, 0x32, 0x38, // 5, 0.07220000028
	0x36, 0x31, 0x30, 0x32, 0x32, 0x39, 0x34, 0x39, 0x32, 0x31, 0x38, 0x37, 0x35, 0x29, 0x29, 0x2c, // 6102294921875)),
	0x20, 0x30, 0x2e, 0x30, 0x2c, 0x20, 0x31, 0x2e, 0x30, 0x29, 0x29, 0x2c, 0x20, 0x76, 0x65, 0x63, //  0.0, 1.0)), vec
	0x33, 0x28, 0x75, 0x5f, 0x65, 0x66, 0x66, 0x65, 0x63, 0x74, 0x5b, 0x30, 0x5d, 0x2e, 0x77, 0x29, // 3(u_effect[0].w)
	0x29, 0x20, 0x2a, 0x20, 0x5f, 0x39, 0x37, 0x2c, 0x20, 0x5f, 0x39, 0x37, 0x29, 0x3b, 0x0a, 0x20, // ) * _97, _97);. 
	0x20, 0x20, 0x20, 0x20, 0x20, 0x20, 0x20, 0x7d, 0x0a, 0x20, 0x20, 0x20, 0x20, 0x20, 0x20, 0x20, //        }.       
	0x20, 0x65, 0x6c, 0x73, 0x65, 0x0a, 0x20, 0x20, 0x20, 0x20, 0x20, 0x20, 0x20, 0x20, 0x7b, 0x0a, //  else.        {.
	0x20, 0x20, 0x20, 0x20, 0x20, 0x20, 0x20, 0x20, 0x20, 0x20, 0x20, 0x20, 0x69, 0x66, 0x20, 0x28, //             if (
	0x75, 0x5f, 0x63, 0x6f, 0x6c, 0x6f, 0x72, 0x2e, 0x78, 0x20, 0x3c, 0x20, 0x32, 0x2e, 0x35, 0x29, // u_color.x < 2.5)
	0x0a, 0x20, 0x20, 0x20, 0x20, 0x20, 0x20, 0x20, 0x20, 0x20, 0x20, 0x20, 0x20, 0x7b, 0x0a, 0x20, // .            {. 
	0x20, 0x20, 0x20, 0x20, 0x20, 0x20, 0x20, 0x20, 0x20, 0x20, 0x20, 0x20, 0x20, 0x20, 0x20, 0x66, //                f
	0x6c, 0x6f, 0x61, 0x74, 0x20, 0x5f, 0x31, 0x35, 0x37, 0x20, 0x3d, 0x20, 0x5f, 0x34, 0x32, 0x2e, // loat _157 = _42.
	0x77, 0x3b, 0x0a, 0x20, 0x20, 0x20, 0x20, 0x20, 0x20, 0x20, 0x20, 0x20, 0x20, 0x20, 0x20, 0x20, // w;.             
	0x20, 0x20, 0x20, 0x76, 0x65, 0x63, 0x33, 0x20, 0x5f, 0x31, 0x36, 0x30, 0x20, 0x3d, 0x20, 0x5f, //    vec3 _160 = _
	0x34, 0x32, 0x2e, 0x78, 0x79, 0x7a, 0x20, 0x2f, 0x20, 0x76, 0x65, 0x63, 0x33, 0x28, 0x6d, 0x61, // 42.xyz / vec3(ma
	0x78, 0x28, 0x5f, 0x31, 0x35, 0x37, 0x2c, 0x20, 0x39, 0x2e, 0x39, 0x39, 0x39, 0x39, 0x39, 0x39, // x(_157, 9.999999
	0x39, 0x37, 0x34, 0x37, 0x35, 0x32, 0x34, 0x32, 0x37, 0x30, 0x37, 0x38, 0x37, 0x38, 0x33, 0x35, // 9747524270787835
	0x31, 0x32, 0x31, 0x31, 0x35, 0x34, 0x37, 0x38, 0x35, 0x65, 0x2d, 0x30, 0x37, 0x29, 0x29, 0x3b, // 121154785e-07));
	0x0a, 0x20, 0x20, 0x20, 0x20, 0x20, 0x20, 0x20, 0x20, 0x20, 0x20, 0x20, 0x20, 0x20, 0x20, 0x20, // .               
	0x20, 0x66, 0x6c, 0x6f, 0x61, 0x74, 0x20, 0x5f, 0x31, 0x36, 0x35, 0x20, 0x3d, 0x20, 0x63, 0x6c, //  float _165 = cl
	0x61, 0x6d, 0x70, 0x28, 0x64, 0x6f, 0x74, 0x28, 0x5f, 0x31, 0x36, 0x30, 0x2c, 0x20, 0x76, 0x65, // amp(dot(_160, ve
	0x63, 0x33, 0x28, 0x30, 0x2e, 0x32, 0x31, 0x32, 0x35, 0x39, 0x39, 0x39, 0x39, 0x32, 0x37, 0x35, // c3(0.21259999275
	0x32, 0x30, 0x37, 0x35, 0x31, 0x39, 0x35, 0x33, 0x31, 0x32, 0x35, 0x2c, 0x20, 0x30, 0x2e, 0x37, // 20751953125, 0.7
	0x31, 0x35, 0x32, 0x30, 0x30, 0x30, 0x30, 0x36, 0x39, 0x36, 0x31, 0x38, 0x32, 0x32, 0x35, 0x30, // 1520000696182250
	0x39, 0x37, 0x36, 0x35, 0x36, 0x32, 0x35, 0x2c, 0x20, 0x30, 0x2e, 0x30, 0x37, 0x32, 0x32, 0x30, // 9765625, 0.07220
	0x30, 0x30, 0x30, 0x30, 0x32, 0x38, 0x36, 0x31, 0x30, 0x32, 0x32, 0x39, 0x34, 0x39, 0x32, 0x31, // 0000286102294921
	0x38, 0x37, 0x35, 0x29, 0x29, 0x2c, 0x20, 0x30, 0x2e, 0x30, 0x2c, 0x20, 0x31, 0x2e, 0x30, 0x29, // 875)), 0.0, 1.0)
	0x3b, 0x0a, 0x20, 0x20, 0x20, 0x20, 0x20, 0x20, 0x20, 0x20, 0x20, 0x20, 0x20, 0x20, 0x20, 0x20, // ;.              
	0x20, 0x20, 0x66, 0x6c, 0x6f, 0x61, 0x74, 0x20, 0x5f, 0x31, 0x37, 0x31, 0x20, 0x3d, 0x20, 0x5f, //   float _171 = _
	0x31, 0x36, 0x35, 0x20, 0x2a, 0x20, 0x32, 0x2e, 0x30, 0x3b, 0x0a, 0x20, 0x20, 0x20, 0x20, 0x20, // 165 * 2.0;.     
	0x20, 0x20, 0x20, 0x20, 0x20, 0x20, 0x20, 0x20, 0x20, 0x20, 0x20, 0x62, 0x67, 0x66, 0x78, 0x5f, //            bgfx_
	0x46, 0x72, 0x61, 0x67, 0x43, 0x6f, 0x6c, 0x6f, 0x72, 0x20, 0x3d, 0x20, 0x76, 0x65, 0x63, 0x34, // FragColor = vec4
	0x28, 0x6d, 0x69, 0x78, 0x28, 0x5f, 0x31, 0x36, 0x30, 0x2c, 0x20, 0x6d, 0x69, 0x78, 0x28, 0x6d, // (mix(_160, mix(m
	0x69, 0x78, 0x28, 0x75, 0x5f, 0x65, 0x66, 0x66, 0x65, 0x63, 0x74, 0x5b, 0x30, 0x5d, 0x2e, 0x78, // ix(u_effect[0].x
	0x79, 0x7a, 0x2c, 0x20, 0x75, 0x5f, 0x65, 0x66, 0x66, 0x65, 0x63, 0x74, 0x5b, 0x31, 0x5d, 0x2e, // yz, u_effect[1].
	0x78, 0x79, 0x7a, 0x2c, 0x20, 0x76, 0x65, 0x63, 0x33, 0x28, 0x63, 0x6c, 0x61, 0x6d, 0x70, 0x28, // xyz, vec3(clamp(
	0x5f, 0x31, 0x37, 0x31, 0x2c, 0x20, 0x30, 0x2e, 0x30, 0x2c, 0x20, 0x31, 0x2e, 0x30, 0x29, 0x29, // _171, 0.0, 1.0))
	0x29, 0x2c, 0x20, 0x6d, 0x69, 0x78, 0x28, 0x75, 0x5f, 0x65, 0x66, 0x66, 0x65, 0x63, 0x74, 0x5b, // ), mix(u_effect[
	0x31, 0x5d, 0x2e, 0x78, 0x79, 0x7a, 0x2c, 0x20, 0x75, 0x5f, 0x65, 0x66, 0x66, 0x65, 0x63, 0x74, // 1].xyz, u_effect
	0x5b, 0x32, 0x5d, 0x2e, 0x78, 0x79, 0x7a, 0x2c, 0x20, 0x76, 0x65, 0x63, 0x33, 0x28, 0x63, 0x6c, // [2].xyz, vec3(cl
	0x61, 0x6d, 0x70, 0x28, 0x5f, 0x31, 0x37, 0x31, 0x20, 0x2d, 0x20, 0x31, 0x2e, 0x30, 0x2c, 0x20, // amp(_171 - 1.0, 
	0x30, 0x2e, 0x30, 0x2c, 0x20, 0x31, 0x2e, 0x30, 0x29, 0x29, 0x29, 0x2c, 0x20, 0x76, 0x65, 0x63, // 0.0, 1.0))), vec
	0x33, 0x28, 0x73, 0x74, 0x65, 0x70, 0x28, 0x30, 0x2e, 0x35, 0x2c, 0x20, 0x5f, 0x31, 0x36, 0x35, // 3(step(0.5, _165
	0x29, 0x29, 0x29, 0x2c, 0x20, 0x76, 0x65, 0x63, 0x33, 0x28, 0x75, 0x5f, 0x65, 0x66, 0x66, 0x65, // ))), vec3(u_effe
	0x63, 0x74, 0x5b, 0x32, 0x5d, 0x2e, 0x77, 0x29, 0x29, 0x20, 0x2a, 0x20, 0x5f, 0x31, 0x35, 0x37, // ct[2].w)) * _157
	0x2c, 0x20, 0x5f, 0x31, 0x35, 0x37, 0x29, 0x3b, 0x0a, 0x20, 0x20, 0x20, 0x20, 0x20, 0x20, 0x20, // , _157);.       
	0x20, 0x20, 0x20, 0x20, 0x20, 0x7d, 0x0a, 0x20, 0x20, 0x20, 0x20, 0x20, 0x20, 0x20, 0x20, 0x20, //      }.         
	0x20, 0x20, 0x20, 0x65, 0x6c, 0x73, 0x65, 0x0a, 0x20, 0x20, 0x20, 0x20, 0x20, 0x20, 0x20, 0x20, //    else.        
	0x20, 0x20, 0x20, 0x20, 0x7b, 0x0a, 0x20, 0x20, 0x20, 0x20, 0x20, 0x20, 0x20, 0x20, 0x20, 0x20, //     {.          
	0x20, 0x20, 0x20, 0x20, 0x20, 0x20, 0x76, 0x65, 0x63, 0x34, 0x20, 0x5f, 0x32, 0x31, 0x39, 0x20, //       vec4 _219 
	0x3d, 0x20, 0x74, 0x65, 0x78, 0x74, 0x75, 0x72, 0x65, 0x28, 0x73, 0x5f, 0x74, 0x65, 0x78, 0x2c, // = texture(s_tex,
	0x20, 0x76, 0x5f, 0x75, 0x76, 0x20, 0x2b, 0x20, 0x75, 0x5f, 0x65, 0x66, 0x66, 0x65, 0x63, 0x74, //  v_uv + u_effect
	0x5b, 0x31, 0x5d, 0x2e, 0x78, 0x79, 0x29, 0x3b, 0x0a, 0x20, 0x20, 0x20, 0x20, 0x20, 0x20, 0x20, // [1].xy);.       
	0x20, 0x20, 0x20, 0x20, 0x20, 0x20, 0x20, 0x20, 0x20, 0x66, 0x6c, 0x6f, 0x61, 0x74, 0x20, 0x5f, //          float _
	0x32, 0x32, 0x30, 0x20, 0x3d, 0x20, 0x5f, 0x32, 0x31, 0x39, 0x2e, 0x77, 0x3b, 0x0a, 0x20, 0x20, // 220 = _219.w;.  
	0x20, 0x20, 0x20, 0x20, 0x20, 0x20, 0x20, 0x20, 0x20, 0x20, 0x20, 0x20, 0x20, 0x20, 0x62, 0x67, //               bg
	0x66, 0x78, 0x5f, 0x46, 0x72, 0x61, 0x67, 0x43, 0x6f, 0x6c, 0x6f, 0x72, 0x20, 0x3d, 0x20, 0x76, // fx_FragColor = v
	0x65, 0x63, 0x34, 0x28, 0x75, 0x5f, 0x65, 0x66, 0x66, 0x65, 0x63, 0x74, 0x5b, 0x30, 0x5d, 0x2e, // ec4(u_effect[0].
	0x78, 0x79, 0x7a, 0x20, 0x2a, 0x20, 0x5f, 0x32, 0x32, 0x30, 0x2c, 0x20, 0x75, 0x5f, 0x65, 0x66, // xyz * _220, u_ef
	0x66, 0x65, 0x63, 0x74, 0x5b, 0x30, 0x5d, 0x2e, 0x77, 0x20, 0x2a, 0x20, 0x5f, 0x32, 0x32, 0x30, // fect[0].w * _220
	0x29, 0x3b, 0x0a, 0x20, 0x20, 0x20, 0x20, 0x20, 0x20, 0x20, 0x20, 0x20, 0x20, 0x20, 0x20, 0x7d, // );.            }
	0x0a, 0x20, 0x20, 0x20, 0x20, 0x20, 0x20, 0x20, 0x20, 0x7d, 0x0a, 0x20, 0x20, 0x20, 0x20, 0x7d, // .        }.    }
	0x0a, 0x7d, 0x0a, 0x0a, 0x00,                                                                   // .}...
};
static const uint8_t fs_effect_essl[1885] =
{
	0x46, 0x53, 0x48, 0x0c, 0x29, 0x3e, 0x5c, 0xd3, 0x00, 0x00, 0x00, 0x00, 0x00, 0x00, 0x00, 0x00, // FSH.)>..........
	0x00, 0x00, 0x00, 0x00, 0x03, 0x00, 0x07, 0x75, 0x5f, 0x63, 0x6f, 0x6c, 0x6f, 0x72, 0x02, 0x01, // .......u_color..
	0x00, 0x00, 0x01, 0x00, 0x00, 0x00, 0x00, 0x00, 0x08, 0x75, 0x5f, 0x65, 0x66, 0x66, 0x65, 0x63, // .........u_effec
	0x74, 0x02, 0x03, 0x00, 0x00, 0x03, 0x00, 0x00, 0x00, 0x00, 0x00, 0x05, 0x73, 0x5f, 0x74, 0x65, // t...........s_te
	0x78, 0x00, 0x01, 0x00, 0x00, 0x01, 0x00, 0x00, 0x02, 0x00, 0x00, 0x0d, 0x07, 0x00, 0x00, 0x70, // x..............p
	0x72, 0x65, 0x63, 0x69, 0x73, 0x69, 0x6f, 0x6e, 0x20, 0x6d, 0x65, 0x64, 0x69, 0x75, 0x6d, 0x70, // recision mediump
	0x20, 0x66, 0x6c, 0x6f, 0x61, 0x74, 0x3b, 0x0a, 0x70, 0x72, 0x65, 0x63, 0x69, 0x73, 0x69, 0x6f, //  float;.precisio
	0x6e, 0x20, 0x68, 0x69, 0x67, 0x68, 0x70, 0x20, 0x69, 0x6e, 0x74, 0x3b, 0x0a, 0x0a, 0x75, 0x6e, // n highp int;..un
	0x69, 0x66, 0x6f, 0x72, 0x6d, 0x20, 0x68, 0x69, 0x67, 0x68, 0x70, 0x20, 0x76, 0x65, 0x63, 0x34, // iform highp vec4
	0x20, 0x75, 0x5f, 0x63, 0x6f, 0x6c, 0x6f, 0x72, 0x3b, 0x0a, 0x75, 0x6e, 0x69, 0x66, 0x6f, 0x72, //  u_color;.unifor
	0x6d, 0x20, 0x68, 0x69, 0x67, 0x68, 0x70, 0x20, 0x73, 0x61, 0x6d, 0x70, 0x6c, 0x65, 0x72, 0x32, // m highp sampler2
	0x44, 0x20, 0x73, 0x5f, 0x74, 0x65, 0x78, 0x3b, 0x0a, 0x75, 0x6e, 0x69, 0x66, 0x6f, 0x72, 0x6d, // D s_tex;.uniform
	0x20, 0x68, 0x69, 0x67, 0x68, 0x70, 0x20, 0x76, 0x65, 0x63, 0x34, 0x20, 0x75, 0x5f, 0x65, 0x66, //  highp vec4 u_ef
	0x66, 0x65, 0x63, 0x74, 0x5b, 0x33, 0x5d, 0x3b, 0x0a, 0x0a, 0x69, 0x6e, 0x20, 0x68, 0x69, 0x67, // fect[3];..in hig
	0x68, 0x70, 0x20, 0x76, 0x65, 0x63, 0x32, 0x20, 0x76, 0x5f, 0x75, 0x76, 0x3b, 0x0a, 0x6c, 0x61, // hp vec2 v_uv;.la
	0x79, 0x6f, 0x75, 0x74, 0x28, 0x6c, 0x6f, 0x63, 0x61, 0x74, 0x69, 0x6f, 0x6e, 0x20, 0x3d, 0x20, // yout(location = 
	0x30, 0x29, 0x20, 0x6f, 0x75, 0x74, 0x20, 0x68, 0x69, 0x67, 0x68, 0x70, 0x20, 0x76, 0x65, 0x63, // 0) out highp vec
	0x34, 0x20, 0x62, 0x67, 0x66, 0x78, 0x5f, 0x46, 0x72, 0x61, 0x67, 0x43, 0x6f, 0x6c, 0x6f, 0x72, // 4 bgfx_FragColor
	0x3b, 0x0a, 0x0a, 0x76, 0x6f, 0x69, 0x64, 0x20, 0x6d, 0x61, 0x69, 0x6e, 0x28, 0x29, 0x0a, 0x7b, // ;..void main().{
	0x0a, 0x20, 0x20, 0x20, 0x20, 0x68, 0x69, 0x67, 0x68, 0x70, 0x20, 0x76, 0x65, 0x63, 0x34, 0x20, // .    highp vec4 
	0x5f, 0x34, 0x32, 0x20, 0x3d, 0x20, 0x74, 0x65, 0x78, 0x74, 0x75, 0x72, 0x65, 0x28, 0x73, 0x5f, // _42 = texture(s_
	0x74, 0x65, 0x78, 0x2c, 0x20, 0x76, 0x5f, 0x75, 0x76, 0x29, 0x3b, 0x0a, 0x20, 0x20, 0x20, 0x20, // tex, v_uv);.    
	0x69, 0x66, 0x20, 0x28, 0x75, 0x5f, 0x63, 0x6f, 0x6c, 0x6f, 0x72, 0x2e, 0x78, 0x20, 0x3c, 0x20, // if (u_color.x < 
	0x30, 0x2e, 0x35, 0x29, 0x0a, 0x20, 0x20, 0x20, 0x20, 0x7b, 0x0a, 0x20, 0x20, 0x20, 0x20, 0x20, // 0.5).    {.     
	0x20, 0x20, 0x20, 0x68, 0x69, 0x67, 0x68, 0x70, 0x20, 0x66, 0x6c, 0x6f, 0x61, 0x74, 0x20, 0x5f, //    highp float _
	0x36, 0x33, 0x20, 0x3d, 0x20, 0x5f, 0x34, 0x32, 0x2e, 0x77, 0x20, 0x2a, 0x20, 0x75, 0x5f, 0x65, // 63 = _42.w * u_e
	0x66, 0x66, 0x65, 0x63, 0x74, 0x5b, 0x30, 0x5d, 0x2e, 0x77, 0x3b, 0x0a, 0x20, 0x20, 0x20, 0x20, // ffect[0].w;.    
	0x20, 0x20, 0x20, 0x20, 0x62, 0x67, 0x66, 0x78, 0x5f, 0x46, 0x72, 0x61, 0x67, 0x43, 0x6f, 0x6c, //     bgfx_FragCol
	0x6f, 0x72, 0x20, 0x3d, 0x20, 0x76, 0x65, 0x63, 0x34, 0x28, 0x75, 0x5f, 0x65, 0x66, 0x66, 0x65, // or = vec4(u_effe
	0x63, 0x74, 0x5b, 0x30, 0x5d, 0x2e, 0x78, 0x79, 0x7a, 0x20, 0x2a, 0x20, 0x5f, 0x36, 0x33, 0x2c, // ct[0].xyz * _63,
	0x20, 0x5f, 0x36, 0x33, 0x29, 0x3b, 0x0a, 0x20, 0x20, 0x20, 0x20, 0x7d, 0x0a, 0x20, 0x20, 0x20, //  _63);.    }.   
	0x20, 0x65, 0x6c, 0x73, 0x65, 0x0a, 0x20, 0x20, 0x20, 0x20, 0x7b, 0x0a, 0x20, 0x20, 0x20, 0x20, //  else.    {.    
	0x20, 0x20, 0x20, 0x20, 0x69, 0x66, 0x20, 0x28, 0x75, 0x5f, 0x63, 0x6f, 0x6c, 0x6f, 0x72, 0x2e, //     if (u_color.
	0x78, 0x20, 0x3c, 0x20, 0x31, 0x2e, 0x35, 0x29, 0x0a, 0x20, 0x20, 0x20, 0x20, 0x20, 0x20, 0x20, // x < 1.5).       
	0x20, 0x7b, 0x0a, 0x20, 0x20, 0x20, 0x20, 0x20, 0x20, 0x20, 0x20, 0x20, 0x20, 0x20, 0x20, 0x68, //  {.            h
	0x69, 0x67, 0x68, 0x70, 0x20, 0x66, 0x6c, 0x6f, 0x61, 0x74, 0x20, 0x5f, 0x39, 0x37, 0x20, 0x3d, // ighp float _97 =
	0x20, 0x5f, 0x34, 0x32, 0x2e, 0x77, 0x3b, 0x0a, 0x20, 0x20, 0x20, 0x20, 0x20, 0x20, 0x20, 0x20, //  _42.w;.        
	0x20, 0x20, 0x20, 0x20, 0x68, 0x69, 0x67, 0x68, 0x70, 0x20, 0x76, 0x65, 0x63, 0x33, 0x20, 0x5f, //     highp vec3 _
	0x31, 0x30, 0x31, 0x20, 0x3d, 0x20, 0x5f, 0x34, 0x32, 0x2e, 0x78, 0x79, 0x7a, 0x20, 0x2f, 0x20, // 101 = _42.xyz / 
	0x76, 0x65, 0x63, 0x33, 0x28, 0x6d, 0x61, 0x78, 0x28, 0x5f, 0x39, 0x37, 0x2c, 0x20, 0x39, 0x2e, // vec3(max(_97, 9.
	0x39, 0x39, 0x39, 0x39, 0x39, 0x39, 0x39, 0x37, 0x34, 0x37, 0x35, 0x32, 0x34, 0x32, 0x37, 0x30, // 9999999747524270
	0x37, 0x38, 0x37, 0x38, 0x33, 0x35, 0x31, 0x32, 0x31, 0x31, 0x35, 0x34, 0x37, 0x38, 0x35, 0x65, // 787835121154785e
	0x2d, 0x30, 0x37, 0x29, 0x29, 0x3b, 0x0a, 0x20, 0x20, 0x20, 0x20, 0x20, 0x20, 0x20, 0x20, 0x20, // -07));.         
	0x20, 0x20, 0x20, 0x62, 0x67, 0x66, 0x78, 0x5f, 0x46, 0x72, 0x61, 0x67, 0x43, 0x6f, 0x6c, 0x6f, //    bgfx_FragColo
	0x72, 0x20, 0x3d, 0x20, 0x76, 0x65, 0x63, 0x34, 0x28, 0x6d, 0x69, 0x78, 0x28, 0x5f, 0x31, 0x30, // r = vec4(mix(_10
	0x31, 0x2c, 0x20, 0x75, 0x5f, 0x65, 0x66, 0x66, 0x65, 0x63, 0x74, 0x5b, 0x30, 0x5d, 0x2e, 0x78, // 1, u_effect[0].x
	0x79, 0x7a, 0x20, 0x2b, 0x20, 0x28, 0x28, 0x75, 0x5f, 0x65, 0x66, 0x66, 0x65, 0x63, 0x74, 0x5b, // yz + ((u_effect[
	0x31, 0x5d, 0x2e, 0x78, 0x79, 0x7a, 0x20, 0x2d, 0x20, 0x75, 0x5f, 0x65, 0x66, 0x66, 0x65, 0x63, // 1].xyz - u_effec
	0x74, 0x5b, 0x30, 0x5d, 0x2e, 0x78, 0x79, 0x7a, 0x29, 0x20, 0x2a, 0x20, 0x63, 0x6c, 0x61, 0x6d, // t[0].xyz) * clam
	0x70, 0x28, 0x64, 0x6f, 0x74, 0x28, 0x5f, 0x31, 0x30, 0x31, 0x2c, 0x20, 0x76, 0x65, 0x63, 0x33, // p(dot(_101, vec3
	0x28, 0x30, 0x2e, 0x32, 0x31, 0x32, 0x35, 0x39, 0x39, 0x39, 0x39, 0x32, 0x37, 0x35, 0x32, 0x30, // (0.2125999927520
	0x37, 0x35, 0x31, 0x39, 0x35, 0x33, 0x31, 0x32, 0x35, 0x2c, 0x20, 0x30, 0x2e, 0x37, 0x31, 0x35, // 751953125, 0.715
	0x32, 0x30, 0x30, 0x30, 0x30, 0x36, 0x39, 0x36, 0x31, 0x38, 0x32, 0x32, 0x35, 0x30, 0x39, 0x37, // 2000069618225097
	0x36, 0x35, 0x36, 0x32, 0x35, 0x2c, 0x20, 0x30, 0x2e, 0x30, 0x37, 0x32, 0x32, 0x30, 0x30, 0x30, // 65625, 0.0722000
	0x30, 0x30, 0x32, 0x38, 0x36, 0x31, 0x30, 0x32, 0x32, 0x39, 0x34, 0x39, 0x32, 0x31, 0x38, 0x37, // 0028610229492187
	0x35, 0x29, 0x29, 0x2c, 0x20, 0x30, 0x2e, 0x30, 0x2c, 0x20, 0x31, 0x2e, 0x30, 0x29, 0x29, 0x2c, // 5)), 0.0, 1.0)),
	0x20, 0x76, 0x65, 0x63, 0x33, 0x28, 0x75, 0x5f, 0x65, 0x66, 0x66, 0x65, 0x63, 0x74, 0x5b, 0x30, //  vec3(u_effect[0
	0x5d, 0x2e, 0x77, 0x29, 0x29, 0x20, 0x2a, 0x20, 0x5f, 0x39, 0x37, 0x2c, 0x20, 0x5f, 0x39, 0x37, // ].w)) * _97, _97
	0x29, 0x3b, 0x0a, 0x20, 0x20, 0x20, 0x20, 0x20, 0x20, 0x20, 0x20, 0x7d, 0x0a, 0x20, 0x20, 0x20, // );.        }.   
	0x20, 0x20, 0x20, 0x20, 0x20, 0x65, 0x6c, 0x73, 0x65, 0x0a, 0x20, 0x20, 0x20, 0x20, 0x20, 0x20, //      else.      
	0x20, 0x20, 0x7b, 0x0a, 0x20, 0x20, 0x20, 0x20, 0x20, 0x20, 0x20, 0x20, 0x20, 0x20, 0x20, 0x20, //   {.            
	0x69, 0x66, 0x20, 0x28, 0x75, 0x5f, 0x63, 0x6f, 0x6c, 0x6f, 0x72, 0x2e, 0x78, 0x20, 0x3c, 0x20, // if (u_color.x < 
	0x32, 0x2e, 0x35, 0x29, 0x0a, 0x20, 0x20, 0x20, 0x20, 0x20, 0x20, 0x20, 0x20, 0x20, 0x20, 0x20, // 2.5).           
	0x20, 0x7b, 0x0a, 0x20, 0x20, 0x20, 0x20, 0x20, 0x20, 0x20, 0x20, 0x20, 0x20, 0x20, 0x20, 0x20, //  {.             
	0x20, 0x20, 0x20, 0x68, 0x69, 0x67, 0x68, 0x70, 0x20, 0x66, 0x6c, 0x6f, 0x61, 0x74, 0x20, 0x5f, //    highp float _
	0x31, 0x35, 0x37, 0x20, 0x3d, 0x20, 0x5f, 0x34, 0x32, 0x2e, 0x77, 0x3b, 0x0a, 0x20, 0x20, 0x20, // 157 = _42.w;.   
	0x20, 0x20, 0x20, 0x20, 0x20, 0x20, 0x20, 0x20, 0x20, 0x20, 0x20, 0x20, 0x20, 0x68, 0x69, 0x67, //              hig
	0x68, 0x70, 0x20, 0x76, 0x65, 0x63, 0x33, 0x20, 0x5f, 0x31, 0x36, 0x30, 0x20, 0x3d, 0x20, 0x5f, // hp vec3 _160 = _
	0x34, 0x32, 0x2e, 0x78, 0x79, 0x7a, 0x20, 0x2f, 0x20, 0x76, 0x65, 0x63, 0x33, 0x28, 0x6d, 0x61, // 42.xyz / vec3(ma
	0x78, 0x28, 0x5f, 0x31, 0x35, 0x37, 0x2c, 0x20, 0x39, 0x2e, 0x39, 0x39, 0x39, 0x39, 0x39, 0x39, // x(_157, 9.999999
	0x39, 0x37, 0x34, 0x37, 0x35, 0x32, 0x34, 0x32, 0x37, 0x30, 0x37, 0x38, 0x37, 0x38, 0x33, 0x35, // 9747524270787835
	0x31, 0x32, 0x31, 0x31, 0x35, 0x34, 0x37, 0x38, 0x35, 0x65, 0x2d, 0x30, 0x37, 0x29, 0x29, 0x3b, // 121154785e-07));
	0x0a, 0x20, 0x20, 0x20, 0x20, 0x20, 0x20, 0x20, 0x20, 0x20, 0x20, 0x20, 0x20, 0x20, 0x20, 0x20, // .               
	0x20, 0x68, 0x69, 0x67, 0x68, 0x70, 0x20, 0x66, 0x6c, 0x6f, 0x61, 0x74, 0x20, 0x5f, 0x31, 0x36, //  highp float _16
	0x35, 0x20, 0x3d, 0x20, 0x63, 0x6c, 0x61, 0x6d, 0x70, 0x28, 0x64, 0x6f, 0x74, 0x28, 0x5f, 0x31, // 5 = clamp(dot(_1
	0x36, 0x30, 0x2c, 0x20, 0x76, 0x65, 0x63, 0x33, 0x28, 0x30, 0x2e, 0x32, 0x31, 0x32, 0x35, 0x39, // 60, vec3(0.21259
	0x39, 0x39, 0x39, 0x32, 0x37, 0x35, 0x32, 0x30, 0x37, 0x35, 0x31, 0x39, 0x35, 0x33, 0x31, 0x32, // 9992752075195312
	0x35, 0x2c, 0x20, 0x30, 0x2e, 0x37, 0x31, 0x35, 0x32, 0x30, 0x30, 0x30, 0x30, 0x36, 0x39, 0x36, // 5, 0.71520000696
	0x31, 0x38, 0x32, 0x32, 0x35, 0x30, 0x39, 0x37, 0x36, 0x35, 0x36, 0x32, 0x35, 0x2c, 0x20, 0x30, // 1822509765625, 0
	0x2e, 0x30, 0x37, 0x32, 0x32, 0x30, 0x30, 0x30, 0x30, 0x30, 0x32, 0x38, 0x36, 0x31, 0x30, 0x32, // .072200000286102
	0x32, 0x39, 0x34, 0x39, 0x32, 0x31, 0x38, 0x37, 0x35, 0x29, 0x29, 0x2c, 0x20, 0x30, 0x2e, 0x30, // 294921875)), 0.0
	0x2c, 0x20, 0x31, 0x2e, 0x30, 0x29, 0x3b, 0x0a, 0x20, 0x20, 0x20, 0x20, 0x20, 0x20, 0x20, 0x20, // , 1.0);.        
	0x20, 0x20, 0x20, 0x20, 0x20, 0x20, 0x20, 0x20, 0x68, 0x69, 0x67, 0x68, 0x70, 0x20, 0x66, 0x6c, //         highp fl
	0x6f, 0x61, 0x74, 0x20, 0x5f, 0x31, 0x37, 0x31, 0x20, 0x3d, 0x20, 0x5f, 0x31, 0x36, 0x35, 0x20, // oat _171 = _165 
	0x2a, 0x20, 0x32, 0x2e, 0x30, 0x3b, 0x0a, 0x20, 0x20, 0x20, 0x20, 0x20, 0x20, 0x20, 0x20, 0x20, // * 2.0;.         
	0x20, 0x20, 0x20, 0x20, 0x20, 0x20, 0x20, 0x62, 0x67, 0x66, 0x78, 0x5f, 0x46, 0x72, 0x61, 0x67, //        bgfx_Frag
	0x43, 0x6f, 0x6c, 0x6f, 0x72, 0x20, 0x3d, 0x20, 0x76, 0x65, 0x63, 0x34, 0x28, 0x6d, 0x69, 0x78, // Color = vec4(mix
	0x28, 0x5f, 0x31, 0x36, 0x30, 0x2c, 0x20, 0x6d, 0x69, 0x78, 0x28, 0x6d, 0x69, 0x78, 0x28, 0x75, // (_160, mix(mix(u
	0x5f, 0x65, 0x66, 0x66, 0x65, 0x63, 0x74, 0x5b, 0x30, 0x5d, 0x2e, 0x78, 0x79, 0x7a, 0x2c, 0x20, // _effect[0].xyz, 
	0x75, 0x5f, 0x65, 0x66, 0x66, 0x65, 0x63, 0x74, 0x5b, 0x31, 0x5d, 0x2e, 0x78, 0x79, 0x7a, 0x2c, // u_effect[1].xyz,
	0x20, 0x76, 0x65, 0x63, 0x33, 0x28, 0x63, 0x6c, 0x61, 0x6d, 0x70, 0x28, 0x5f, 0x31, 0x37, 0x31, //  vec3(clamp(_171
	0x2c, 0x20, 0x30, 0x2e, 0x30, 0x2c, 0x20, 0x31, 0x2e, 0x30, 0x29, 0x29, 0x29, 0x2c, 0x20, 0x6d, // , 0.0, 1.0))), m
	0x69, 0x78, 0x28, 0x75, 0x5f, 0x65, 0x66, 0x66, 0x65, 0x63, 0x74, 0x5b, 0x31, 0x5d, 0x2e, 0x78, // ix(u_effect[1].x
	0x79, 0x7a, 0x2c, 0x20, 0x75, 0x5f, 0x65, 0x66, 0x66, 0x65, 0x63, 0x74, 0x5b, 0x32, 0x5d, 0x2e, // yz, u_effect[2].
	0x78, 0x79, 0x7a, 0x2c, 0x20, 0x76, 0x65, 0x63, 0x33, 0x28, 0x63, 0x6c, 0x61, 0x6d, 0x70, 0x28, // xyz, vec3(clamp(
	0x5f, 0x31, 0x37, 0x31, 0x20, 0x2d, 0x20, 0x31, 0x2e, 0x30, 0x2c, 0x20, 0x30, 0x2e, 0x30, 0x2c, // _171 - 1.0, 0.0,
	0x20, 0x31, 0x2e, 0x30, 0x29, 0x29, 0x29, 0x2c, 0x20, 0x76, 0x65, 0x63, 0x33, 0x28, 0x73, 0x74, //  1.0))), vec3(st
	0x65, 0x70, 0x28, 0x30, 0x2e, 0x35, 0x2c, 0x20, 0x5f, 0x31, 0x36, 0x35, 0x29, 0x29, 0x29, 0x2c, // ep(0.5, _165))),
	0x20, 0x76, 0x65, 0x63, 0x33, 0x28, 0x75, 0x5f, 0x65, 0x66, 0x66, 0x65, 0x63, 0x74, 0x5b, 0x32, //  vec3(u_effect[2
	0x5d, 0x2e, 0x77, 0x29, 0x29, 0x20, 0x2a, 0x20, 0x5f, 0x31, 0x35, 0x37, 0x2c, 0x20, 0x5f, 0x31, // ].w)) * _157, _1
	0x35, 0x37, 0x29, 0x3b, 0x0a, 0x20, 0x20, 0x20, 0x20, 0x20, 0x20, 0x20, 0x20, 0x20, 0x20, 0x20, // 57);.           
	0x20, 0x7d, 0x0a, 0x20, 0x20, 0x20, 0x20, 0x20, 0x20, 0x20, 0x20, 0x20, 0x20, 0x20, 0x20, 0x65, //  }.            e
	0x6c, 0x73, 0x65, 0x0a, 0x20, 0x20, 0x20, 0x20, 0x20, 0x20, 0x20, 0x20, 0x20, 0x20, 0x20, 0x20, // lse.            
	0x7b, 0x0a, 0x20, 0x20, 0x20, 0x20, 0x20, 0x20, 0x20, 0x20, 0x20, 0x20, 0x20, 0x20, 0x20, 0x20, // {.              
	0x20, 0x20, 0x68, 0x69, 0x67, 0x68, 0x70, 0x20, 0x76, 0x65, 0x63, 0x34, 0x20, 0x5f, 0x32, 0x31, //   highp vec4 _21
	0x39, 0x20, 0x3d, 0x20, 0x74, 0x65, 0x78, 0x74, 0x75, 0x72, 0x65, 0x28, 0x73, 0x5f, 0x74, 0x65, // 9 = texture(s_te
	0x78, 0x2c, 0x20, 0x76, 0x5f, 0x75, 0x76, 0x20, 0x2b, 0x20, 0x75, 0x5f, 0x65, 0x66, 0x66, 0x65, // x, v_uv + u_effe
	0x63, 0x74, 0x5b, 0x31, 0x5d, 0x2e, 0x78, 0x79, 0x29, 0x3b, 0x0a, 0x20, 0x20, 0x20, 0x20, 0x20, // ct[1].xy);.     
	0x20, 0x20, 0x20, 0x20, 0x20, 0x20, 0x20, 0x20, 0x20, 0x20, 0x20, 0x68, 0x69, 0x67, 0x68, 0x70, //            highp
	0x20, 0x66, 0x6c, 0x6f, 0x61, 0x74, 0x20, 0x5f, 0x32, 0x32, 0x30, 0x20, 0x3d, 0x20, 0x5f, 0x32, //  float _220 = _2
	0x31, 0x39, 0x2e, 0x77, 0x3b, 0x0a, 0x20, 0x20, 0x20, 0x20, 0x20, 0x20, 0x20, 0x20, 0x20, 0x20, // 19.w;.          
	0x20, 0x20, 0x20, 0x20, 0x20, 0x20, 0x62, 0x67, 0x66, 0x78, 0x5f, 0x46, 0x72, 0x61, 0x67, 0x43, //       bgfx_FragC
	0x6f, 0x6c, 0x6f, 0x72, 0x20, 0x3d, 0x20, 0x76, 0x65, 0x63, 0x34, 0x28, 0x75, 0x5f, 0x65, 0x66, // olor = vec4(u_ef
	0x66, 0x65, 0x63, 0x74, 0x5b, 0x30, 0x5d, 0x2e, 0x78, 0x79, 0x7a, 0x20, 0x2a, 0x20, 0x5f, 0x32, // fect[0].xyz * _2
	0x32, 0x30, 0x2c, 0x20, 0x75, 0x5f, 0x65, 0x66, 0x66, 0x65, 0x63, 0x74, 0x5b, 0x30, 0x5d, 0x2e, // 20, u_effect[0].
	0x77, 0x20, 0x2a, 0x20, 0x5f, 0x32, 0x32, 0x30, 0x29, 0x3b, 0x0a, 0x20, 0x20, 0x20, 0x20, 0x20, // w * _220);.     
	0x20, 0x20, 0x20, 0x20, 0x20, 0x20, 0x20, 0x7d, 0x0a, 0x20, 0x20, 0x20, 0x20, 0x20, 0x20, 0x20, //        }.       
	0x20, 0x7d, 0x0a, 0x20, 0x20, 0x20, 0x20, 0x7d, 0x0a, 0x7d, 0x0a, 0x0a, 0x00,                   //  }.    }.}...
};
static const uint8_t fs_effect_spv[3863] =
{
	0x46, 0x53, 0x48, 0x0c, 0x29, 0x3e, 0x5c, 0xd3, 0x00, 0x00, 0x00, 0x00, 0x00, 0x00, 0x00, 0x00, // FSH.)>..........
	0x00, 0x00, 0x00, 0x00, 0x03, 0x00, 0x07, 0x75, 0x5f, 0x63, 0x6f, 0x6c, 0x6f, 0x72, 0x12, 0x01, // .......u_color..
	0x00, 0x00, 0x01, 0x00, 0x00, 0x00, 0x00, 0x00, 0x08, 0x75, 0x5f, 0x65, 0x66, 0x66, 0x65, 0x63, // .........u_effec
	0x74, 0x12, 0x03, 0x10, 0x00, 0x03, 0x00, 0x00, 0x00, 0x00, 0x00, 0x05, 0x73, 0x5f, 0x74, 0x65, // t...........s_te
	0x78, 0x30, 0x00, 0x03, 0x00, 0x00, 0x00, 0x00, 0x02, 0x29, 0x00, 0xc4, 0x0e, 0x00, 0x00, 0x03, // x0.......)......
	0x02, 0x23, 0x07, 0x00, 0x00, 0x01, 0x00, 0x0b, 0x00, 0x08, 0x00, 0x7b, 0x02, 0x00, 0x00, 0x00, // .#.........{....
	0x00, 0x00, 0x00, 0x11, 0x00, 0x02, 0x00, 0x01, 0x00, 0x00, 0x00, 0x0b, 0x00, 0x06, 0x00, 0x01, // ................
	0x00, 0x00, 0x00, 0x47, 0x4c, 0x53, 0x4c, 0x2e, 0x73, 0x74, 0x64, 0x2e, 0x34, 0x35, 0x30, 0x00, // ...GLSL.std.450.
	0x00, 0x00, 0x00, 0x0e, 0x00, 0x03, 0x00, 0x00, 0x00, 0x00, 0x00, 0x01, 0x00, 0x00, 0x00, 0x0f, // ................
	0x00, 0x07, 0x00, 0x04, 0x00, 0x00, 0x00, 0x04, 0x00, 0x00, 0x00, 0x6d, 0x61, 0x69, 0x6e, 0x00, // ...........main.
	0x00, 0x00, 0x00, 0x3d, 0x01, 0x00, 0x00, 0x4c, 0x01, 0x00, 0x00, 0x10, 0x00, 0x03, 0x00, 0x04, // ...=...L........
	0x00, 0x00, 0x00, 0x07, 0x00, 0x00, 0x00, 0x03, 0x00, 0x03, 0x00, 0x05, 0x00, 0x00, 0x00, 0xf4, // ................
	0x01, 0x00, 0x00, 0x05, 0x00, 0x04, 0x00, 0x04, 0x00, 0x00, 0x00, 0x6d, 0x61, 0x69, 0x6e, 0x00, // ...........main.
	0x00, 0x00, 0x00, 0x05, 0x00, 0x06, 0x00, 0x30, 0x00, 0x00, 0x00, 0x73, 0x5f, 0x74, 0x65, 0x78, // .......0...s_tex
	0x53, 0x61, 0x6d, 0x70, 0x6c, 0x65, 0x72, 0x00, 0x00, 0x00, 0x00, 0x05, 0x00, 0x06, 0x00, 0x33, // Sampler........3
	0x00, 0x00, 0x00, 0x73, 0x5f, 0x74, 0x65, 0x78, 0x54, 0x65, 0x78, 0x74, 0x75, 0x72, 0x65, 0x00, // ...s_texTexture.
	0x00, 0x00, 0x00, 0x05, 0x00, 0x06, 0x00, 0x5f, 0x00, 0x00, 0x00, 0x55, 0x6e, 0x69, 0x66, 0x6f, // ......._...Unifo
	0x72, 0x6d, 0x42, 0x6c, 0x6f, 0x63, 0x6b, 0x00, 0x00, 0x00, 0x00, 0x06, 0x00, 0x05, 0x00, 0x5f, // rmBlock........_
	0x00, 0x00, 0x00, 0x00, 0x00, 0x00, 0x00, 0x75, 0x5f, 0x63, 0x6f, 0x6c, 0x6f, 0x72, 0x00, 0x06, // .......u_color..
	0x00, 0x06, 0x00, 0x5f, 0x00, 0x00, 0x00, 0x01, 0x00, 0x00, 0x00, 0x75, 0x5f, 0x65, 0x66, 0x66, // ..._.......u_eff
	0x65, 0x63, 0x74, 0x00, 0x00, 0x00, 0x00, 0x05, 0x00, 0x03, 0x00, 0x61, 0x00, 0x00, 0x00, 0x00, // ect........a....
	0x00, 0x00, 0x00, 0x05, 0x00, 0x04, 0x00, 0x3d, 0x01, 0x00, 0x00, 0x76, 0x5f, 0x75, 0x76, 0x00, // .......=...v_uv.
	0x00, 0x00, 0x00, 0x05, 0x00, 0x06, 0x00, 0x4c, 0x01, 0x00, 0x00, 0x62, 0x67, 0x66, 0x78, 0x5f, // .......L...bgfx_
	0x46, 0x72, 0x61, 0x67, 0x44, 0x61, 0x74, 0x61, 0x30, 0x00, 0x00, 0x47, 0x00, 0x04, 0x00, 0x30, // FragData0..G...0
	0x00, 0x00, 0x00, 0x21, 0x00, 0x00, 0x00, 0x13, 0x00, 0x00, 0x00, 0x47, 0x00, 0x04, 0x00, 0x30, // ...!.......G...0
	0x00, 0x00, 0x00, 0x22, 0x00, 0x00, 0x00, 0x00, 0x00, 0x00, 0x00, 0x47, 0x00, 0x04, 0x00, 0x33, // ...".......G...3
	0x00, 0x00, 0x00, 0x21, 0x00, 0x00, 0x00, 0x03, 0x00, 0x00, 0x00, 0x47, 0x00, 0x04, 0x00, 0x33, // ...!.......G...3
	0x00, 0x00, 0x00, 0x22, 0x00, 0x00, 0x00, 0x00, 0x00, 0x00, 0x00, 0x47, 0x00, 0x04, 0x00, 0x5e, // ...".......G...^
	0x00, 0x00, 0x00, 0x06, 0x00, 0x00, 0x00, 0x10, 0x00, 0x00, 0x00, 0x47, 0x00, 0x03, 0x00, 0x5f, // ...........G..._
	0x00, 0x00, 0x00, 0x02, 0x00, 0x00, 0x00, 0x48, 0x00, 0x05, 0x00, 0x5f, 0x00, 0x00, 0x00, 0x00, // .......H..._....
	0x00, 0x00, 0x00, 0x23, 0x00, 0x00, 0x00, 0x00, 0x00, 0x00, 0x00, 0x48, 0x00, 0x05, 0x00, 0x5f, // ...#.......H..._
	0x00, 0x00, 0x00, 0x01, 0x00, 0x00, 0x00, 0x23, 0x00, 0x00, 0x00, 0x10, 0x00, 0x00, 0x00, 0x47, // .......#.......G
	0x00, 0x04, 0x00, 0x61, 0x00, 0x00, 0x00, 0x21, 0x00, 0x00, 0x00, 0x01, 0x00, 0x00, 0x00, 0x47, // ...a...!.......G
	0x00, 0x04, 0x00, 0x61, 0x00, 0x00, 0x00, 0x22, 0x00, 0x00, 0x00, 0x00, 0x00, 0x00, 0x00, 0x47, // ...a...".......G
	0x00, 0x04, 0x00, 0x3d, 0x01, 0x00, 0x00, 0x1e, 0x00, 0x00, 0x00, 0x02, 0x00, 0x00, 0x00, 0x47, // ...=...........G
	0x00, 0x04, 0x00, 0x4c, 0x01, 0x00, 0x00, 0x1e, 0x00, 0x00, 0x00, 0x00, 0x00, 0x00, 0x00, 0x13, // ...L............
	0x00, 0x02, 0x00, 0x02, 0x00, 0x00, 0x00, 0x21, 0x00, 0x03, 0x00, 0x03, 0x00, 0x00, 0x00, 0x02, // .......!........
	0x00, 0x00, 0x00, 0x1a, 0x00, 0x02, 0x00, 0x06, 0x00, 0x00, 0x00, 0x16, 0x00, 0x03, 0x00, 0x07, // ................
	0x00, 0x00, 0x00, 0x20, 0x00, 0x00, 0x00, 0x19, 0x00, 0x09, 0x00, 0x08, 0x00, 0x00, 0x00, 0x07, // ... ............
	0x00, 0x00, 0x00, 0x01, 0x00, 0x00, 0x00, 0x00, 0x00, 0x00, 0x00, 0x00, 0x00, 0x00, 0x00, 0x00, // ................
	0x00, 0x00, 0x00, 0x01, 0x00, 0x00, 0x00, 0x00, 0x00, 0x00, 0x00, 0x17, 0x00, 0x04, 0x00, 0x0b, // ................
	0x00, 0x00, 0x00, 0x07, 0x00, 0x00, 0x00, 0x02, 0x00, 0x00, 0x00, 0x17, 0x00, 0x04, 0x00, 0x0d, // ................
	0x00, 0x00, 0x00, 0x07, 0x00, 0x00, 0x00, 0x04, 0x00, 0x00, 0x00, 0x17, 0x00, 0x04, 0x00, 0x13, // ................
	0x00, 0x00, 0x00, 0x07, 0x00, 0x00, 0x00, 0x03, 0x00, 0x00, 0x00, 0x20, 0x00, 0x04, 0x00, 0x2f, // ........... .../
	0x00, 0x00, 0x00, 0x00, 0x00, 0x00, 0x00, 0x06, 0x00, 0x00, 0x00, 0x3b, 0x00, 0x04, 0x00, 0x2f, // ...........;.../
	0x00, 0x00, 0x00, 0x30, 0x00, 0x00, 0x00, 0x00, 0x00, 0x00, 0x00, 0x20, 0x00, 0x04, 0x00, 0x32, // ...0....... ...2
	0x00, 0x00, 0x00, 0x00, 0x00, 0x00, 0x00, 0x08, 0x00, 0x00, 0x00, 0x3b, 0x00, 0x04, 0x00, 0x32, // ...........;...2
	0x00, 0x00, 0x00, 0x33, 0x00, 0x00, 0x00, 0x00, 0x00, 0x00, 0x00, 0x15, 0x00, 0x04, 0x00, 0x36, // ...3...........6
	0x00, 0x00, 0x00, 0x20, 0x00, 0x00, 0x00, 0x01, 0x00, 0x00, 0x00, 0x2b, 0x00, 0x04, 0x00, 0x36, // ... .......+...6
	0x00, 0x00, 0x00, 0x37, 0x00, 0x00, 0x00, 0x01, 0x00, 0x00, 0x00, 0x2b, 0x00, 0x04, 0x00, 0x36, // ...7.......+...6
	0x00, 0x00, 0x00, 0x3b, 0x00, 0x00, 0x00, 0x00, 0x00, 0x00, 0x00, 0x1b, 0x00, 0x03, 0x00, 0x3f, // ...;...........?
	0x00, 0x00, 0x00, 0x08, 0x00, 0x00, 0x00, 0x2b, 0x00, 0x04, 0x00, 0x07, 0x00, 0x00, 0x00, 0x50, // .......+.......P
	0x00, 0x00, 0x00, 0xd0, 0xb3, 0x59, 0x3e, 0x2b, 0x00, 0x04, 0x00, 0x07, 0x00, 0x00, 0x00, 0x51, // .....Y>+.......Q
	0x00, 0x00, 0x00, 0x59, 0x17, 0x37, 0x3f, 0x2b, 0x00, 0x04, 0x00, 0x07, 0x00, 0x00, 0x00, 0x52, // ...Y.7?+.......R
	0x00, 0x00, 0x00, 0x98, 0xdd, 0x93, 0x3d, 0x2c, 0x00, 0x06, 0x00, 0x13, 0x00, 0x00, 0x00, 0x53, // ......=,.......S
	0x00, 0x00, 0x00, 0x50, 0x00, 0x00, 0x00, 0x51, 0x00, 0x00, 0x00, 0x52, 0x00, 0x00, 0x00, 0x2b, // ...P...Q...R...+
	0x00, 0x04, 0x00, 0x07, 0x00, 0x00, 0x00, 0x58, 0x00, 0x00, 0x00, 0x00, 0x00, 0x00, 0x00, 0x15, // .......X........
	0x00, 0x04, 0x00, 0x5c, 0x00, 0x00, 0x00, 0x20, 0x00, 0x00, 0x00, 0x00, 0x00, 0x00, 0x00, 0x2b, // ....... .......+
	0x00, 0x04, 0x00, 0x5c, 0x00, 0x00, 0x00, 0x5d, 0x00, 0x00, 0x00, 0x03, 0x00, 0x00, 0x00, 0x1c, // .......]........
	0x00, 0x04, 0x00, 0x5e, 0x00, 0x00, 0x00, 0x0d, 0x00, 0x00, 0x00, 0x5d, 0x00, 0x00, 0x00, 0x1e, // ...^.......]....
	0x00, 0x04, 0x00, 0x5f, 0x00, 0x00, 0x00, 0x0d, 0x00, 0x00, 0x00, 0x5e, 0x00, 0x00, 0x00, 0x20, // ..._.......^... 
	0x00, 0x04, 0x00, 0x60, 0x00, 0x00, 0x00, 0x02, 0x00, 0x00, 0x00, 0x5f, 0x00, 0x00, 0x00, 0x3b, // ...`......._...;
	0x00, 0x04, 0x00, 0x60, 0x00, 0x00, 0x00, 0x61, 0x00, 0x00, 0x00, 0x02, 0x00, 0x00, 0x00, 0x2b, // ...`...a.......+
	0x00, 0x04, 0x00, 0x5c, 0x00, 0x00, 0x00, 0x62, 0x00, 0x00, 0x00, 0x00, 0x00, 0x00, 0x00, 0x20, // .......b....... 
	0x00, 0x04, 0x00, 0x63, 0x00, 0x00, 0x00, 0x02, 0x00, 0x00, 0x00, 0x07, 0x00, 0x00, 0x00, 0x2b, // ...c...........+
	0x00, 0x04, 0x00, 0x07, 0x00, 0x00, 0x00, 0x6d, 0x00, 0x00, 0x00, 0x00, 0x00, 0x00, 0x3f, 0x14, // .......m......?.
	0x00, 0x02, 0x00, 0x6e, 0x00, 0x00, 0x00, 0x20, 0x00, 0x04, 0x00, 0x73, 0x00, 0x00, 0x00, 0x02, // ...n... ...s....
	0x00, 0x00, 0x00, 0x0d, 0x00, 0x00, 0x00, 0x2b, 0x00, 0x04, 0x00, 0x07, 0x00, 0x00, 0x00, 0x87, // .......+........
	0x00, 0x00, 0x00, 0x00, 0x00, 0xc0, 0x3f, 0x2b, 0x00, 0x04, 0x00, 0x07, 0x00, 0x00, 0x00, 0x9b, // ......?+........
	0x00, 0x00, 0x00, 0xbd, 0x37, 0x86, 0x35, 0x2b, 0x00, 0x04, 0x00, 0x07, 0x00, 0x00, 0x00, 0xa3, // ....7.5+........
	0x00, 0x00, 0x00, 0x00, 0x00, 0x80, 0x3f, 0x2b, 0x00, 0x04, 0x00, 0x07, 0x00, 0x00, 0x00, 0xc0, // ......?+........
	0x00, 0x00, 0x00, 0x00, 0x00, 0x20, 0x40, 0x2b, 0x00, 0x04, 0x00, 0x36, 0x00, 0x00, 0x00, 0xcd, // ..... @+...6....
	0x00, 0x00, 0x00, 0x02, 0x00, 0x00, 0x00, 0x2b, 0x00, 0x04, 0x00, 0x07, 0x00, 0x00, 0x00, 0xe3, // .......+........
	0x00, 0x00, 0x00, 0x00, 0x00, 0x00, 0x40, 0x20, 0x00, 0x04, 0x00, 0x39, 0x01, 0x00, 0x00, 0x01, // ......@ ...9....
	0x00, 0x00, 0x00, 0x0b, 0x00, 0x00, 0x00, 0x3b, 0x00, 0x04, 0x00, 0x39, 0x01, 0x00, 0x00, 0x3d, // .......;...9...=
	0x01, 0x00, 0x00, 0x01, 0x00, 0x00, 0x00, 0x20, 0x00, 0x04, 0x00, 0x4b, 0x01, 0x00, 0x00, 0x03, // ....... ...K....
	0x00, 0x00, 0x00, 0x0d, 0x00, 0x00, 0x00, 0x3b, 0x00, 0x04, 0x00, 0x4b, 0x01, 0x00, 0x00, 0x4c, // .......;...K...L
	0x01, 0x00, 0x00, 0x03, 0x00, 0x00, 0x00, 0x36, 0x00, 0x05, 0x00, 0x02, 0x00, 0x00, 0x00, 0x04, // .......6........
	0x00, 0x00, 0x00, 0x00, 0x00, 0x00, 0x00, 0x03, 0x00, 0x00, 0x00, 0xf8, 0x00, 0x02, 0x00, 0x05, // ................
	0x00, 0x00, 0x00, 0x3d, 0x00, 0x04, 0x00, 0x06, 0x00, 0x00, 0x00, 0x31, 0x00, 0x00, 0x00, 0x30, // ...=.......1...0
	0x00, 0x00, 0x00, 0x3d, 0x00, 0x04, 0x00, 0x08, 0x00, 0x00, 0x00, 0x34, 0x00, 0x00, 0x00, 0x33, // ...=.......4...3
	0x00, 0x00, 0x00, 0x3d, 0x00, 0x04, 0x00, 0x0b, 0x00, 0x00, 0x00, 0x3e, 0x01, 0x00, 0x00, 0x3d, // ...=.......>...=
	0x01, 0x00, 0x00, 0x41, 0x00, 0x06, 0x00, 0x63, 0x00, 0x00, 0x00, 0x90, 0x01, 0x00, 0x00, 0x61, // ...A...c.......a
	0x00, 0x00, 0x00, 0x3b, 0x00, 0x00, 0x00, 0x62, 0x00, 0x00, 0x00, 0x3d, 0x00, 0x04, 0x00, 0x07, // ...;...b...=....
	0x00, 0x00, 0x00, 0x91, 0x01, 0x00, 0x00, 0x90, 0x01, 0x00, 0x00, 0x56, 0x00, 0x05, 0x00, 0x3f, // ...........V...?
	0x00, 0x00, 0x00, 0x34, 0x02, 0x00, 0x00, 0x34, 0x00, 0x00, 0x00, 0x31, 0x00, 0x00, 0x00, 0x57, // ...4...4...1...W
	0x00, 0x05, 0x00, 0x0d, 0x00, 0x00, 0x00, 0x36, 0x02, 0x00, 0x00, 0x34, 0x02, 0x00, 0x00, 0x3e, // .......6...4...>
	0x01, 0x00, 0x00, 0xb8, 0x00, 0x05, 0x00, 0x6e, 0x00, 0x00, 0x00, 0x96, 0x01, 0x00, 0x00, 0x91, // .......n........
	0x01, 0x00, 0x00, 0x6d, 0x00, 0x00, 0x00, 0xf7, 0x00, 0x03, 0x00, 0x29, 0x02, 0x00, 0x00, 0x00, // ...m.......)....
	0x00, 0x00, 0x00, 0xfa, 0x00, 0x04, 0x00, 0x96, 0x01, 0x00, 0x00, 0x97, 0x01, 0x00, 0x00, 0xa8, // ................
	0x01, 0x00, 0x00, 0xf8, 0x00, 0x02, 0x00, 0x97, 0x01, 0x00, 0x00, 0x41, 0x00, 0x06, 0x00, 0x73, // ...........A...s
	0x00, 0x00, 0x00, 0x98, 0x01, 0x00, 0x00, 0x61, 0x00, 0x00, 0x00, 0x37, 0x00, 0x00, 0x00, 0x3b, // .......a...7...;
	0x00, 0x00, 0x00, 0x3d, 0x00, 0x04, 0x00, 0x0d, 0x00, 0x00, 0x00, 0x99, 0x01, 0x00, 0x00, 0x98, // ...=............
	0x01, 0x00, 0x00, 0x51, 0x00, 0x05, 0x00, 0x07, 0x00, 0x00, 0x00, 0x9b, 0x01, 0x00, 0x00, 0x36, // ...Q...........6
	0x02, 0x00, 0x00, 0x03, 0x00, 0x00, 0x00, 0x51, 0x00, 0x05, 0x00, 0x07, 0x00, 0x00, 0x00, 0x9d, // .......Q........
	0x01, 0x00, 0x00, 0x99, 0x01, 0x00, 0x00, 0x03, 0x00, 0x00, 0x00, 0x85, 0x00, 0x05, 0x00, 0x07, // ................
	0x00, 0x00, 0x00, 0x9e, 0x01, 0x00, 0x00, 0x9b, 0x01, 0x00, 0x00, 0x9d, 0x01, 0x00, 0x00, 0x4f, // ...............O
	0x00, 0x08, 0x00, 0x13, 0x00, 0x00, 0x00, 0xa0, 0x01, 0x00, 0x00, 0x99, 0x01, 0x00, 0x00, 0x99, // ................
	0x01, 0x00, 0x00, 0x00, 0x00, 0x00, 0x00, 0x01, 0x00, 0x00, 0x00, 0x02, 0x00, 0x00, 0x00, 0x8e, // ................
	0x00, 0x05, 0x00, 0x13, 0x00, 0x00, 0x00, 0xa2, 0x01, 0x00, 0x00, 0xa0, 0x01, 0x00, 0x00, 0x9e, // ................
	0x01, 0x00, 0x00, 0x51, 0x00, 0x05, 0x00, 0x07, 0x00, 0x00, 0x00, 0xa4, 0x01, 0x00, 0x00, 0xa2, // ...Q............
	0x01, 0x00, 0x00, 0x00, 0x00, 0x00, 0x00, 0x51, 0x00, 0x05, 0x00, 0x07, 0x00, 0x00, 0x00, 0xa5, // .......Q........
	0x01, 0x00, 0x00, 0xa2, 0x01, 0x00, 0x00, 0x01, 0x00, 0x00, 0x00, 0x51, 0x00, 0x05, 0x00, 0x07, // ...........Q....
	0x00, 0x00, 0x00, 0xa6, 0x01, 0x00, 0x00, 0xa2, 0x01, 0x00, 0x00, 0x02, 0x00, 0x00, 0x00, 0x50, // ...............P
	0x00, 0x07, 0x00, 0x0d, 0x00, 0x00, 0x00, 0xa7, 0x01, 0x00, 0x00, 0xa4, 0x01, 0x00, 0x00, 0xa5, // ................
	0x01, 0x00, 0x00, 0xa6, 0x01, 0x00, 0x00, 0x9e, 0x01, 0x00, 0x00, 0xf9, 0x00, 0x02, 0x00, 0x29, // ...............)
	0x02, 0x00, 0x00, 0xf8, 0x00, 0x02, 0x00, 0xa8, 0x01, 0x00, 0x00, 0xb8, 0x00, 0x05, 0x00, 0x6e, // ...............n
	0x00, 0x00, 0x00, 0xaa, 0x01, 0x00, 0x00, 0x91, 0x01, 0x00, 0x00, 0x87, 0x00, 0x00, 0x00, 0xf7, // ................
	0x00, 0x03, 0x00, 0x28, 0x02, 0x00, 0x00, 0x00, 0x00, 0x00, 0x00, 0xfa, 0x00, 0x04, 0x00, 0xaa, // ...(............
	0x01, 0x00, 0x00, 0xab, 0x01, 0x00, 0x00, 0xd3, 0x01, 0x00, 0x00, 0xf8, 0x00, 0x02, 0x00, 0xab, // ................
	0x01, 0x00, 0x00, 0x41, 0x00, 0x06, 0x00, 0x73, 0x00, 0x00, 0x00, 0xac, 0x01, 0x00, 0x00, 0x61, // ...A...s.......a
	0x00, 0x00, 0x00, 0x37, 0x00, 0x00, 0x00, 0x3b, 0x00, 0x00, 0x00, 0x3d, 0x00, 0x04, 0x00, 0x0d, // ...7...;...=....
	0x00, 0x00, 0x00, 0xad, 0x01, 0x00, 0x00, 0xac, 0x01, 0x00, 0x00, 0x4f, 0x00, 0x08, 0x00, 0x13, // ...........O....
	0x00, 0x00, 0x00, 0xae, 0x01, 0x00, 0x00, 0xad, 0x01, 0x00, 0x00, 0xad, 0x01, 0x00, 0x00, 0x00, // ................
	0x00, 0x00, 0x00, 0x01, 0x00, 0x00, 0x00, 0x02, 0x00, 0x00, 0x00, 0x41, 0x00, 0x06, 0x00, 0x73, // ...........A...s
	0x00, 0x00, 0x00, 0xaf, 0x01, 0x00, 0x00, 0x61, 0x00, 0x00, 0x00, 0x37, 0x00, 0x00, 0x00, 0x37, // .......a...7...7
	0x00, 0x00, 0x00, 0x3d, 0x00, 0x04, 0x00, 0x0d, 0x00, 0x00, 0x00, 0xb0, 0x01, 0x00, 0x00, 0xaf, // ...=............
	0x01, 0x00, 0x00, 0x4f, 0x00, 0x08, 0x00, 0x13, 0x00, 0x00, 0x00, 0xb1, 0x01, 0x00, 0x00, 0xb0, // ...O............
	0x01, 0x00, 0x00, 0xb0, 0x01, 0x00, 0x00, 0x00, 0x00, 0x00, 0x00, 0x01, 0x00, 0x00, 0x00, 0x02, // ................
	0x00, 0x00, 0x00, 0x41, 0x00, 0x07, 0x00, 0x63, 0x00, 0x00, 0x00, 0xb2, 0x01, 0x00, 0x00, 0x61, // ...A...c.......a
	0x00, 0x00, 0x00, 0x37, 0x00, 0x00, 0x00, 0x3b, 0x00, 0x00, 0x00, 0x5d, 0x00, 0x00, 0x00, 0x3d, // ...7...;...]...=
	0x00, 0x04, 0x00, 0x07, 0x00, 0x00, 0x00, 0xb3, 0x01, 0x00, 0x00, 0xb2, 0x01, 0x00, 0x00, 0x4f, // ...............O
	0x00, 0x08, 0x00, 0x13, 0x00, 0x00, 0x00, 0xb5, 0x01, 0x00, 0x00, 0x36, 0x02, 0x00, 0x00, 0x36, // ...........6...6
	0x02, 0x00, 0x00, 0x00, 0x00, 0x00, 0x00, 0x01, 0x00, 0x00, 0x00, 0x02, 0x00, 0x00, 0x00, 0x51, // ...............Q
	0x00, 0x05, 0x00, 0x07, 0x00, 0x00, 0x00, 0xb7, 0x01, 0x00, 0x00, 0x36, 0x02, 0x00, 0x00, 0x03, // ...........6....
	0x00, 0x00, 0x00, 0x0c, 0x00, 0x07, 0x00, 0x07, 0x00, 0x00, 0x00, 0xb8, 0x01, 0x00, 0x00, 0x01, // ................
	0x00, 0x00, 0x00, 0x28, 0x00, 0x00, 0x00, 0xb7, 0x01, 0x00, 0x00, 0x9b, 0x00, 0x00, 0x00, 0x50, // ...(...........P
	0x00, 0x06, 0x00, 0x13, 0x00, 0x00, 0x00, 0xb9, 0x01, 0x00, 0x00, 0xb8, 0x01, 0x00, 0x00, 0xb8, // ................
	0x01, 0x00, 0x00, 0xb8, 0x01, 0x00, 0x00, 0x88, 0x00, 0x05, 0x00, 0x13, 0x00, 0x00, 0x00, 0xba, // ................
	0x01, 0x00, 0x00, 0xb5, 0x01, 0x00, 0x00, 0xb9, 0x01, 0x00, 0x00, 0x94, 0x00, 0x05, 0x00, 0x07, // ................
	0x00, 0x00, 0x00, 0x3a, 0x02, 0x00, 0x00, 0xba, 0x01, 0x00, 0x00, 0x53, 0x00, 0x00, 0x00, 0x0c, // ...:.......S....
	0x00, 0x08, 0x00, 0x07, 0x00, 0x00, 0x00, 0xbd, 0x01, 0x00, 0x00, 0x01, 0x00, 0x00, 0x00, 0x2b, // ...............+
	0x00, 0x00, 0x00, 0x3a, 0x02, 0x00, 0x00, 0x58, 0x00, 0x00, 0x00, 0xa3, 0x00, 0x00, 0x00, 0x83, // ...:...X........
	0x00, 0x05, 0x00, 0x13, 0x00, 0x00, 0x00, 0xc1, 0x01, 0x00, 0x00, 0xb1, 0x01, 0x00, 0x00, 0xae, // ................
	0x01, 0x00, 0x00, 0x8e, 0x00, 0x05, 0x00, 0x13, 0x00, 0x00, 0x00, 0xc3, 0x01, 0x00, 0x00, 0xc1, // ................
	0x01, 0x00, 0x00, 0xbd, 0x01, 0x00, 0x00, 0x81, 0x00, 0x05, 0x00, 0x13, 0x00, 0x00, 0x00, 0xc4, // ................
	0x01, 0x00, 0x00, 0xae, 0x01, 0x00, 0x00, 0xc3, 0x01, 0x00, 0x00, 0x50, 0x00, 0x06, 0x00, 0x13, // ...........P....
	0x00, 0x00, 0x00, 0xc6, 0x01, 0x00, 0x00, 0xb3, 0x01, 0x00, 0x00, 0xb3, 0x01, 0x00, 0x00, 0xb3, // ................
	0x01, 0x00, 0x00, 0x0c, 0x00, 0x08, 0x00, 0x13, 0x00, 0x00, 0x00, 0x40, 0x02, 0x00, 0x00, 0x01, // ...........@....
	0x00, 0x00, 0x00, 0x2e, 0x00, 0x00, 0x00, 0xba, 0x01, 0x00, 0x00, 0xc4, 0x01, 0x00, 0x00, 0xc6, // ................
	0x01, 0x00, 0x00, 0x8e, 0x00, 0x05, 0x00, 0x13, 0x00, 0x00, 0x00, 0xcc, 0x01, 0x00, 0x00, 0x40, // ...............@
	0x02, 0x00, 0x00, 0xb7, 0x01, 0x00, 0x00, 0x51, 0x00, 0x05, 0x00, 0x07, 0x00, 0x00, 0x00, 0xcf, // .......Q........
	0x01, 0x00, 0x00, 0xcc, 0x01, 0x00, 0x00, 0x00, 0x00, 0x00, 0x00, 0x51, 0x00, 0x05, 0x00, 0x07, // ...........Q....
	0x00, 0x00, 0x00, 0xd0, 0x01, 0x00, 0x00, 0xcc, 0x01, 0x00, 0x00, 0x01, 0x00, 0x00, 0x00, 0x51, // ...............Q
	0x00, 0x05, 0x00, 0x07, 0x00, 0x00, 0x00, 0xd1, 0x01, 0x00, 0x00, 0xcc, 0x01, 0x00, 0x00, 0x02, // ................
	0x00, 0x00, 0x00, 0x50, 0x00, 0x07, 0x00, 0x0d, 0x00, 0x00, 0x00, 0xd2, 0x01, 0x00, 0x00, 0xcf, // ...P............
	0x01, 0x00, 0x00, 0xd0, 0x01, 0x00, 0x00, 0xd1, 0x01, 0x00, 0x00, 0xb7, 0x01, 0x00, 0x00, 0xf9, // ................
	0x00, 0x02, 0x00, 0x28, 0x02, 0x00, 0x00, 0xf8, 0x00, 0x02, 0x00, 0xd3, 0x01, 0x00, 0x00, 0xb8, // ...(............
	0x00, 0x05, 0x00, 0x6e, 0x00, 0x00, 0x00, 0xd5, 0x01, 0x00, 0x00, 0x91, 0x01, 0x00, 0x00, 0xc0, // ...n............
	0x00, 0x00, 0x00, 0xf7, 0x00, 0x03, 0x00, 0x27, 0x02, 0x00, 0x00, 0x00, 0x00, 0x00, 0x00, 0xfa, // .......'........
	0x00, 0x04, 0x00, 0xd5, 0x01, 0x00, 0x00, 0xd6, 0x01, 0x00, 0x00, 0x0f, 0x02, 0x00, 0x00, 0xf8, // ................
	0x00, 0x02, 0x00, 0xd6, 0x01, 0x00, 0x00, 0x41, 0x00, 0x06, 0x00, 0x73, 0x00, 0x00, 0x00, 0xd7, // .......A...s....
	0x01, 0x00, 0x00, 0x61, 0x00, 0x00, 0x00, 0x37, 0x00, 0x00, 0x00, 0x3b, 0x00, 0x00, 0x00, 0x3d, // ...a...7...;...=
	0x00, 0x04, 0x00, 0x0d, 0x00, 0x00, 0x00, 0xd8, 0x01, 0x00, 0x00, 0xd7, 0x01, 0x00, 0x00, 0x4f, // ...............O
	0x00, 0x08, 0x00, 0x13, 0x00, 0x00, 0x00, 0xd9, 0x01, 0x00, 0x00, 0xd8, 0x01, 0x00, 0x00, 0xd8, // ................
	0x01, 0x00, 0x00, 0x00, 0x00, 0x00, 0x00, 0x01, 0x00, 0x00, 0x00, 0x02, 0x00, 0x00, 0x00, 0x41, // ...............A
	0x00, 0x06, 0x00, 0x73, 0x00, 0x00, 0x00, 0xda, 0x01, 0x00, 0x00, 0x61, 0x00, 0x00, 0x00, 0x37, // ...s.......a...7
	0x00, 0x00, 0x00, 0x37, 0x00, 0x00, 0x00, 0x3d, 0x00, 0x04, 0x00, 0x0d, 0x00, 0x00, 0x00, 0xdb, // ...7...=........
	0x01, 0x00, 0x00, 0xda, 0x01, 0x00, 0x00, 0x4f, 0x00, 0x08, 0x00, 0x13, 0x00, 0x00, 0x00, 0xdc, // .......O........
	0x01, 0x00, 0x00, 0xdb, 0x01, 0x00, 0x00, 0xdb, 0x01, 0x00, 0x00, 0x00, 0x00, 0x00, 0x00, 0x01, // ................
	0x00, 0x00, 0x00, 0x02, 0x00, 0x00, 0x00, 0x41, 0x00, 0x06, 0x00, 0x73, 0x00, 0x00, 0x00, 0xdd, // .......A...s....
	0x01, 0x00, 0x00, 0x61, 0x00, 0x00, 0x00, 0x37, 0x00, 0x00, 0x00, 0xcd, 0x00, 0x00, 0x00, 0x3d, // ...a...7.......=
	0x00, 0x04, 0x00, 0x0d, 0x00, 0x00, 0x00, 0xde, 0x01, 0x00, 0x00, 0xdd, 0x01, 0x00, 0x00, 0x4f, // ...............O
	0x00, 0x08, 0x00, 0x13, 0x00, 0x00, 0x00, 0xdf, 0x01, 0x00, 0x00, 0xde, 0x01, 0x00, 0x00, 0xde, // ................
	0x01, 0x00, 0x00, 0x00, 0x00, 0x00, 0x00, 0x01, 0x00, 0x00, 0x00, 0x02, 0x00, 0x00, 0x00, 0x41, // ...............A
	0x00, 0x07, 0x00, 0x63, 0x00, 0x00, 0x00, 0xe0, 0x01, 0x00, 0x00, 0x61, 0x00, 0x00, 0x00, 0x37, // ...c.......a...7
	0x00, 0x00, 0x00, 0xcd, 0x00, 0x00, 0x00, 0x5d, 0x00, 0x00, 0x00, 0x3d, 0x00, 0x04, 0x00, 0x07, // .......]...=....
	0x00, 0x00, 0x00, 0xe1, 0x01, 0x00, 0x00, 0xe0, 0x01, 0x00, 0x00, 0x4f, 0x00, 0x08, 0x00, 0x13, // ...........O....
	0x00, 0x00, 0x00, 0xe3, 0x01, 0x00, 0x00, 0x36, 0x02, 0x00, 0x00, 0x36, 0x02, 0x00, 0x00, 0x00, // .......6...6....
	0x00, 0x00, 0x00, 0x01, 0x00, 0x00, 0x00, 0x02, 0x00, 0x00, 0x00, 0x51, 0x00, 0x05, 0x00, 0x07, // ...........Q....
	0x00, 0x00, 0x00, 0xe5, 0x01, 0x00, 0x00, 0x36, 0x02, 0x00, 0x00, 0x03, 0x00, 0x00, 0x00, 0x0c, // .......6........
	0x00, 0x07, 0x00, 0x07, 0x00, 0x00, 0x00, 0xe6, 0x01, 0x00, 0x00, 0x01, 0x00, 0x00, 0x00, 0x28, // ...............(
	0x00, 0x00, 0x00, 0xe5, 0x01, 0x00, 0x00, 0x9b, 0x00, 0x00, 0x00, 0x50, 0x00, 0x06, 0x00, 0x13, // ...........P....
	0x00, 0x00, 0x00, 0xe7, 0x01, 0x00, 0x00, 0xe6, 0x01, 0x00, 0x00, 0xe6, 0x01, 0x00, 0x00, 0xe6, // ................
	0x01, 0x00, 0x00, 0x88, 0x00, 0x05, 0x00, 0x13, 0x00, 0x00, 0x00, 0xe8, 0x01, 0x00, 0x00, 0xe3, // ................
	0x01, 0x00, 0x00, 0xe7, 0x01, 0x00, 0x00, 0x94, 0x00, 0x05, 0x00, 0x07, 0x00, 0x00, 0x00, 0x44, // ...............D
	0x02, 0x00, 0x00, 0xe8, 0x01, 0x00, 0x00, 0x53, 0x00, 0x00, 0x00, 0x0c, 0x00, 0x08, 0x00, 0x07, // .......S........
	0x00, 0x00, 0x00, 0xeb, 0x01, 0x00, 0x00, 0x01, 0x00, 0x00, 0x00, 0x2b, 0x00, 0x00, 0x00, 0x44, // ...........+...D
	0x02, 0x00, 0x00, 0x58, 0x00, 0x00, 0x00, 0xa3, 0x00, 0x00, 0x00, 0x85, 0x00, 0x05, 0x00, 0x07, // ...X............
	0x00, 0x00, 0x00, 0xed, 0x01, 0x00, 0x00, 0xeb, 0x01, 0x00, 0x00, 0xe3, 0x00, 0x00, 0x00, 0x0c, // ................
	0x00, 0x08, 0x00, 0x07, 0x00, 0x00, 0x00, 0xee, 0x01, 0x00, 0x00, 0x01, 0x00, 0x00, 0x00, 0x2b, // ...............+
	0x00, 0x00, 0x00, 0xed, 0x01, 0x00, 0x00, 0x58, 0x00, 0x00, 0x00, 0xa3, 0x00, 0x00, 0x00, 0x50, // .......X.......P
	0x00, 0x06, 0x00, 0x13, 0x00, 0x00, 0x00, 0xef, 0x01, 0x00, 0x00, 0xee, 0x01, 0x00, 0x00, 0xee, // ................
	0x01, 0x00, 0x00, 0xee, 0x01, 0x00, 0x00, 0x0c, 0x00, 0x08, 0x00, 0x13, 0x00, 0x00, 0x00, 0x4a, // ...............J
	0x02, 0x00, 0x00, 0x01, 0x00, 0x00, 0x00, 0x2e, 0x00, 0x00, 0x00, 0xd9, 0x01, 0x00, 0x00, 0xdc, // ................
	0x01, 0x00, 0x00, 0xef, 0x01, 0x00, 0x00, 0x83, 0x00, 0x05, 0x00, 0x07, 0x00, 0x00, 0x00, 0xf5, // ................
	0x01, 0x00, 0x00, 0xed, 0x01, 0x00, 0x00, 0xa3, 0x00, 0x00, 0x00, 0x0c, 0x00, 0x08, 0x00, 0x07, // ................
	0x00, 0x00, 0x00, 0xf6, 0x01, 0x00, 0x00, 0x01, 0x00, 0x00, 0x00, 0x2b, 0x00, 0x00, 0x00, 0xf5, // ...........+....
	0x01, 0x00, 0x00, 0x58, 0x00, 0x00, 0x00, 0xa3, 0x00, 0x00, 0x00, 0x50, 0x00, 0x06, 0x00, 0x13, // ...X.......P....
	0x00, 0x00, 0x00, 0xf7, 0x01, 0x00, 0x00, 0xf6, 0x01, 0x00, 0x00, 0xf6, 0x01, 0x00, 0x00, 0xf6, // ................
	0x01, 0x00, 0x00, 0x0c, 0x00, 0x08, 0x00, 0x13, 0x00, 0x00, 0x00, 0x50, 0x02, 0x00, 0x00, 0x01, // ...........P....
	0x00, 0x00, 0x00, 0x2e, 0x00, 0x00, 0x00, 0xdc, 0x01, 0x00, 0x00, 0xdf, 0x01, 0x00, 0x00, 0xf7, // ................
	0x01, 0x00, 0x00, 0x0c, 0x00, 0x07, 0x00, 0x07, 0x00, 0x00, 0x00, 0xfc, 0x01, 0x00, 0x00, 0x01, // ................
	0x00, 0x00, 0x00, 0x30, 0x00, 0x00, 0x00, 0x6d, 0x00, 0x00, 0x00, 0xeb, 0x01, 0x00, 0x00, 0x50, // ...0...m.......P
	0x00, 0x06, 0x00, 0x13, 0x00, 0x00, 0x00, 0xfd, 0x01, 0x00, 0x00, 0xfc, 0x01, 0x00, 0x00, 0xfc, // ................
	0x01, 0x00, 0x00, 0xfc, 0x01, 0x00, 0x00, 0x0c, 0x00, 0x08, 0x00, 0x13, 0x00, 0x00, 0x00, 0x56, // ...............V
	0x02, 0x00, 0x00, 0x01, 0x00, 0x00, 0x00, 0x2e, 0x00, 0x00, 0x00, 0x4a, 0x02, 0x00, 0x00, 0x50, // ...........J...P
	0x02, 0x00, 0x00, 0xfd, 0x01, 0x00, 0x00, 0x50, 0x00, 0x06, 0x00, 0x13, 0x00, 0x00, 0x00, 0x02, // .......P........
	0x02, 0x00, 0x00, 0xe1, 0x01, 0x00, 0x00, 0xe1, 0x01, 0x00, 0x00, 0xe1, 0x01, 0x00, 0x00, 0x0c, // ................
	0x00, 0x08, 0x00, 0x13, 0x00, 0x00, 0x00, 0x5c, 0x02, 0x00, 0x00, 0x01, 0x00, 0x00, 0x00, 0x2e, // ................
	0x00, 0x00, 0x00, 0xe8, 0x01, 0x00, 0x00, 0x56, 0x02, 0x00, 0x00, 0x02, 0x02, 0x00, 0x00, 0x8e, // .......V........
	0x00, 0x05, 0x00, 0x13, 0x00, 0x00, 0x00, 0x08, 0x02, 0x00, 0x00, 0x5c, 0x02, 0x00, 0x00, 0xe5, // ................
	0x01, 0x00, 0x00, 0x51, 0x00, 0x05, 0x00, 0x07, 0x00, 0x00, 0x00, 0x0b, 0x02, 0x00, 0x00, 0x08, // ...Q............
	0x02, 0x00, 0x00, 0x00, 0x00, 0x00, 0x00, 0x51, 0x00, 0x05, 0x00, 0x07, 0x00, 0x00, 0x00, 0x0c, // .......Q........
	0x02, 0x00, 0x00, 0x08, 0x02, 0x00, 0x00, 0x01, 0x00, 0x00, 0x00, 0x51, 0x00, 0x05, 0x00, 0x07, // ...........Q....
	0x00, 0x00, 0x00, 0x0d, 0x02, 0x00, 0x00, 0x08, 0x02, 0x00, 0x00, 0x02, 0x00, 0x00, 0x00, 0x50, // ...............P
	0x00, 0x07, 0x00, 0x0d, 0x00, 0x00, 0x00, 0x0e, 0x02, 0x00, 0x00, 0x0b, 0x02, 0x00, 0x00, 0x0c, // ................
	0x02, 0x00, 0x00, 0x0d, 0x02, 0x00, 0x00, 0xe5, 0x01, 0x00, 0x00, 0xf9, 0x00, 0x02, 0x00, 0x27, // ...............'
	0x02, 0x00, 0x00, 0xf8, 0x00, 0x02, 0x00, 0x0f, 0x02, 0x00, 0x00, 0x41, 0x00, 0x06, 0x00, 0x73, // ...........A...s
	0x00, 0x00, 0x00, 0x10, 0x02, 0x00, 0x00, 0x61, 0x00, 0x00, 0x00, 0x37, 0x00, 0x00, 0x00, 0x3b, // .......a...7...;
	0x00, 0x00, 0x00, 0x3d, 0x00, 0x04, 0x00, 0x0d, 0x00, 0x00, 0x00, 0x11, 0x02, 0x00, 0x00, 0x10, // ...=............
	0x02, 0x00, 0x00, 0x41, 0x00, 0x06, 0x00, 0x73, 0x00, 0x00, 0x00, 0x12, 0x02, 0x00, 0x00, 0x61, // ...A...s.......a
	0x00, 0x00, 0x00, 0x37, 0x00, 0x00, 0x00, 0x37, 0x00, 0x00, 0x00, 0x3d, 0x00, 0x04, 0x00, 0x0d, // ...7...7...=....
	0x00, 0x00, 0x00, 0x13, 0x02, 0x00, 0x00, 0x12, 0x02, 0x00, 0x00, 0x4f, 0x00, 0x07, 0x00, 0x0b, // ...........O....
	0x00, 0x00, 0x00, 0x14, 0x02, 0x00, 0x00, 0x13, 0x02, 0x00, 0x00, 0x13, 0x02, 0x00, 0x00, 0x00, // ................
	0x00, 0x00, 0x00, 0x01, 0x00, 0x00, 0x00, 0x81, 0x00, 0x05, 0x00, 0x0b, 0x00, 0x00, 0x00, 0x17, // ................
	0x02, 0x00, 0x00, 0x3e, 0x01, 0x00, 0x00, 0x14, 0x02, 0x00, 0x00, 0x56, 0x00, 0x05, 0x00, 0x3f, // ...>.......V...?
	0x00, 0x00, 0x00, 0x63, 0x02, 0x00, 0x00, 0x34, 0x00, 0x00, 0x00, 0x31, 0x00, 0x00, 0x00, 0x57, // ...c...4...1...W
	0x00, 0x05, 0x00, 0x0d, 0x00, 0x00, 0x00, 0x65, 0x02, 0x00, 0x00, 0x63, 0x02, 0x00, 0x00, 0x17, // .......e...c....
	0x02, 0x00, 0x00, 0x51, 0x00, 0x05, 0x00, 0x07, 0x00, 0x00, 0x00, 0x1a, 0x02, 0x00, 0x00, 0x65, // ...Q...........e
	0x02, 0x00, 0x00, 0x03, 0x00, 0x00, 0x00, 0x4f, 0x00, 0x08, 0x00, 0x13, 0x00, 0x00, 0x00, 0x1c, // .......O........
	0x02, 0x00, 0x00, 0x11, 0x02, 0x00, 0x00, 0x11, 0x02, 0x00, 0x00, 0x00, 0x00, 0x00, 0x00, 0x01, // ................
	0x00, 0x00, 0x00, 0x02, 0x00, 0x00, 0x00, 0x8e, 0x00, 0x05, 0x00, 0x13, 0x00, 0x00, 0x00, 0x1e, // ................
	0x02, 0x00, 0x00, 0x1c, 0x02, 0x00, 0x00, 0x1a, 0x02, 0x00, 0x00, 0x51, 0x00, 0x05, 0x00, 0x07, // ...........Q....
	0x00, 0x00, 0x00, 0x20, 0x02, 0x00, 0x00, 0x11, 0x02, 0x00, 0x00, 0x03, 0x00, 0x00, 0x00, 0x85, // ... ............
	0x00, 0x05, 0x00, 0x07, 0x00, 0x00, 0x00, 0x22, 0x02, 0x00, 0x00, 0x20, 0x02, 0x00, 0x00, 0x1a, // ......."... ....
	0x02, 0x00, 0x00, 0x51, 0x00, 0x05, 0x00, 0x07, 0x00, 0x00, 0x00, 0x23, 0x02, 0x00, 0x00, 0x1e, // ...Q.......#....
	0x02, 0x00, 0x00, 0x00, 0x00, 0x00, 0x00, 0x51, 0x00, 0x05, 0x00, 0x07, 0x00, 0x00, 0x00, 0x24, // .......Q.......$
	0x02, 0x00, 0x00, 0x1e, 0x02, 0x00, 0x00, 0x01, 0x00, 0x00, 0x00, 0x51, 0x00, 0x05, 0x00, 0x07, // ...........Q....
	0x00, 0x00, 0x00, 0x25, 0x02, 0x00, 0x00, 0x1e, 0x02, 0x00, 0x00, 0x02, 0x00, 0x00, 0x00, 0x50, // ...%...........P
	0x00, 0x07, 0x00, 0x0d, 0x00, 0x00, 0x00, 0x26, 0x02, 0x00, 0x00, 0x23, 0x02, 0x00, 0x00, 0x24, // .......&...#...$
	0x02, 0x00, 0x00, 0x25, 0x02, 0x00, 0x00, 0x22, 0x02, 0x00, 0x00, 0xf9, 0x00, 0x02, 0x00, 0x27, // ...%...".......'
	0x02, 0x00, 0x00, 0xf8, 0x00, 0x02, 0x00, 0x27, 0x02, 0x00, 0x00, 0xf5, 0x00, 0x07, 0x00, 0x0d, // .......'........
	0x00, 0x00, 0x00, 0x7a, 0x02, 0x00, 0x00, 0x0e, 0x02, 0x00, 0x00, 0xd6, 0x01, 0x00, 0x00, 0x26, // ...z...........&
	0x02, 0x00, 0x00, 0x0f, 0x02, 0x00, 0x00, 0xf9, 0x00, 0x02, 0x00, 0x28, 0x02, 0x00, 0x00, 0xf8, // ...........(....
	0x00, 0x02, 0x00, 0x28, 0x02, 0x00, 0x00, 0xf5, 0x00, 0x07, 0x00, 0x0d, 0x00, 0x00, 0x00, 0x79, // ...(...........y
	0x02, 0x00, 0x00, 0xd2, 0x01, 0x00, 0x00, 0xab, 0x01, 0x00, 0x00, 0x7a, 0x02, 0x00, 0x00, 0x27, // ...........z...'
	0x02, 0x00, 0x00, 0xf9, 0x00, 0x02, 0x00, 0x29, 0x02, 0x00, 0x00, 0xf8, 0x00, 0x02, 0x00, 0x29, // .......).......)
	0x02, 0x00, 0x00, 0xf5, 0x00, 0x07, 0x00, 0x0d, 0x00, 0x00, 0x00, 0x78, 0x02, 0x00, 0x00, 0xa7, // ...........x....
	0x01, 0x00, 0x00, 0x97, 0x01, 0x00, 0x00, 0x79, 0x02, 0x00, 0x00, 0x28, 0x02, 0x00, 0x00, 0x3e, // .......y...(...>
	0x00, 0x03, 0x00, 0x4c, 0x01, 0x00, 0x00, 0x78, 0x02, 0x00, 0x00, 0xfd, 0x00, 0x01, 0x00, 0x38, // ...L...x.......8
	0x00, 0x01, 0x00, 0x00, 0x00, 0x40, 0x00,                                                       // .....@.
};
static const uint8_t fs_effect_wgsl[2741] =
{
	0x46, 0x53, 0x48, 0x0c, 0x29, 0x3e, 0x5c, 0xd3, 0x00, 0x00, 0x00, 0x00, 0x00, 0x00, 0x00, 0x00, // FSH.)>..........
	0x00, 0x00, 0x00, 0x00, 0x03, 0x00, 0x07, 0x75, 0x5f, 0x63, 0x6f, 0x6c, 0x6f, 0x72, 0x12, 0x01, // .......u_color..
	0x00, 0x00, 0x01, 0x00, 0x00, 0x00, 0x00, 0x00, 0x08, 0x75, 0x5f, 0x65, 0x66, 0x66, 0x65, 0x63, // .........u_effec
	0x74, 0x12, 0x03, 0x10, 0x00, 0x03, 0x00, 0x00, 0x00, 0x00, 0x00, 0x05, 0x73, 0x5f, 0x74, 0x65, // t...........s_te
	0x78, 0x30, 0x00, 0x03, 0x00, 0x00, 0x00, 0x00, 0x02, 0x29, 0x00, 0x60, 0x0a, 0x00, 0x00, 0x64, // x0.......).`...d
	0x69, 0x61, 0x67, 0x6e, 0x6f, 0x73, 0x74, 0x69, 0x63, 0x28, 0x6f, 0x66, 0x66, 0x2c, 0x20, 0x64, // iagnostic(off, d
	0x65, 0x72, 0x69, 0x76, 0x61, 0x74, 0x69, 0x76, 0x65, 0x5f, 0x75, 0x6e, 0x69, 0x66, 0x6f, 0x72, // erivative_unifor
	0x6d, 0x69, 0x74, 0x79, 0x29, 0x3b, 0x0a, 0x64, 0x69, 0x61, 0x67, 0x6e, 0x6f, 0x73, 0x74, 0x69, // mity);.diagnosti
	0x63, 0x28, 0x6f, 0x66, 0x66, 0x2c, 0x20, 0x73, 0x75, 0x62, 0x67, 0x72, 0x6f, 0x75, 0x70, 0x5f, // c(off, subgroup_
	0x75, 0x6e, 0x69, 0x66, 0x6f, 0x72, 0x6d, 0x69, 0x74, 0x79, 0x29, 0x3b, 0x0a, 0x0a, 0x40, 0x67, // uniformity);..@g
	0x72, 0x6f, 0x75, 0x70, 0x28, 0x30, 0x75, 0x29, 0x20, 0x40, 0x62, 0x69, 0x6e, 0x64, 0x69, 0x6e, // roup(0u) @bindin
	0x67, 0x28, 0x31, 0x39, 0x75, 0x29, 0x20, 0x76, 0x61, 0x72, 0x20, 0x73, 0x5f, 0x74, 0x65, 0x78, // g(19u) var s_tex
	0x53, 0x61, 0x6d, 0x70, 0x6c, 0x65, 0x72, 0x20, 0x3a, 0x20, 0x73, 0x61, 0x6d, 0x70, 0x6c, 0x65, // Sampler : sample
	0x72, 0x3b, 0x0a, 0x0a, 0x40, 0x67, 0x72, 0x6f, 0x75, 0x70, 0x28, 0x30, 0x75, 0x29, 0x20, 0x40, // r;..@group(0u) @
	0x62, 0x69, 0x6e, 0x64, 0x69, 0x6e, 0x67, 0x28, 0x33, 0x75, 0x29, 0x20, 0x76, 0x61, 0x72, 0x20, // binding(3u) var 
	0x73, 0x5f, 0x74, 0x65, 0x78, 0x54, 0x65, 0x78, 0x74, 0x75, 0x72, 0x65, 0x20, 0x3a, 0x20, 0x74, // s_texTexture : t
	0x65, 0x78, 0x74, 0x75, 0x72, 0x65, 0x5f, 0x32, 0x64, 0x3c, 0x66, 0x33, 0x32, 0x3e, 0x3b, 0x0a, // exture_2d<f32>;.
	0x0a, 0x73, 0x74, 0x72, 0x75, 0x63, 0x74, 0x20, 0x55, 0x6e, 0x69, 0x66, 0x6f, 0x72, 0x6d, 0x42, // .struct UniformB
	0x6c, 0x6f, 0x63, 0x6b, 0x20, 0x7b, 0x0a, 0x20, 0x20, 0x75, 0x5f, 0x63, 0x6f, 0x6c, 0x6f, 0x72, // lock {.  u_color
	0x20, 0x3a, 0x20, 0x76, 0x65, 0x63, 0x34, 0x3c, 0x66, 0x33, 0x32, 0x3e, 0x2c, 0x0a, 0x20, 0x20, //  : vec4<f32>,.  
	0x75, 0x5f, 0x65, 0x66, 0x66, 0x65, 0x63, 0x74, 0x20, 0x3a, 0x20, 0x61, 0x72, 0x72, 0x61, 0x79, // u_effect : array
	0x3c, 0x76, 0x65, 0x63, 0x34, 0x3c, 0x66, 0x33, 0x32, 0x3e, 0x2c, 0x20, 0x33, 0x75, 0x3e, 0x2c, // <vec4<f32>, 3u>,
	0x0a, 0x7d, 0x0a, 0x0a, 0x40, 0x67, 0x72, 0x6f, 0x75, 0x70, 0x28, 0x30, 0x75, 0x29, 0x20, 0x40, // .}..@group(0u) @
	0x62, 0x69, 0x6e, 0x64, 0x69, 0x6e, 0x67, 0x28, 0x31, 0x75, 0x29, 0x20, 0x76, 0x61, 0x72, 0x3c, // binding(1u) var<
	0x75, 0x6e, 0x69, 0x66, 0x6f, 0x72, 0x6d, 0x3e, 0x20, 0x76, 0x20, 0x3a, 0x20, 0x55, 0x6e, 0x69, // uniform> v : Uni
	0x66, 0x6f, 0x72, 0x6d, 0x42, 0x6c, 0x6f, 0x63, 0x6b, 0x3b, 0x0a, 0x0a, 0x76, 0x61, 0x72, 0x3c, // formBlock;..var<
	0x70, 0x72, 0x69, 0x76, 0x61, 0x74, 0x65, 0x3e, 0x20, 0x62, 0x67, 0x66, 0x78, 0x5f, 0x46, 0x72, // private> bgfx_Fr
	0x61, 0x67, 0x44, 0x61, 0x74, 0x61, 0x30, 0x20, 0x3a, 0x20, 0x76, 0x65, 0x63, 0x34, 0x3c, 0x66, // agData0 : vec4<f
	0x33, 0x32, 0x3e, 0x3b, 0x0a, 0x0a, 0x66, 0x6e, 0x20, 0x6d, 0x61, 0x69, 0x6e, 0x5f, 0x69, 0x6e, // 32>;..fn main_in
	0x6e, 0x65, 0x72, 0x28, 0x76, 0x5f, 0x75, 0x76, 0x20, 0x3a, 0x20, 0x76, 0x65, 0x63, 0x32, 0x3c, // ner(v_uv : vec2<
	0x66, 0x33, 0x32, 0x3e, 0x29, 0x20, 0x7b, 0x0a, 0x20, 0x20, 0x6c, 0x65, 0x74, 0x20, 0x76, 0x5f, // f32>) {.  let v_
	0x31, 0x20, 0x3d, 0x20, 0x76, 0x2e, 0x75, 0x5f, 0x63, 0x6f, 0x6c, 0x6f, 0x72, 0x2e, 0x78, 0x3b, // 1 = v.u_color.x;
	0x0a, 0x20, 0x20, 0x6c, 0x65, 0x74, 0x20, 0x76, 0x5f, 0x32, 0x20, 0x3d, 0x20, 0x74, 0x65, 0x78, // .  let v_2 = tex
	0x74, 0x75, 0x72, 0x65, 0x53, 0x61, 0x6d, 0x70, 0x6c, 0x65, 0x28, 0x73, 0x5f, 0x74, 0x65, 0x78, // tureSample(s_tex
	0x54, 0x65, 0x78, 0x74, 0x75, 0x72, 0x65, 0x2c, 0x20, 0x73, 0x5f, 0x74, 0x65, 0x78, 0x53, 0x61, // Texture, s_texSa
	0x6d, 0x70, 0x6c, 0x65, 0x72, 0x2c, 0x20, 0x76, 0x5f, 0x75, 0x76, 0x29, 0x3b, 0x0a, 0x20, 0x20, // mpler, v_uv);.  
	0x76, 0x61, 0x72, 0x20, 0x76, 0x5f, 0x33, 0x20, 0x3a, 0x20, 0x76, 0x65, 0x63, 0x34, 0x3c, 0x66, // var v_3 : vec4<f
	0x33, 0x32, 0x3e, 0x3b, 0x0a, 0x20, 0x20, 0x69, 0x66, 0x20, 0x28, 0x28, 0x76, 0x5f, 0x31, 0x20, // 32>;.  if ((v_1 
	0x3c, 0x20, 0x30, 0x2e, 0x35, 0x66, 0x29, 0x29, 0x20, 0x7b, 0x0a, 0x20, 0x20, 0x20, 0x20, 0x6c, // < 0.5f)) {.    l
	0x65, 0x74, 0x20, 0x76, 0x5f, 0x34, 0x20, 0x3d, 0x20, 0x76, 0x2e, 0x75, 0x5f, 0x65, 0x66, 0x66, // et v_4 = v.u_eff
	0x65, 0x63, 0x74, 0x5b, 0x30, 0x69, 0x5d, 0x3b, 0x0a, 0x20, 0x20, 0x20, 0x20, 0x6c, 0x65, 0x74, // ect[0i];.    let
	0x20, 0x76, 0x5f, 0x35, 0x20, 0x3d, 0x20, 0x28, 0x76, 0x5f, 0x32, 0x2e, 0x77, 0x20, 0x2a, 0x20, //  v_5 = (v_2.w * 
	0x76, 0x5f, 0x34, 0x2e, 0x77, 0x29, 0x3b, 0x0a, 0x20, 0x20, 0x20, 0x20, 0x6c, 0x65, 0x74, 0x20, // v_4.w);.    let 
	0x76, 0x5f, 0x36, 0x20, 0x3d, 0x20, 0x28, 0x76, 0x5f, 0x34, 0x2e, 0x78, 0x79, 0x7a, 0x20, 0x2a, // v_6 = (v_4.xyz *
	0x20, 0x76, 0x5f, 0x35, 0x29, 0x3b, 0x0a, 0x20, 0x20, 0x20, 0x20, 0x76, 0x5f, 0x33, 0x20, 0x3d, //  v_5);.    v_3 =
	0x20, 0x76, 0x65, 0x63, 0x34, 0x3c, 0x66, 0x33, 0x32, 0x3e, 0x28, 0x76, 0x5f, 0x36, 0x2e, 0x78, //  vec4<f32>(v_6.x
	0x2c, 0x20, 0x76, 0x5f, 0x36, 0x2e, 0x79, 0x2c, 0x20, 0x76, 0x5f, 0x36, 0x2e, 0x7a, 0x2c, 0x20, // , v_6.y, v_6.z, 
	0x76, 0x5f, 0x35, 0x29, 0x3b, 0x0a, 0x20, 0x20, 0x7d, 0x20, 0x65, 0x6c, 0x73, 0x65, 0x20, 0x7b, // v_5);.  } else {
	0x0a, 0x20, 0x20, 0x20, 0x20, 0x76, 0x61, 0x72, 0x20, 0x76, 0x5f, 0x37, 0x20, 0x3a, 0x20, 0x76, // .    var v_7 : v
	0x65, 0x63, 0x34, 0x3c, 0x66, 0x33, 0x32, 0x3e, 0x3b, 0x0a, 0x20, 0x20, 0x20, 0x20, 0x69, 0x66, // ec4<f32>;.    if
	0x20, 0x28, 0x28, 0x76, 0x5f, 0x31, 0x20, 0x3c, 0x20, 0x31, 0x2e, 0x35, 0x66, 0x29, 0x29, 0x20, //  ((v_1 < 1.5f)) 
	0x7b, 0x0a, 0x20, 0x20, 0x20, 0x20, 0x20, 0x20, 0x6c, 0x65, 0x74, 0x20, 0x76, 0x5f, 0x38, 0x20, // {.      let v_8 
	0x3d, 0x20, 0x76, 0x2e, 0x75, 0x5f, 0x65, 0x66, 0x66, 0x65, 0x63, 0x74, 0x5b, 0x30, 0x69, 0x5d, // = v.u_effect[0i]
	0x2e, 0x78, 0x79, 0x7a, 0x3b, 0x0a, 0x20, 0x20, 0x20, 0x20, 0x20, 0x20, 0x6c, 0x65, 0x74, 0x20, // .xyz;.      let 
	0x76, 0x5f, 0x39, 0x20, 0x3d, 0x20, 0x76, 0x2e, 0x75, 0x5f, 0x65, 0x66, 0x66, 0x65, 0x63, 0x74, // v_9 = v.u_effect
	0x5b, 0x31, 0x69, 0x5d, 0x2e, 0x78, 0x79, 0x7a, 0x3b, 0x0a, 0x20, 0x20, 0x20, 0x20, 0x20, 0x20, // [1i].xyz;.      
	0x6c, 0x65, 0x74, 0x20, 0x76, 0x5f, 0x31, 0x30, 0x20, 0x3d, 0x20, 0x76, 0x2e, 0x75, 0x5f, 0x65, // let v_10 = v.u_e
	0x66, 0x66, 0x65, 0x63, 0x74, 0x5b, 0x30, 0x69, 0x5d, 0x2e, 0x77, 0x3b, 0x0a, 0x20, 0x20, 0x20, // ffect[0i].w;.   
	0x20, 0x20, 0x20, 0x6c, 0x65, 0x74, 0x20, 0x76, 0x5f, 0x31, 0x31, 0x20, 0x3d, 0x20, 0x76, 0x5f, //    let v_11 = v_
	0x32, 0x2e, 0x77, 0x3b, 0x0a, 0x20, 0x20, 0x20, 0x20, 0x20, 0x20, 0x6c, 0x65, 0x74, 0x20, 0x76, // 2.w;.      let v
	0x5f, 0x31, 0x32, 0x20, 0x3d, 0x20, 0x6d, 0x61, 0x78, 0x28, 0x76, 0x5f, 0x31, 0x31, 0x2c, 0x20, // _12 = max(v_11, 
	0x30, 0x2e, 0x30, 0x30, 0x30, 0x30, 0x30, 0x30, 0x39, 0x39, 0x39, 0x39, 0x39, 0x39, 0x39, 0x39, // 0.00000099999999
	0x37, 0x34, 0x37, 0x35, 0x32, 0x34, 0x66, 0x29, 0x3b, 0x0a, 0x20, 0x20, 0x20, 0x20, 0x20, 0x20, // 747524f);.      
	0x6c, 0x65, 0x74, 0x20, 0x76, 0x5f, 0x31, 0x33, 0x20, 0x3d, 0x20, 0x28, 0x76, 0x5f, 0x32, 0x2e, // let v_13 = (v_2.
	0x78, 0x79, 0x7a, 0x20, 0x2f, 0x20, 0x76, 0x65, 0x63, 0x33, 0x3c, 0x66, 0x33, 0x32, 0x3e, 0x28, // xyz / vec3<f32>(
	0x76, 0x5f, 0x31, 0x32, 0x2c, 0x20, 0x76, 0x5f, 0x31, 0x32, 0x2c, 0x20, 0x76, 0x5f, 0x31, 0x32, // v_12, v_12, v_12
	0x29, 0x29, 0x3b, 0x0a, 0x20, 0x20, 0x20, 0x20, 0x20, 0x20, 0x6c, 0x65, 0x74, 0x20, 0x76, 0x5f, // ));.      let v_
	0x31, 0x34, 0x20, 0x3d, 0x20, 0x28, 0x6d, 0x69, 0x78, 0x28, 0x76, 0x5f, 0x31, 0x33, 0x2c, 0x20, // 14 = (mix(v_13, 
	0x28, 0x76, 0x5f, 0x38, 0x20, 0x2b, 0x20, 0x28, 0x28, 0x76, 0x5f, 0x39, 0x20, 0x2d, 0x20, 0x76, // (v_8 + ((v_9 - v
	0x5f, 0x38, 0x29, 0x20, 0x2a, 0x20, 0x63, 0x6c, 0x61, 0x6d, 0x70, 0x28, 0x64, 0x6f, 0x74, 0x28, // _8) * clamp(dot(
	0x76, 0x5f, 0x31, 0x33, 0x2c, 0x20, 0x76, 0x65, 0x63, 0x33, 0x3c, 0x66, 0x33, 0x32, 0x3e, 0x28, // v_13, vec3<f32>(
	0x30, 0x2e, 0x32, 0x31, 0x32, 0x35, 0x39, 0x39, 0x39, 0x39, 0x32, 0x37, 0x35, 0x32, 0x30, 0x37, // 0.21259999275207
	0x35, 0x31, 0x39, 0x35, 0x33, 0x31, 0x66, 0x2c, 0x20, 0x30, 0x2e, 0x37, 0x31, 0x35, 0x32, 0x30, // 519531f, 0.71520
	0x30, 0x30, 0x30, 0x36, 0x39, 0x36, 0x31, 0x38, 0x32, 0x32, 0x35, 0x30, 0x39, 0x37, 0x37, 0x66, // 000696182250977f
	0x2c, 0x20, 0x30, 0x2e, 0x30, 0x37, 0x32, 0x32, 0x30, 0x30, 0x30, 0x30, 0x30, 0x32, 0x38, 0x36, // , 0.072200000286
	0x31, 0x30, 0x32, 0x32, 0x39, 0x34, 0x39, 0x32, 0x66, 0x29, 0x29, 0x2c, 0x20, 0x30, 0x2e, 0x30, // 10229492f)), 0.0
	0x66, 0x2c, 0x20, 0x31, 0x2e, 0x30, 0x66, 0x29, 0x29, 0x29, 0x2c, 0x20, 0x76, 0x65, 0x63, 0x33, // f, 1.0f))), vec3
	0x3c, 0x66, 0x33, 0x32, 0x3e, 0x28, 0x76, 0x5f, 0x31, 0x30, 0x2c, 0x20, 0x76, 0x5f, 0x31, 0x30, // <f32>(v_10, v_10
	0x2c, 0x20, 0x76, 0x5f, 0x31, 0x30, 0x29, 0x29, 0x20, 0x2a, 0x20, 0x76, 0x5f, 0x31, 0x31, 0x29, // , v_10)) * v_11)
	0x3b, 0x0a, 0x20, 0x20, 0x20, 0x20, 0x20, 0x20, 0x76, 0x5f, 0x37, 0x20, 0x3d, 0x20, 0x76, 0x65, // ;.      v_7 = ve
	0x63, 0x34, 0x3c, 0x66, 0x33, 0x32, 0x3e, 0x28, 0x76, 0x5f, 0x31, 0x34, 0x2e, 0x78, 0x2c, 0x20, // c4<f32>(v_14.x, 
	0x76, 0x5f, 0x31, 0x34, 0x2e, 0x79, 0x2c, 0x20, 0x76, 0x5f, 0x31, 0x34, 0x2e, 0x7a, 0x2c, 0x20, // v_14.y, v_14.z, 
	0x76, 0x5f, 0x31, 0x31, 0x29, 0x3b, 0x0a, 0x20, 0x20, 0x20, 0x20, 0x7d, 0x20, 0x65, 0x6c, 0x73, // v_11);.    } els
	0x65, 0x20, 0x7b, 0x0a, 0x20, 0x20, 0x20, 0x20, 0x20, 0x20, 0x76, 0x61, 0x72, 0x20, 0x76, 0x5f, // e {.      var v_
	0x31, 0x35, 0x20, 0x3a, 0x20, 0x76, 0x65, 0x63, 0x34, 0x3c, 0x66, 0x33, 0x32, 0x3e, 0x3b, 0x0a, // 15 : vec4<f32>;.
	0x20, 0x20, 0x20, 0x20, 0x20, 0x20, 0x69, 0x66, 0x20, 0x28, 0x28, 0x76, 0x5f, 0x31, 0x20, 0x3c, //       if ((v_1 <
	0x20, 0x32, 0x2e, 0x35, 0x66, 0x29, 0x29, 0x20, 0x7b, 0x0a, 0x20, 0x20, 0x20, 0x20, 0x20, 0x20, //  2.5f)) {.      
	0x20, 0x20, 0x6c, 0x65, 0x74, 0x20, 0x76, 0x5f, 0x31, 0x36, 0x20, 0x3d, 0x20, 0x76, 0x2e, 0x75, //   let v_16 = v.u
	0x5f, 0x65, 0x66, 0x66, 0x65, 0x63, 0x74, 0x5b, 0x30, 0x69, 0x5d, 0x2e, 0x78, 0x79, 0x7a, 0x3b, // _effect[0i].xyz;
	0x0a, 0x20, 0x20, 0x20, 0x20, 0x20, 0x20, 0x20, 0x20, 0x6c, 0x65, 0x74, 0x20, 0x76, 0x5f, 0x31, // .        let v_1
	0x37, 0x20, 0x3d, 0x20, 0x76, 0x2e, 0x75, 0x5f, 0x65, 0x66, 0x66, 0x65, 0x63, 0x74, 0x5b, 0x31, // 7 = v.u_effect[1
	0x69, 0x5d, 0x2e, 0x78, 0x79, 0x7a, 0x3b, 0x0a, 0x20, 0x20, 0x20, 0x20, 0x20, 0x20, 0x20, 0x20, // i].xyz;.        
	0x6c, 0x65, 0x74, 0x20, 0x76, 0x5f, 0x31, 0x38, 0x20, 0x3d, 0x20, 0x76, 0x2e, 0x75, 0x5f, 0x65, // let v_18 = v.u_e
	0x66, 0x66, 0x65, 0x63, 0x74, 0x5b, 0x32, 0x69, 0x5d, 0x2e, 0x78, 0x79, 0x7a, 0x3b, 0x0a, 0x20, // ffect[2i].xyz;. 
	0x20, 0x20, 0x20, 0x20, 0x20, 0x20, 0x20, 0x6c, 0x65, 0x74, 0x20, 0x76, 0x5f, 0x31, 0x39, 0x20, //        let v_19 
	0x3d, 0x20, 0x76, 0x2e, 0x75, 0x5f, 0x65, 0x66, 0x66, 0x65, 0x63, 0x74, 0x5b, 0x32, 0x69, 0x5d, // = v.u_effect[2i]
	0x2e, 0x77, 0x3b, 0x0a, 0x20, 0x20, 0x20, 0x20, 0x20, 0x20, 0x20, 0x20, 0x6c, 0x65, 0x74, 0x20, // .w;.        let 
	0x76, 0x5f, 0x32, 0x30, 0x20, 0x3d, 0x20, 0x76, 0x5f, 0x32, 0x2e, 0x77, 0x3b, 0x0a, 0x20, 0x20, // v_20 = v_2.w;.  
	0x20, 0x20, 0x20, 0x20, 0x20, 0x20, 0x6c, 0x65, 0x74, 0x20, 0x76, 0x5f, 0x32, 0x31, 0x20, 0x3d, //       let v_21 =
	0x20, 0x6d, 0x61, 0x78, 0x28, 0x76, 0x5f, 0x32, 0x30, 0x2c, 0x20, 0x30, 0x2e, 0x30, 0x30, 0x30, //  max(v_20, 0.000
	0x30, 0x30, 0x30, 0x39, 0x39, 0x39, 0x39, 0x39, 0x39, 0x39, 0x39, 0x37, 0x34, 0x37, 0x35, 0x32, // 0009999999974752
	0x34, 0x66, 0x29, 0x3b, 0x0a, 0x20, 0x20, 0x20, 0x20, 0x20, 0x20, 0x20, 0x20, 0x6c, 0x65, 0x74, // 4f);.        let
	0x20, 0x76, 0x5f, 0x32, 0x32, 0x20, 0x3d, 0x20, 0x28, 0x76, 0x5f, 0x32, 0x2e, 0x78, 0x79, 0x7a, //  v_22 = (v_2.xyz
	0x20, 0x2f, 0x20, 0x76, 0x65, 0x63, 0x33, 0x3c, 0x66, 0x33, 0x32, 0x3e, 0x28, 0x76, 0x5f, 0x32, //  / vec3<f32>(v_2
	0x31, 0x2c, 0x20, 0x76, 0x5f, 0x32, 0x31, 0x2c, 0x20, 0x76, 0x5f, 0x32, 0x31, 0x29, 0x29, 0x3b, // 1, v_21, v_21));
	0x0a, 0x20, 0x20, 0x20, 0x20, 0x20, 0x20, 0x20, 0x20, 0x6c, 0x65, 0x74, 0x20, 0x76, 0x5f, 0x32, // .        let v_2
	0x33, 0x20, 0x3d, 0x20, 0x63, 0x6c, 0x61, 0x6d, 0x70, 0x28, 0x64, 0x6f, 0x74, 0x28, 0x76, 0x5f, // 3 = clamp(dot(v_
	0x32, 0x32, 0x2c, 0x20, 0x76, 0x65, 0x63, 0x33, 0x3c, 0x66, 0x33, 0x32, 0x3e, 0x28, 0x30, 0x2e, // 22, vec3<f32>(0.
	0x32, 0x31, 0x32, 0x35, 0x39, 0x39, 0x39, 0x39, 0x32, 0x37, 0x35, 0x32, 0x30, 0x37, 0x35, 0x31, // 2125999927520751
	0x39, 0x35, 0x33, 0x31, 0x66, 0x2c, 0x20, 0x30, 0x2e, 0x37, 0x31, 0x35, 0x32, 0x30, 0x30, 0x30, // 9531f, 0.7152000
	0x30, 0x36, 0x39, 0x36, 0x31, 0x38, 0x32, 0x32, 0x35, 0x30, 0x39, 0x37, 0x37, 0x66, 0x2c, 0x20, // 0696182250977f, 
	0x30, 0x2e, 0x30, 0x37, 0x32, 0x32, 0x30, 0x30, 0x30, 0x30, 0x30, 0x32, 0x38, 0x36, 0x31, 0x30, // 0.07220000028610
	0x32, 0x32, 0x39, 0x34, 0x39, 0x32, 0x66, 0x29, 0x29, 0x2c, 0x20, 0x30, 0x2e, 0x30, 0x66, 0x2c, // 229492f)), 0.0f,
	0x20, 0x31, 0x2e, 0x30, 0x66, 0x29, 0x3b, 0x0a, 0x20, 0x20, 0x20, 0x20, 0x20, 0x20, 0x20, 0x20, //  1.0f);.        
	0x6c, 0x65, 0x74, 0x20, 0x76, 0x5f, 0x32, 0x34, 0x20, 0x3d, 0x20, 0x28, 0x76, 0x5f, 0x32, 0x33, // let v_24 = (v_23
	0x20, 0x2a, 0x20, 0x32, 0x2e, 0x30, 0x66, 0x29, 0x3b, 0x0a, 0x20, 0x20, 0x20, 0x20, 0x20, 0x20, //  * 2.0f);.      
	0x20, 0x20, 0x6c, 0x65, 0x74, 0x20, 0x76, 0x5f, 0x32, 0x35, 0x20, 0x3d, 0x20, 0x63, 0x6c, 0x61, //   let v_25 = cla
	0x6d, 0x70, 0x28, 0x76, 0x5f, 0x32, 0x34, 0x2c, 0x20, 0x30, 0x2e, 0x30, 0x66, 0x2c, 0x20, 0x31, // mp(v_24, 0.0f, 1
	0x2e, 0x30, 0x66, 0x29, 0x3b, 0x0a, 0x20, 0x20, 0x20, 0x20, 0x20, 0x20, 0x20, 0x20, 0x6c, 0x65, // .0f);.        le
	0x74, 0x20, 0x76, 0x5f, 0x32, 0x36, 0x20, 0x3d, 0x20, 0x6d, 0x69, 0x78, 0x28, 0x76, 0x5f, 0x31, // t v_26 = mix(v_1
	0x36, 0x2c, 0x20, 0x76, 0x5f, 0x31, 0x37, 0x2c, 0x20, 0x76, 0x65, 0x63, 0x33, 0x3c, 0x66, 0x33, // 6, v_17, vec3<f3
	0x32, 0x3e, 0x28, 0x76, 0x5f, 0x32, 0x35, 0x2c, 0x20, 0x76, 0x5f, 0x32, 0x35, 0x2c, 0x20, 0x76, // 2>(v_25, v_25, v
	0x5f, 0x32, 0x35, 0x29, 0x29, 0x3b, 0x0a, 0x20, 0x20, 0x20, 0x20, 0x20, 0x20, 0x20, 0x20, 0x6c, // _25));.        l
	0x65, 0x74, 0x20, 0x76, 0x5f, 0x32, 0x37, 0x20, 0x3d, 0x20, 0x63, 0x6c, 0x61, 0x6d, 0x70, 0x28, // et v_27 = clamp(
	0x28, 0x76, 0x5f, 0x32, 0x34, 0x20, 0x2d, 0x20, 0x31, 0x2e, 0x30, 0x66, 0x29, 0x2c, 0x20, 0x30, // (v_24 - 1.0f), 0
	0x2e, 0x30, 0x66, 0x2c, 0x20, 0x31, 0x2e, 0x30, 0x66, 0x29, 0x3b, 0x0a, 0x20, 0x20, 0x20, 0x20, // .0f, 1.0f);.    
	0x20, 0x20, 0x20, 0x20, 0x6c, 0x65, 0x74, 0x20, 0x76, 0x5f, 0x32, 0x38, 0x20, 0x3d, 0x20, 0x6d, //     let v_28 = m
	0x69, 0x78, 0x28, 0x76, 0x5f, 0x31, 0x37, 0x2c, 0x20, 0x76, 0x5f, 0x31, 0x38, 0x2c, 0x20, 0x76, // ix(v_17, v_18, v
	0x65, 0x63, 0x33, 0x3c, 0x66, 0x33, 0x32, 0x3e, 0x28, 0x76, 0x5f, 0x32, 0x37, 0x2c, 0x20, 0x76, // ec3<f32>(v_27, v
	0x5f, 0x32, 0x37, 0x2c, 0x20, 0x76, 0x5f, 0x32, 0x37, 0x29, 0x29, 0x3b, 0x0a, 0x20, 0x20, 0x20, // _27, v_27));.   
	0x20, 0x20, 0x20, 0x20, 0x20, 0x6c, 0x65, 0x74, 0x20, 0x76, 0x5f, 0x32, 0x39, 0x20, 0x3d, 0x20, //      let v_29 = 
	0x73, 0x74, 0x65, 0x70, 0x28, 0x30, 0x2e, 0x35, 0x66, 0x2c, 0x20, 0x76, 0x5f, 0x32, 0x33, 0x29, // step(0.5f, v_23)
	0x3b, 0x0a, 0x20, 0x20, 0x20, 0x20, 0x20, 0x20, 0x20, 0x20, 0x6c, 0x65, 0x74, 0x20, 0x76, 0x5f, // ;.        let v_
	0x33, 0x30, 0x20, 0x3d, 0x20, 0x28, 0x6d, 0x69, 0x78, 0x28, 0x76, 0x5f, 0x32, 0x32, 0x2c, 0x20, // 30 = (mix(v_22, 
	0x6d, 0x69, 0x78, 0x28, 0x76, 0x5f, 0x32, 0x36, 0x2c, 0x20, 0x76, 0x5f, 0x32, 0x38, 0x2c, 0x20, // mix(v_26, v_28, 
	0x76, 0x65, 0x63, 0x33, 0x3c, 0x66, 0x33, 0x32, 0x3e, 0x28, 0x76, 0x5f, 0x32, 0x39, 0x2c, 0x20, // vec3<f32>(v_29, 
	0x76, 0x5f, 0x32, 0x39, 0x2c, 0x20, 0x76, 0x5f, 0x32, 0x39, 0x29, 0x29, 0x2c, 0x20, 0x76, 0x65, // v_29, v_29)), ve
	0x63, 0x33, 0x3c, 0x66, 0x33, 0x32, 0x3e, 0x28, 0x76, 0x5f, 0x31, 0x39, 0x2c, 0x20, 0x76, 0x5f, // c3<f32>(v_19, v_
	0x31, 0x39, 0x2c, 0x20, 0x76, 0x5f, 0x31, 0x39, 0x29, 0x29, 0x20, 0x2a, 0x20, 0x76, 0x5f, 0x32, // 19, v_19)) * v_2
	0x30, 0x29, 0x3b, 0x0a, 0x20, 0x20, 0x20, 0x20, 0x20, 0x20, 0x20, 0x20, 0x76, 0x5f, 0x31, 0x35, // 0);.        v_15
	0x20, 0x3d, 0x20, 0x76, 0x65, 0x63, 0x34, 0x3c, 0x66, 0x33, 0x32, 0x3e, 0x28, 0x76, 0x5f, 0x33, //  = vec4<f32>(v_3
	0x30, 0x2e, 0x78, 0x2c, 0x20, 0x76, 0x5f, 0x33, 0x30, 0x2e, 0x79, 0x2c, 0x20, 0x76, 0x5f, 0x33, // 0.x, v_30.y, v_3
	0x30, 0x2e, 0x7a, 0x2c, 0x20, 0x76, 0x5f, 0x32, 0x30, 0x29, 0x3b, 0x0a, 0x20, 0x20, 0x20, 0x20, // 0.z, v_20);.    
	0x20, 0x20, 0x7d, 0x20, 0x65, 0x6c, 0x73, 0x65, 0x20, 0x7b, 0x0a, 0x20, 0x20, 0x20, 0x20, 0x20, //   } else {.     
	0x20, 0x20, 0x20, 0x6c, 0x65, 0x74, 0x20, 0x76, 0x5f, 0x33, 0x31, 0x20, 0x3d, 0x20, 0x76, 0x2e, //    let v_31 = v.
	0x75, 0x5f, 0x65, 0x66, 0x66, 0x65, 0x63, 0x74, 0x5b, 0x30, 0x69, 0x5d, 0x3b, 0x0a, 0x20, 0x20, // u_effect[0i];.  
	0x20, 0x20, 0x20, 0x20, 0x20, 0x20, 0x6c, 0x65, 0x74, 0x20, 0x76, 0x5f, 0x33, 0x32, 0x20, 0x3d, //       let v_32 =
	0x20, 0x74, 0x65, 0x78, 0x74, 0x75, 0x72, 0x65, 0x53, 0x61, 0x6d, 0x70, 0x6c, 0x65, 0x28, 0x73, //  textureSample(s
	0x5f, 0x74, 0x65, 0x78, 0x54, 0x65, 0x78, 0x74, 0x75, 0x72, 0x65, 0x2c, 0x20, 0x73, 0x5f, 0x74, // _texTexture, s_t
	0x65, 0x78, 0x53, 0x61, 0x6d, 0x70, 0x6c, 0x65, 0x72, 0x2c, 0x20, 0x28, 0x76, 0x5f, 0x75, 0x76, // exSampler, (v_uv
	0x20, 0x2b, 0x20, 0x76, 0x2e, 0x75, 0x5f, 0x65, 0x66, 0x66, 0x65, 0x63, 0x74, 0x5b, 0x31, 0x69, //  + v.u_effect[1i
	0x5d, 0x2e, 0x78, 0x79, 0x29, 0x29, 0x2e, 0x77, 0x3b, 0x0a, 0x20, 0x20, 0x20, 0x20, 0x20, 0x20, // ].xy)).w;.      
	0x20, 0x20, 0x6c, 0x65, 0x74, 0x20, 0x76, 0x5f, 0x33, 0x33, 0x20, 0x3d, 0x20, 0x28, 0x76, 0x5f, //   let v_33 = (v_
	0x33, 0x31, 0x2e, 0x78, 0x79, 0x7a, 0x20, 0x2a, 0x20, 0x76, 0x5f, 0x33, 0x32, 0x29, 0x3b, 0x0a, // 31.xyz * v_32);.
	0x20, 0x20, 0x20, 0x20, 0x20, 0x20, 0x20, 0x20, 0x76, 0x5f, 0x31, 0x35, 0x20, 0x3d, 0x20, 0x76, //         v_15 = v
	0x65, 0x63, 0x34, 0x3c, 0x66, 0x33, 0x32, 0x3e, 0x28, 0x76, 0x5f, 0x33, 0x33, 0x2e, 0x78, 0x2c, // ec4<f32>(v_33.x,
	0x20, 0x76, 0x5f, 0x33, 0x33, 0x2e, 0x79, 0x2c, 0x20, 0x76, 0x5f, 0x33, 0x33, 0x2e, 0x7a, 0x2c, //  v_33.y, v_33.z,
	0x20, 0x28, 0x76, 0x5f, 0x33, 0x31, 0x2e, 0x77, 0x20, 0x2a, 0x20, 0x76, 0x5f, 0x33, 0x32, 0x29, //  (v_31.w * v_32)
	0x29, 0x3b, 0x0a, 0x20, 0x20, 0x20, 0x20, 0x20, 0x20, 0x7d, 0x0a, 0x20, 0x20, 0x20, 0x20, 0x20, // );.      }.     
	0x20, 0x76, 0x5f, 0x37, 0x20, 0x3d, 0x20, 0x76, 0x5f, 0x31, 0x35, 0x3b, 0x0a, 0x20, 0x20, 0x20, //  v_7 = v_15;.   
	0x20, 0x7d, 0x0a, 0x20, 0x20, 0x20, 0x20, 0x76, 0x5f, 0x33, 0x20, 0x3d, 0x20, 0x76, 0x5f, 0x37, //  }.    v_3 = v_7
	0x3b, 0x0a, 0x20, 0x20, 0x7d, 0x0a, 0x20, 0x20, 0x62, 0x67, 0x66, 0x78, 0x5f, 0x46, 0x72, 0x61, // ;.  }.  bgfx_Fra
	0x67, 0x44, 0x61, 0x74, 0x61, 0x30, 0x20, 0x3d, 0x20, 0x76, 0x5f, 0x33, 0x3b, 0x0a, 0x7d, 0x0a, // gData0 = v_3;.}.
	0x0a, 0x40, 0x66, 0x72, 0x61, 0x67, 0x6d, 0x65, 0x6e, 0x74, 0x0a, 0x66, 0x6e, 0x20, 0x6d, 0x61, // .@fragment.fn ma
	0x69, 0x6e, 0x28, 0x40, 0x6c, 0x6f, 0x63, 0x61, 0x74, 0x69, 0x6f, 0x6e, 0x28, 0x32, 0x75, 0x29, // in(@location(2u)
	0x20, 0x76, 0x5f, 0x75, 0x76, 0x20, 0x3a, 0x20, 0x76, 0x65, 0x63, 0x32, 0x3c, 0x66, 0x33, 0x32, //  v_uv : vec2<f32
	0x3e, 0x29, 0x20, 0x2d, 0x3e, 0x20, 0x40, 0x6c, 0x6f, 0x63, 0x61, 0x74, 0x69, 0x6f, 0x6e, 0x28, // >) -> @location(
	0x30, 0x75, 0x29, 0x20, 0x76, 0x65, 0x63, 0x34, 0x3c, 0x66, 0x33, 0x32, 0x3e, 0x20, 0x7b, 0x0a, // 0u) vec4<f32> {.
	0x20, 0x20, 0x6d, 0x61, 0x69, 0x6e, 0x5f, 0x69, 0x6e, 0x6e, 0x65, 0x72, 0x28, 0x76, 0x5f, 0x75, //   main_inner(v_u
	0x76, 0x29, 0x3b, 0x0a, 0x20, 0x20, 0x72, 0x65, 0x74, 0x75, 0x72, 0x6e, 0x20, 0x62, 0x67, 0x66, // v);.  return bgf
	0x78, 0x5f, 0x46, 0x72, 0x61, 0x67, 0x44, 0x61, 0x74, 0x61, 0x30, 0x3b, 0x0a, 0x7d, 0x0a, 0x00, // x_FragData0;.}..
	0x00, 0x40, 0x00, 0x40, 0x00,                                                                   // .@.@.
};
static const uint8_t fs_effect_dxbc[1727] =
{
	0x46, 0x53, 0x48, 0x0c, 0x29, 0x3e, 0x5c, 0xd3, 0x00, 0x00, 0x00, 0x00, 0x00, 0x00, 0x00, 0x00, // FSH.)>..........
	0x00, 0x00, 0x00, 0x00, 0x03, 0x00, 0x07, 0x75, 0x5f, 0x63, 0x6f, 0x6c, 0x6f, 0x72, 0x12, 0x00, // .......u_color..
	0x00, 0x00, 0x01, 0x00, 0x00, 0x00, 0x00, 0x00, 0x08, 0x75, 0x5f, 0x65, 0x66, 0x66, 0x65, 0x63, // .........u_effec
	0x74, 0x12, 0x03, 0x10, 0x00, 0x03, 0x00, 0x00, 0x00, 0x00, 0x00, 0x05, 0x73, 0x5f, 0x74, 0x65, // t...........s_te
	0x78, 0x30, 0x01, 0x01, 0x00, 0x01, 0x00, 0x00, 0x02, 0x00, 0x00, 0x6c, 0x06, 0x00, 0x00, 0x44, // x0.........l...D
	0x58, 0x42, 0x43, 0xe8, 0x85, 0x64, 0xf3, 0x58, 0xf3, 0x92, 0x7c, 0xc7, 0x8f, 0x3d, 0xcb, 0x25, // XBC..d.X..|..=.%
	0xd9, 0x3a, 0xe6, 0x01, 0x00, 0x00, 0x00, 0x6c, 0x06, 0x00, 0x00, 0x03, 0x00, 0x00, 0x00, 0x2c, // .:.....l.......,
	0x00, 0x00, 0x00, 0xb8, 0x00, 0x00, 0x00, 0xec, 0x00, 0x00, 0x00, 0x49, 0x53, 0x47, 0x4e, 0x84, // ...........ISGN.
	0x00, 0x00, 0x00, 0x04, 0x00, 0x00, 0x00, 0x08, 0x00, 0x00, 0x00, 0x68, 0x00, 0x00, 0x00, 0x00, // ...........h....
	0x00, 0x00, 0x00, 0x01, 0x00, 0x00, 0x00, 0x03, 0x00, 0x00, 0x00, 0x00, 0x00, 0x00, 0x00, 0x0f, // ................
	0x00, 0x00, 0x00, 0x74, 0x00, 0x00, 0x00, 0x00, 0x00, 0x00, 0x00, 0x00, 0x00, 0x00, 0x00, 0x03, // ...t............
	0x00, 0x00, 0x00, 0x01, 0x00, 0x00, 0x00, 0x0f, 0x00, 0x00, 0x00, 0x7a, 0x00, 0x00, 0x00, 0x01, // ...........z....
	0x00, 0x00, 0x00, 0x00, 0x00, 0x00, 0x00, 0x03, 0x00, 0x00, 0x00, 0x02, 0x00, 0x00, 0x00, 0x03, // ................
	0x00, 0x00, 0x00, 0x7a, 0x00, 0x00, 0x00, 0x00, 0x00, 0x00, 0x00, 0x00, 0x00, 0x00, 0x00, 0x03, // ...z............
	0x00, 0x00, 0x00, 0x02, 0x00, 0x00, 0x00, 0x0c, 0x0c, 0x00, 0x00, 0x53, 0x56, 0x5f, 0x50, 0x4f, // ...........SV_PO
	0x53, 0x49, 0x54, 0x49, 0x4f, 0x4e, 0x00, 0x43, 0x4f, 0x4c, 0x4f, 0x52, 0x00, 0x54, 0x45, 0x58, // SITION.COLOR.TEX
	0x43, 0x4f, 0x4f, 0x52, 0x44, 0x00, 0xab, 0x4f, 0x53, 0x47, 0x4e, 0x2c, 0x00, 0x00, 0x00, 0x01, // COORD..OSGN,....
	0x00, 0x00, 0x00, 0x08, 0x00, 0x00, 0x00, 0x20, 0x00, 0x00, 0x00, 0x00, 0x00, 0x00, 0x00, 0x00, // ....... ........
	0x00, 0x00, 0x00, 0x03, 0x00, 0x00, 0x00, 0x00, 0x00, 0x00, 0x00, 0x0f, 0x00, 0x00, 0x00, 0x53, // ...............S
	0x56, 0x5f, 0x54, 0x41, 0x52, 0x47, 0x45, 0x54, 0x00, 0xab, 0xab, 0x53, 0x48, 0x45, 0x58, 0x78, // V_TARGET...SHEXx
	0x05, 0x00, 0x00, 0x50, 0x00, 0x00, 0x00, 0x5e, 0x01, 0x00, 0x00, 0x6a, 0x08, 0x00, 0x01, 0x59, // ...P...^...j...Y
	0x00, 0x00, 0x04, 0x46, 0x8e, 0x20, 0x00, 0x00, 0x00, 0x00, 0x00, 0x04, 0x00, 0x00, 0x00, 0x5a, // ...F. .........Z
	0x00, 0x00, 0x03, 0x00, 0x60, 0x10, 0x00, 0x01, 0x00, 0x00, 0x00, 0x58, 0x18, 0x00, 0x04, 0x00, // ....`......X....
	0x70, 0x10, 0x00, 0x01, 0x00, 0x00, 0x00, 0x55, 0x55, 0x00, 0x00, 0x62, 0x10, 0x00, 0x03, 0xc2, // p......UU..b....
	0x10, 0x10, 0x00, 0x02, 0x00, 0x00, 0x00, 0x65, 0x00, 0x00, 0x03, 0xf2, 0x20, 0x10, 0x00, 0x00, // .......e.... ...
	0x00, 0x00, 0x00, 0x68, 0x00, 0x00, 0x02, 0x03, 0x00, 0x00, 0x00, 0x45, 0x00, 0x00, 0x8b, 0xc2, // ...h.......E....
	0x00, 0x00, 0x80, 0x43, 0x55, 0x15, 0x00, 0xf2, 0x00, 0x10, 0x00, 0x00, 0x00, 0x00, 0x00, 0xe6, // ...CU...........
	0x1a, 0x10, 0x00, 0x02, 0x00, 0x00, 0x00, 0x46, 0x7e, 0x10, 0x00, 0x01, 0x00, 0x00, 0x00, 0x00, // .......F~.......
	0x60, 0x10, 0x00, 0x01, 0x00, 0x00, 0x00, 0x31, 0x00, 0x00, 0x08, 0x12, 0x00, 0x10, 0x00, 0x01, // `......1........
	0x00, 0x00, 0x00, 0x0a, 0x80, 0x20, 0x00, 0x00, 0x00, 0x00, 0x00, 0x00, 0x00, 0x00, 0x00, 0x01, // ..... ..........
	0x40, 0x00, 0x00, 0x00, 0x00, 0x00, 0x3f, 0x1f, 0x00, 0x04, 0x03, 0x0a, 0x00, 0x10, 0x00, 0x01, // @.....?.........
	0x00, 0x00, 0x00, 0x38, 0x00, 0x00, 0x08, 0x12, 0x00, 0x10, 0x00, 0x01, 0x00, 0x00, 0x00, 0x3a, // ...8...........:
	0x00, 0x10, 0x00, 0x00, 0x00, 0x00, 0x00, 0x3a, 0x80, 0x20, 0x00, 0x00, 0x00, 0x00, 0x00, 0x01, // .......:. ......
	0x00, 0x00, 0x00, 0x38, 0x00, 0x00, 0x08, 0x72, 0x20, 0x10, 0x00, 0x00, 0x00, 0x00, 0x00, 0x06, // ...8...r .......
	0x00, 0x10, 0x00, 0x01, 0x00, 0x00, 0x00, 0x46, 0x82, 0x20, 0x00, 0x00, 0x00, 0x00, 0x00, 0x01, // .......F. ......
	0x00, 0x00, 0x00, 0x36, 0x00, 0x00, 0x05, 0x82, 0x20, 0x10, 0x00, 0x00, 0x00, 0x00, 0x00, 0x0a, // ...6.... .......
	0x00, 0x10, 0x00, 0x01, 0x00, 0x00, 0x00, 0x12, 0x00, 0x00, 0x01, 0x31, 0x00, 0x00, 0x08, 0x12, // ...........1....
	0x00, 0x10, 0x00, 0x01, 0x00, 0x00, 0x00, 0x0a, 0x80, 0x20, 0x00, 0x00, 0x00, 0x00, 0x00, 0x00, // ......... ......
	0x00, 0x00, 0x00, 0x01, 0x40, 0x00, 0x00, 0x00, 0x00, 0xc0, 0x3f, 0x1f, 0x00, 0x04, 0x03, 0x0a, // ....@.....?.....
	0x00, 0x10, 0x00, 0x01, 0x00, 0x00, 0x00, 0x34, 0x00, 0x00, 0x07, 0x12, 0x00, 0x10, 0x00, 0x01, // .......4........
	0x00, 0x00, 0x00, 0x3a, 0x00, 0x10, 0x00, 0x00, 0x00, 0x00, 0x00, 0x01, 0x40, 0x00, 0x00, 0xbd, // ...:........@...
	0x37, 0x86, 0x35, 0x0e, 0x00, 0x00, 0x07, 0x72, 0x00, 0x10, 0x00, 0x01, 0x00, 0x00, 0x00, 0x46, // 7.5....r.......F
	0x02, 0x10, 0x00, 0x00, 0x00, 0x00, 0x00, 0x06, 0x00, 0x10, 0x00, 0x01, 0x00, 0x00, 0x00, 0x10, // ................
	0x20, 0x00, 0x0a, 0x82, 0x00, 0x10, 0x00, 0x01, 0x00, 0x00, 0x00, 0x46, 0x02, 0x10, 0x00, 0x01, //  ..........F....
	0x00, 0x00, 0x00, 0x02, 0x40, 0x00, 0x00, 0xd0, 0xb3, 0x59, 0x3e, 0x59, 0x17, 0x37, 0x3f, 0x98, // ....@....Y>Y.7?.
	0xdd, 0x93, 0x3d, 0x00, 0x00, 0x00, 0x00, 0x00, 0x00, 0x00, 0x0a, 0x72, 0x00, 0x10, 0x00, 0x02, // ..=........r....
	0x00, 0x00, 0x00, 0x46, 0x82, 0x20, 0x80, 0x41, 0x00, 0x00, 0x00, 0x00, 0x00, 0x00, 0x00, 0x01, // ...F. .A........
	0x00, 0x00, 0x00, 0x46, 0x82, 0x20, 0x00, 0x00, 0x00, 0x00, 0x00, 0x02, 0x00, 0x00, 0x00, 0x32, // ...F. .........2
	0x00, 0x00, 0x0a, 0x72, 0x00, 0x10, 0x00, 0x02, 0x00, 0x00, 0x00, 0x46, 0x02, 0x10, 0x00, 0x02, // ...r.......F....
	0x00, 0x00, 0x00, 0xf6, 0x0f, 0x10, 0x00, 0x01, 0x00, 0x00, 0x00, 0x46, 0x82, 0x20, 0x00, 0x00, // ...........F. ..
	0x00, 0x00, 0x00, 0x01, 0x00, 0x00, 0x00, 0x00, 0x00, 0x00, 0x08, 0x72, 0x00, 0x10, 0x00, 0x02, // ...........r....
	0x00, 0x00, 0x00, 0x46, 0x02, 0x10, 0x80, 0x41, 0x00, 0x00, 0x00, 0x01, 0x00, 0x00, 0x00, 0x46, // ...F...A.......F
	0x02, 0x10, 0x00, 0x02, 0x00, 0x00, 0x00, 0x32, 0x00, 0x00, 0x0a, 0x72, 0x00, 0x10, 0x00, 0x01, // .......2...r....
	0x00, 0x00, 0x00, 0xf6, 0x8f, 0x20, 0x00, 0x00, 0x00, 0x00, 0x00, 0x01, 0x00, 0x00, 0x00, 0x46, // ..... .........F
	0x02, 0x10, 0x00, 0x02, 0x00, 0x00, 0x00, 0x46, 0x02, 0x10, 0x00, 0x01, 0x00, 0x00, 0x00, 0x38, // .......F.......8
	0x00, 0x00, 0x07, 0x72, 0x20, 0x10, 0x00, 0x00, 0x00, 0x00, 0x00, 0xf6, 0x0f, 0x10, 0x00, 0x00, // ...r ...........
	0x00, 0x00, 0x00, 0x46, 0x02, 0x10, 0x00, 0x01, 0x00, 0x00, 0x00, 0x36, 0x00, 0x00, 0x05, 0x82, // ...F.......6....
	0x20, 0x10, 0x00, 0x00, 0x00, 0x00, 0x00, 0x3a, 0x00, 0x10, 0x00, 0x00, 0x00, 0x00, 0x00, 0x12, //  ......:........
	0x00, 0x00, 0x01, 0x31, 0x00, 0x00, 0x08, 0x12, 0x00, 0x10, 0x00, 0x01, 0x00, 0x00, 0x00, 0x0a, // ...1............
	0x80, 0x20, 0x00, 0x00, 0x00, 0x00, 0x00, 0x00, 0x00, 0x00, 0x00, 0x01, 0x40, 0x00, 0x00, 0x00, // . ..........@...
	0x00, 0x20, 0x40, 0x1f, 0x00, 0x04, 0x03, 0x0a, 0x00, 0x10, 0x00, 0x01, 0x00, 0x00, 0x00, 0x34, // . @............4
	0x00, 0x00, 0x07, 0x12, 0x00, 0x10, 0x00, 0x01, 0x00, 0x00, 0x00, 0x3a, 0x00, 0x10, 0x00, 0x00, // ...........:....
	0x00, 0x00, 0x00, 0x01, 0x40, 0x00, 0x00, 0xbd, 0x37, 0x86, 0x35, 0x0e, 0x00, 0x00, 0x07, 0x72, // ....@...7.5....r
	0x00, 0x10, 0x00, 0x00, 0x00, 0x00, 0x00, 0x46, 0x02, 0x10, 0x00, 0x00, 0x00, 0x00, 0x00, 0x06, // .......F........
	0x00, 0x10, 0x00, 0x01, 0x00, 0x00, 0x00, 0x10, 0x20, 0x00, 0x0a, 0x12, 0x00, 0x10, 0x00, 0x01, // ........ .......
	0x00, 0x00, 0x00, 0x46, 0x02, 0x10, 0x00, 0x00, 0x00, 0x00, 0x00, 0x02, 0x40, 0x00, 0x00, 0xd0, // ...F........@...
	0xb3, 0x59, 0x3e, 0x59, 0x17, 0x37, 0x3f, 0x98, 0xdd, 0x93, 0x3d, 0x00, 0x00, 0x00, 0x00, 0x00, // .Y>Y.7?...=.....
	0x00, 0x00, 0x07, 0x22, 0x00, 0x10, 0x00, 0x01, 0x00, 0x00, 0x00, 0x0a, 0x00, 0x10, 0x00, 0x01, // ..."............
	0x00, 0x00, 0x00, 0x0a, 0x00, 0x10, 0x00, 0x01, 0x00, 0x00, 0x00, 0x33, 0x00, 0x00, 0x07, 0x22, // ...........3..."
	0x00, 0x10, 0x00, 0x01, 0x00, 0x00, 0x00, 0x1a, 0x00, 0x10, 0x00, 0x01, 0x00, 0x00, 0x00, 0x01, // ................
	0x40, 0x00, 0x00, 0x00, 0x00, 0x80, 0x3f, 0x00, 0x00, 0x00, 0x0a, 0x72, 0x00, 0x10, 0x00, 0x02, // @.....?....r....
	0x00, 0x00, 0x00, 0x46, 0x82, 0x20, 0x80, 0x41, 0x00, 0x00, 0x00, 0x00, 0x00, 0x00, 0x00, 0x01, // ...F. .A........
	0x00, 0x00, 0x00, 0x46, 0x82, 0x20, 0x00, 0x00, 0x00, 0x00, 0x00, 0x02, 0x00, 0x00, 0x00, 0x32, // ...F. .........2
	0x00, 0x00, 0x0a, 0xe2, 0x00, 0x10, 0x00, 0x01, 0x00, 0x00, 0x00, 0x56, 0x05, 0x10, 0x00, 0x01, // ...........V....
	0x00, 0x00, 0x00, 0x06, 0x09, 0x10, 0x00, 0x02, 0x00, 0x00, 0x00, 0x06, 0x89, 0x20, 0x00, 0x00, // ............. ..
	0x00, 0x00, 0x00, 0x01, 0x00, 0x00, 0x00, 0x32, 0x00, 0x00, 0x09, 0x12, 0x00, 0x10, 0x00, 0x02, // .......2........
	0x00, 0x00, 0x00, 0x0a, 0x00, 0x10, 0x00, 0x01, 0x00, 0x00, 0x00, 0x01, 0x40, 0x00, 0x00, 0x00, // ............@...
	0x00, 0x00, 0x40, 0x01, 0x40, 0x00, 0x00, 0x00, 0x00, 0x80, 0xbf, 0x34, 0x00, 0x00, 0x07, 0x12, // ..@.@......4....
	0x00, 0x10, 0x00, 0x02, 0x00, 0x00, 0x00, 0x0a, 0x00, 0x10, 0x00, 0x02, 0x00, 0x00, 0x00, 0x01, // ................
	0x40, 0x00, 0x00, 0x00, 0x00, 0x00, 0x00, 0x00, 0x00, 0x00, 0x0a, 0xe2, 0x00, 0x10, 0x00, 0x02, // @...............
	0x00, 0x00, 0x00, 0x06, 0x89, 0x20, 0x80, 0x41, 0x00, 0x00, 0x00, 0x00, 0x00, 0x00, 0x00, 0x02, // ..... .A........
	0x00, 0x00, 0x00, 0x06, 0x89, 0x20, 0x00, 0x00, 0x00, 0x00, 0x00, 0x03, 0x00, 0x00, 0x00, 0x32, // ..... .........2
	0x00, 0x00, 0x0a, 0x72, 0x00, 0x10, 0x00, 0x02, 0x00, 0x00, 0x00, 0x06, 0x00, 0x10, 0x00, 0x02, // ...r............
	0x00, 0x00, 0x00, 0x96, 0x07, 0x10, 0x00, 0x02, 0x00, 0x00, 0x00, 0x46, 0x82, 0x20, 0x00, 0x00, // ...........F. ..
	0x00, 0x00, 0x00, 0x02, 0x00, 0x00, 0x00, 0x1d, 0x00, 0x00, 0x07, 0x12, 0x00, 0x10, 0x00, 0x01, // ................
	0x00, 0x00, 0x00, 0x0a, 0x00, 0x10, 0x00, 0x01, 0x00, 0x00, 0x00, 0x01, 0x40, 0x00, 0x00, 0x00, // ............@...
	0x00, 0x00, 0x3f, 0x01, 0x00, 0x00, 0x07, 0x12, 0x00, 0x10, 0x00, 0x01, 0x00, 0x00, 0x00, 0x0a, // ..?.............
	0x00, 0x10, 0x00, 0x01, 0x00, 0x00, 0x00, 0x01, 0x40, 0x00, 0x00, 0x00, 0x00, 0x80, 0x3f, 0x00, // ........@.....?.
	0x00, 0x00, 0x08, 0x72, 0x00, 0x10, 0x00, 0x02, 0x00, 0x00, 0x00, 0x96, 0x07, 0x10, 0x80, 0x41, // ...r...........A
	0x00, 0x00, 0x00, 0x01, 0x00, 0x00, 0x00, 0x46, 0x02, 0x10, 0x00, 0x02, 0x00, 0x00, 0x00, 0x32, // .......F.......2
	0x00, 0x00, 0x09, 0x72, 0x00, 0x10, 0x00, 0x01, 0x00, 0x00, 0x00, 0x06, 0x00, 0x10, 0x00, 0x01, // ...r............
	0x00, 0x00, 0x00, 0x46, 0x02, 0x10, 0x00, 0x02, 0x00, 0x00, 0x00, 0x96, 0x07, 0x10, 0x00, 0x01, // ...F............
	0x00, 0x00, 0x00, 0x00, 0x00, 0x00, 0x08, 0x72, 0x00, 0x10, 0x00, 0x01, 0x00, 0x00, 0x00, 0x46, // .......r.......F
	0x02, 0x10, 0x80, 0x41, 0x00, 0x00, 0x00, 0x00, 0x00, 0x00, 0x00, 0x46, 0x02, 0x10, 0x00, 0x01, // ...A.......F....
	0x00, 0x00, 0x00, 0x32, 0x00, 0x00, 0x0a, 0x72, 0x00, 0x10, 0x00, 0x00, 0x00, 0x00, 0x00, 0xf6, // ...2...r........
	0x8f, 0x20, 0x00, 0x00, 0x00, 0x00, 0x00, 0x03, 0x00, 0x00, 0x00, 0x46, 0x02, 0x10, 0x00, 0x01, // . .........F....
	0x00, 0x00, 0x00, 0x46, 0x02, 0x10, 0x00, 0x00, 0x00, 0x00, 0x00, 0x38, 0x00, 0x00, 0x07, 0x72, // ...F.......8...r
	0x20, 0x10, 0x00, 0x00, 0x00, 0x00, 0x00, 0xf6, 0x0f, 0x10, 0x00, 0x00, 0x00, 0x00, 0x00, 0x46, //  ..............F
	0x02, 0x10, 0x00, 0x00, 0x00, 0x00, 0x00, 0x36, 0x00, 0x00, 0x05, 0x82, 0x20, 0x10, 0x00, 0x00, // .......6.... ...
	0x00, 0x00, 0x00, 0x3a, 0x00, 0x10, 0x00, 0x00, 0x00, 0x00, 0x00, 0x12, 0x00, 0x00, 0x01, 0x00, // ...:............
	0x00, 0x00, 0x08, 0x32, 0x00, 0x10, 0x00, 0x00, 0x00, 0x00, 0x00, 0xe6, 0x1a, 0x10, 0x00, 0x02, // ...2............
	0x00, 0x00, 0x00, 0x46, 0x80, 0x20, 0x00, 0x00, 0x00, 0x00, 0x00, 0x02, 0x00, 0x00, 0x00, 0x45, // ...F. .........E
	0x00, 0x00, 0x8b, 0xc2, 0x00, 0x00, 0x80, 0x43, 0x55, 0x15, 0x00, 0x12, 0x00, 0x10, 0x00, 0x00, // .......CU.......
	0x00, 0x00, 0x00, 0x46, 0x00, 0x10, 0x00, 0x00, 0x00, 0x00, 0x00, 0x36, 0x79, 0x10, 0x00, 0x01, // ...F.......6y...
	0x00, 0x00, 0x00, 0x00, 0x60, 0x10, 0x00, 0x01, 0x00, 0x00, 0x00, 0x38, 0x00, 0x00, 0x08, 0xf2, // ....`......8....
	0x20, 0x10, 0x00, 0x00, 0x00, 0x00, 0x00, 0x06, 0x00, 0x10, 0x00, 0x00, 0x00, 0x00, 0x00, 0x46, //  ..............F
	0x8e, 0x20, 0x00, 0x00, 0x00, 0x00, 0x00, 0x01, 0x00, 0x00, 0x00, 0x15, 0x00, 0x00, 0x01, 0x15, // . ..............
	0x00, 0x00, 0x01, 0x15, 0x00, 0x00, 0x01, 0x3e, 0x00, 0x00, 0x01, 0x00, 0x00, 0x40, 0x00,       // .......>.....@.
};
static const uint8_t fs_effect_dxil[3679] =
{
	0x46, 0x53, 0x48, 0x0c, 0x29, 0x3e, 0x5c, 0xd3, 0x00, 0x00, 0x00, 0x00, 0x00, 0x00, 0x00, 0x00, // FSH.)>..........
	0x00, 0x00, 0x00, 0x00, 0x03, 0x00, 0x07, 0x75, 0x5f, 0x63, 0x6f, 0x6c, 0x6f, 0x72, 0x12, 0x00, // .......u_color..
	0x00, 0x00, 0x01, 0x00, 0x00, 0x00, 0x00, 0x00, 0x08, 0x75, 0x5f, 0x65, 0x66, 0x66, 0x65, 0x63, // .........u_effec
	0x74, 0x12, 0x03, 0x10, 0x00, 0x03, 0x00, 0x00, 0x00, 0x00, 0x00, 0x05, 0x73, 0x5f, 0x74, 0x65, // t...........s_te
	0x78, 0x30, 0x01, 0x01, 0x00, 0x01, 0x00, 0x00, 0x02, 0x00, 0x00, 0x0c, 0x0e, 0x00, 0x00, 0x44, // x0.............D
	0x58, 0x42, 0x43, 0x2d, 0x27, 0x27, 0x5b, 0xaf, 0x0b, 0x76, 0x26, 0x0f, 0x0e, 0x17, 0xc0, 0xa6, // XBC-''[..v&.....
	0xc9, 0x24, 0x2b, 0x01, 0x00, 0x00, 0x00, 0x0c, 0x0e, 0x00, 0x00, 0x07, 0x00, 0x00, 0x00, 0x3c, // .$+............<
	0x00, 0x00, 0x00, 0x4c, 0x00, 0x00, 0x00, 0xf8, 0x00, 0x00, 0x00, 0x34, 0x01, 0x00, 0x00, 0x7c, // ...L.......4...|
	0x02, 0x00, 0x00, 0xb0, 0x02, 0x00, 0x00, 0xcc, 0x02, 0x00, 0x00, 0x53, 0x46, 0x49, 0x30, 0x08, // ...........SFI0.
	0x00, 0x00, 0x00, 0x00, 0x00, 0x00, 0x00, 0x00, 0x00, 0x00, 0x00, 0x49, 0x53, 0x47, 0x31, 0xa4, // ...........ISG1.
	0x00, 0x00, 0x00, 0x04, 0x00, 0x00, 0x00, 0x08, 0x00, 0x00, 0x00, 0x00, 0x00, 0x00, 0x00, 0x88, // ................
	0x00, 0x00, 0x00, 0x00, 0x00, 0x00, 0x00, 0x01, 0x00, 0x00, 0x00, 0x03, 0x00, 0x00, 0x00, 0x00, // ................
	0x00, 0x00, 0x00, 0x0f, 0x00, 0x00, 0x00, 0x00, 0x00, 0x00, 0x00, 0x00, 0x00, 0x00, 0x00, 0x94, // ................
	0x00, 0x00, 0x00, 0x00, 0x00, 0x00, 0x00, 0x00, 0x00, 0x00, 0x00, 0x03, 0x00, 0x00, 0x00, 0x01, // ................
	0x00, 0x00, 0x00, 0x0f, 0x00, 0x00, 0x00, 0x00, 0x00, 0x00, 0x00, 0x00, 0x00, 0x00, 0x00, 0x9a, // ................
	0x00, 0x00, 0x00, 0x01, 0x00, 0x00, 0x00, 0x00, 0x00, 0x00, 0x00, 0x03, 0x00, 0x00, 0x00, 0x02, // ................
	0x00, 0x00, 0x00, 0x03, 0x00, 0x00, 0x00, 0x00, 0x00, 0x00, 0x00, 0x00, 0x00, 0x00, 0x00, 0x9a, // ................
	0x00, 0x00, 0x00, 0x00, 0x00, 0x00, 0x00, 0x00, 0x00, 0x00, 0x00, 0x03, 0x00, 0x00, 0x00, 0x02, // ................
	0x00, 0x00, 0x00, 0x0c, 0x0c, 0x00, 0x00, 0x00, 0x00, 0x00, 0x00, 0x53, 0x56, 0x5f, 0x50, 0x6f, // ...........SV_Po
	0x73, 0x69, 0x74, 0x69, 0x6f, 0x6e, 0x00, 0x43, 0x4f, 0x4c, 0x4f, 0x52, 0x00, 0x54, 0x45, 0x58, // sition.COLOR.TEX
	0x43, 0x4f, 0x4f, 0x52, 0x44, 0x00, 0x00, 0x4f, 0x53, 0x47, 0x31, 0x34, 0x00, 0x00, 0x00, 0x01, // COORD..OSG14....
	0x00, 0x00, 0x00, 0x08, 0x00, 0x00, 0x00, 0x00, 0x00, 0x00, 0x00, 0x28, 0x00, 0x00, 0x00, 0x00, // ...........(....
	0x00, 0x00, 0x00, 0x40, 0x00, 0x00, 0x00, 0x03, 0x00, 0x00, 0x00, 0x00, 0x00, 0x00, 0x00, 0x0f, // ...@............
	0x00, 0x00, 0x00, 0x00, 0x00, 0x00, 0x00, 0x53, 0x56, 0x5f, 0x54, 0x61, 0x72, 0x67, 0x65, 0x74, // .......SV_Target
	0x00, 0x00, 0x00, 0x50, 0x53, 0x56, 0x30, 0x40, 0x01, 0x00, 0x00, 0x38, 0x00, 0x00, 0x00, 0x00, // ...PSV0@...8....
	0x00, 0x00, 0x00, 0x00, 0x00, 0x00, 0x00, 0x00, 0x00, 0x00, 0x00, 0x00, 0x00, 0x00, 0x00, 0x00, // ................
	0x00, 0x00, 0x00, 0xff, 0xff, 0xff, 0xff, 0x00, 0x00, 0x00, 0x00, 0x04, 0x01, 0x00, 0x03, 0x01, // ................
	0x00, 0x00, 0x00, 0x00, 0x00, 0x00, 0x00, 0x00, 0x00, 0x00, 0x00, 0x00, 0x00, 0x00, 0x00, 0x19, // ................
	0x00, 0x00, 0x00, 0x00, 0x00, 0x00, 0x00, 0x03, 0x00, 0x00, 0x00, 0x18, 0x00, 0x00, 0x00, 0x02, // ................
	0x00, 0x00, 0x00, 0x00, 0x00, 0x00, 0x00, 0x00, 0x00, 0x00, 0x00, 0x00, 0x00, 0x00, 0x00, 0x0d, // ................
	0x00, 0x00, 0x00, 0x00, 0x00, 0x00, 0x00, 0x01, 0x00, 0x00, 0x00, 0x00, 0x00, 0x00, 0x00, 0x01, // ................
	0x00, 0x00, 0x00, 0x01, 0x00, 0x00, 0x00, 0x0e, 0x00, 0x00, 0x00, 0x00, 0x00, 0x00, 0x00, 0x03, // ................
	0x00, 0x00, 0x00, 0x00, 0x00, 0x00, 0x00, 0x01, 0x00, 0x00, 0x00, 0x01, 0x00, 0x00, 0x00, 0x02, // ................
	0x00, 0x00, 0x00, 0x00, 0x00, 0x00, 0x00, 0x20, 0x00, 0x00, 0x00, 0x00, 0x43, 0x4f, 0x4c, 0x4f, // ....... ....COLO
	0x52, 0x00, 0x54, 0x45, 0x58, 0x43, 0x4f, 0x4f, 0x52, 0x44, 0x00, 0x54, 0x45, 0x58, 0x43, 0x4f, // R.TEXCOORD.TEXCO
	0x4f, 0x52, 0x44, 0x00, 0x6d, 0x61, 0x69, 0x6e, 0x00, 0x00, 0x00, 0x02, 0x00, 0x00, 0x00, 0x00, // ORD.main........
	0x00, 0x00, 0x00, 0x01, 0x00, 0x00, 0x00, 0x10, 0x00, 0x00, 0x00, 0x00, 0x00, 0x00, 0x00, 0x00, // ................
	0x00, 0x00, 0x00, 0x01, 0x00, 0x44, 0x03, 0x03, 0x04, 0x00, 0x00, 0x01, 0x00, 0x00, 0x00, 0x00, // .....D..........
	0x00, 0x00, 0x00, 0x01, 0x01, 0x44, 0x00, 0x03, 0x02, 0x00, 0x00, 0x07, 0x00, 0x00, 0x00, 0x01, // .....D..........
	0x00, 0x00, 0x00, 0x01, 0x02, 0x42, 0x00, 0x03, 0x02, 0x00, 0x00, 0x10, 0x00, 0x00, 0x00, 0x00, // .....B..........
	0x00, 0x00, 0x00, 0x01, 0x02, 0x62, 0x00, 0x03, 0x02, 0x00, 0x00, 0x00, 0x00, 0x00, 0x00, 0x00, // .....b..........
	0x00, 0x00, 0x00, 0x01, 0x00, 0x44, 0x10, 0x03, 0x00, 0x00, 0x00, 0x00, 0x00, 0x00, 0x00, 0x00, // .....D..........
	0x00, 0x00, 0x00, 0x00, 0x00, 0x00, 0x00, 0x00, 0x00, 0x00, 0x00, 0x00, 0x00, 0x00, 0x00, 0x00, // ................
	0x00, 0x00, 0x00, 0x00, 0x00, 0x00, 0x00, 0x00, 0x00, 0x00, 0x00, 0x00, 0x00, 0x00, 0x00, 0x00, // ................
	0x00, 0x00, 0x00, 0x0f, 0x00, 0x00, 0x00, 0x0f, 0x00, 0x00, 0x00, 0x49, 0x4c, 0x44, 0x4e, 0x2c, // ...........ILDN,
	0x00, 0x00, 0x00, 0x00, 0x00, 0x24, 0x00, 0x62, 0x30, 0x36, 0x38, 0x32, 0x64, 0x65, 0x64, 0x61, // .....$.b0682deda
	0x63, 0x37, 0x35, 0x31, 0x34, 0x38, 0x34, 0x62, 0x62, 0x32, 0x36, 0x39, 0x38, 0x31, 0x66, 0x61, // c751484bb26981fa
	0x35, 0x62, 0x63, 0x30, 0x32, 0x65, 0x38, 0x2e, 0x70, 0x64, 0x62, 0x00, 0x00, 0x00, 0x00, 0x48, // 5bc02e8.pdb....H
	0x41, 0x53, 0x48, 0x14, 0x00, 0x00, 0x00, 0x00, 0x00, 0x00, 0x00, 0xb0, 0x68, 0x2d, 0xed, 0xac, // ASH.........h-..
	0x75, 0x14, 0x84, 0xbb, 0x26, 0x98, 0x1f, 0xa5, 0xbc, 0x02, 0xe8, 0x44, 0x58, 0x49, 0x4c, 0x38, // u...&......DXIL8
	0x0b, 0x00, 0x00, 0x60, 0x00, 0x00, 0x00, 0xce, 0x02, 0x00, 0x00, 0x44, 0x58, 0x49, 0x4c, 0x00, // ...`.......DXIL.
	0x01, 0x00, 0x00, 0x10, 0x00, 0x00, 0x00, 0x20, 0x0b, 0x00, 0x00, 0x42, 0x43, 0xc0, 0xde, 0x21, // ....... ...BC..!
	0x0c, 0x00, 0x00, 0xc5, 0x02, 0x00, 0x00, 0x0b, 0x82, 0x20, 0x00, 0x02, 0x00, 0x00, 0x00, 0x13, // ......... ......
	0x00, 0x00, 0x00, 0x07, 0x81, 0x23, 0x91, 0x41, 0xc8, 0x04, 0x49, 0x06, 0x10, 0x32, 0x39, 0x92, // .....#.A..I..29.
	0x01, 0x84, 0x0c, 0x25, 0x05, 0x08, 0x19, 0x1e, 0x04, 0x8b, 0x62, 0x80, 0x18, 0x45, 0x02, 0x42, // ...%......b..E.B
	0x92, 0x0b, 0x42, 0xc4, 0x10, 0x32, 0x14, 0x38, 0x08, 0x18, 0x4b, 0x0a, 0x32, 0x62, 0x88, 0x48, // ..B..2.8..K.2b.H
	0x90, 0x14, 0x20, 0x43, 0x46, 0x88, 0xa5, 0x00, 0x19, 0x32, 0x42, 0xe4, 0x48, 0x0e, 0x90, 0x11, // .. CF....2B.H...
	0x23, 0xc4, 0x50, 0x41, 0x51, 0x81, 0x8c, 0xe1, 0x83, 0xe5, 0x8a, 0x04, 0x31, 0x46, 0x06, 0x51, // #.PAQ.......1F.Q
	0x18, 0x00, 0x00, 0x08, 0x00, 0x00, 0x00, 0x1b, 0x8c, 0xe0, 0xff, 0xff, 0xff, 0xff, 0x07, 0x40, // ...............@
	0x02, 0xa8, 0x0d, 0x84, 0xf0, 0xff, 0xff, 0xff, 0xff, 0x03, 0x20, 0x6d, 0x30, 0x86, 0xff, 0xff, // .......... m0...
	0xff, 0xff, 0x1f, 0x00, 0x09, 0xa8, 0x00, 0x49, 0x18, 0x00, 0x00, 0x03, 0x00, 0x00, 0x00, 0x13, // .......I........
	0x82, 0x60, 0x42, 0x20, 0x4c, 0x08, 0x06, 0x00, 0x00, 0x00, 0x00, 0x89, 0x20, 0x00, 0x00, 0x55, // .`B L....... ..U
	0x00, 0x00, 0x00, 0x32, 0x22, 0x88, 0x09, 0x20, 0x64, 0x85, 0x04, 0x13, 0x23, 0xa4, 0x84, 0x04, // ...2".. d...#...
	0x13, 0x23, 0xe3, 0x84, 0xa1, 0x90, 0x14, 0x12, 0x4c, 0x8c, 0x8c, 0x0b, 0x84, 0xc4, 0x4c, 0x10, // .#......L.....L.
	0x94, 0xc1, 0x08, 0x40, 0x09, 0x00, 0x0a, 0x66, 0x00, 0xe6, 0x08, 0xc0, 0x60, 0x8e, 0x00, 0x29, // ...@...f....`..)
	0xc6, 0x40, 0x10, 0x44, 0x41, 0x90, 0x51, 0x0c, 0x80, 0x20, 0x88, 0x62, 0x20, 0xa4, 0x10, 0x03, // .@.DA.Q.. .b ...
	0x31, 0x0c, 0xa4, 0xdc, 0x34, 0x5c, 0xfe, 0x84, 0x3d, 0x84, 0xe4, 0xaf, 0x84, 0xb4, 0x12, 0x93, // 1...4...=.......
	0x5f, 0xdc, 0x36, 0x2a, 0x86, 0x61, 0x18, 0x08, 0x2a, 0xee, 0x19, 0x2e, 0x7f, 0xc2, 0x1e, 0x42, // _.6*.a..*......B
	0xf2, 0x43, 0xa0, 0x19, 0x16, 0x02, 0x05, 0x4d, 0x61, 0x18, 0xc2, 0x71, 0x86, 0x61, 0x18, 0x08, // .C.....Ma..q.a..
	0x82, 0x18, 0xe8, 0x29, 0xc8, 0x40, 0x0c, 0xc3, 0x30, 0x0c, 0x03, 0x45, 0x47, 0x0d, 0x97, 0x3f, // ...).@..0..EG..?
	0x61, 0x0f, 0x21, 0xf9, 0xdc, 0x46, 0x15, 0x2b, 0x31, 0xf9, 0xc5, 0x6d, 0x23, 0x62, 0x18, 0x86, // a.!..F.+1..m#b..
	0xa1, 0x10, 0x13, 0xe1, 0x10, 0x44, 0xcd, 0x11, 0x04, 0xc5, 0x70, 0x88, 0x82, 0x20, 0x2c, 0xba, // .....D....p.. ,.
	0x06, 0x02, 0x86, 0x11, 0x88, 0x61, 0xa6, 0x36, 0x18, 0x07, 0x76, 0x08, 0x87, 0x79, 0x98, 0x07, // .....a.6..v..y..
	0x37, 0xa0, 0x85, 0x72, 0xc0, 0x07, 0x7a, 0xa8, 0x07, 0x79, 0x28, 0x07, 0x39, 0x20, 0x05, 0x3e, // 7..r..z..y(.9 .>
	0xb0, 0x87, 0x72, 0x18, 0x07, 0x7a, 0x78, 0x07, 0x79, 0xe0, 0x03, 0x73, 0x60, 0x87, 0x77, 0x08, // ..r..zx.y..s`.w.
	0x07, 0x7a, 0x60, 0x03, 0x30, 0xa0, 0x03, 0x3f, 0x00, 0x03, 0x3f, 0xd0, 0x03, 0x3d, 0x68, 0x87, // .z`.0..?..?..=h.
	0x74, 0x80, 0x87, 0x79, 0xf8, 0x05, 0x7a, 0xc8, 0x07, 0x78, 0x28, 0x07, 0x14, 0x10, 0x33, 0x89, // t..y..z..x(...3.
	0xc1, 0x38, 0xb0, 0x43, 0x38, 0xcc, 0xc3, 0x3c, 0xb8, 0x01, 0x2d, 0x94, 0x03, 0x3e, 0xd0, 0x43, // .8.C8..<..-..>.C
	0x3d, 0xc8, 0x43, 0x39, 0xc8, 0x01, 0x29, 0xf0, 0x81, 0x3d, 0x94, 0xc3, 0x38, 0xd0, 0xc3, 0x3b, // =.C9..)..=..8..;
	0xc8, 0x03, 0x1f, 0x98, 0x03, 0x3b, 0xbc, 0x43, 0x38, 0xd0, 0x03, 0x1b, 0x80, 0x01, 0x1d, 0xf8, // .....;.C8.......
	0x01, 0x18, 0xf8, 0x01, 0x12, 0xb4, 0x8d, 0xb8, 0x1c, 0xd0, 0x66, 0x42, 0xc8, 0xe0, 0x14, 0xd8, // ..........fB....
	0xe1, 0x1d, 0xc4, 0x21, 0x1c, 0xd8, 0x61, 0x1e, 0x90, 0xa0, 0x79, 0xf4, 0xdd, 0x24, 0x4d, 0x11, // ...!..a...y..$M.
	0x25, 0x4c, 0x3e, 0x0b, 0x30, 0xcf, 0x42, 0x44, 0xec, 0x04, 0x4c, 0x04, 0x0a, 0x08, 0x0a, 0xd3, // %L>.0.BD..L.....
	0x81, 0x98, 0x02, 0x00, 0x00, 0x00, 0x00, 0x13, 0x14, 0x72, 0xc0, 0x87, 0x74, 0x60, 0x87, 0x36, // .........r..t`.6
	0x68, 0x87, 0x79, 0x68, 0x03, 0x72, 0xc0, 0x87, 0x0d, 0xaf, 0x50, 0x0e, 0x6d, 0xd0, 0x0e, 0x7a, // h.yh.r....P.m..z
	0x50, 0x0e, 0x6d, 0x00, 0x0f, 0x7a, 0x30, 0x07, 0x72, 0xa0, 0x07, 0x73, 0x20, 0x07, 0x6d, 0x90, // P.m..z0.r..s .m.
	0x0e, 0x71, 0xa0, 0x07, 0x73, 0x20, 0x07, 0x6d, 0x90, 0x0e, 0x78, 0xa0, 0x07, 0x73, 0x20, 0x07, // .q..s .m..x..s .
	0x6d, 0x90, 0x0e, 0x71, 0x60, 0x07, 0x7a, 0x30, 0x07, 0x72, 0xd0, 0x06, 0xe9, 0x30, 0x07, 0x72, // m..q`.z0.r...0.r
	0xa0, 0x07, 0x73, 0x20, 0x07, 0x6d, 0x90, 0x0e, 0x76, 0x40, 0x07, 0x7a, 0x60, 0x07, 0x74, 0xd0, // ..s .m..v@.z`.t.
	0x06, 0xe6, 0x10, 0x07, 0x76, 0xa0, 0x07, 0x73, 0x20, 0x07, 0x6d, 0x60, 0x0e, 0x73, 0x20, 0x07, // ....v..s .m`.s .
	0x7a, 0x30, 0x07, 0x72, 0xd0, 0x06, 0xe6, 0x60, 0x07, 0x74, 0xa0, 0x07, 0x76, 0x40, 0x07, 0x6d, // z0.r...`.t..v@.m
	0xe0, 0x0e, 0x78, 0xa0, 0x07, 0x71, 0x60, 0x07, 0x7a, 0x30, 0x07, 0x72, 0xa0, 0x07, 0x76, 0x40, // ..x..q`.z0.r..v@
	0x07, 0x43, 0x9e, 0x00, 0x00, 0x00, 0x00, 0x00, 0x00, 0x00, 0x00, 0x00, 0x00, 0x00, 0x86, 0x3c, // .C.............<
	0x06, 0x10, 0x00, 0x01, 0x00, 0x00, 0x00, 0x00, 0x00, 0x00, 0x00, 0x0c, 0x79, 0x10, 0x20, 0x00, // ............y. .
	0x04, 0x00, 0x00, 0x00, 0x00, 0x00, 0x00, 0x00, 0x18, 0xf2, 0x28, 0x40, 0x00, 0x04, 0x00, 0x00, // ..........(@....
	0x00, 0x00, 0x00, 0x00, 0x00, 0x30, 0xe4, 0x79, 0x80, 0x00, 0x18, 0x00, 0x00, 0x00, 0x00, 0x00, // .....0.y........
	0x00, 0x00, 0x60, 0xc8, 0x13, 0x01, 0x01, 0x10, 0x00, 0x00, 0x00, 0x00, 0x00, 0x00, 0x00, 0xc0, // ..`.............
	0x90, 0x87, 0x02, 0x02, 0x60, 0x00, 0x00, 0x00, 0x00, 0x00, 0x00, 0x00, 0x80, 0x21, 0xcf, 0x05, // ....`........!..
	0x04, 0xc0, 0x00, 0x00, 0x00, 0x00, 0x00, 0x00, 0x00, 0x00, 0x59, 0x20, 0x00, 0x00, 0x00, 0x11, // ..........Y ....
	0x00, 0x00, 0x00, 0x32, 0x1e, 0x98, 0x14, 0x19, 0x11, 0x4c, 0x90, 0x8c, 0x09, 0x26, 0x47, 0xc6, // ...2.....L...&G.
	0x04, 0x43, 0x22, 0x4a, 0x60, 0x04, 0xa0, 0x28, 0x8a, 0xa1, 0x08, 0x4a, 0xa2, 0x00, 0x03, 0xca, // .C"J`..(...J....
	0xa0, 0x3c, 0xa8, 0x28, 0x89, 0x32, 0x28, 0x84, 0x11, 0x80, 0x22, 0x28, 0x10, 0xea, 0x66, 0x00, // .<.(.2(..."(..f.
	0x08, 0x9c, 0x01, 0x20, 0x71, 0x06, 0x80, 0xc6, 0xb1, 0x1c, 0x86, 0x00, 0x00, 0x00, 0x00, 0x00, // ... q...........
	0x00, 0x00, 0x80, 0xe7, 0x01, 0x00, 0x00, 0x79, 0x18, 0x00, 0x00, 0x6e, 0x00, 0x00, 0x00, 0x1a, // .......y...n....
	0x03, 0x4c, 0x90, 0x46, 0x02, 0x13, 0xc4, 0x8f, 0x0c, 0x6f, 0xec, 0xed, 0x4d, 0x0c, 0x24, 0xc6, // .L.F.....o..M.$.
	0x25, 0x06, 0xc6, 0x45, 0xc6, 0x06, 0xa6, 0xc6, 0x65, 0xe6, 0x06, 0x04, 0x65, 0x8c, 0x86, 0x0c, // %..E....e...e...
	0xc7, 0x8c, 0xc6, 0x2c, 0x27, 0x27, 0x65, 0x43, 0x10, 0x4c, 0x10, 0x08, 0x64, 0x82, 0x40, 0x24, // ...,''eC.L..d.@$
	0x1b, 0x84, 0x81, 0x98, 0x20, 0x10, 0xca, 0x06, 0x61, 0x30, 0x28, 0xc0, 0xcd, 0x4d, 0x10, 0x88, // .... ...a0(..M..
	0x65, 0xc3, 0x80, 0x24, 0xc4, 0x04, 0xa1, 0xbb, 0x08, 0x4c, 0x10, 0x08, 0x66, 0x82, 0x40, 0x34, // e..$.....L..f.@4
	0x1b, 0x04, 0xc2, 0xd9, 0x90, 0x10, 0x0b, 0x43, 0x0c, 0x43, 0x43, 0x3c, 0x1b, 0x02, 0x68, 0x82, // .......C.CC<..h.
	0x00, 0x06, 0xd8, 0x04, 0x81, 0x70, 0x36, 0x20, 0x84, 0xc4, 0x10, 0xc4, 0x30, 0x01, 0x1b, 0x02, // .....p6 ....0...
	0x6a, 0x82, 0x20, 0x06, 0xd9, 0x06, 0x84, 0xb0, 0x18, 0x62, 0x18, 0x08, 0x60, 0x43, 0x70, 0x6d, // j. ......b..`Cpm
	0x20, 0x22, 0xa0, 0xc2, 0x26, 0x08, 0x63, 0xa0, 0x6d, 0x08, 0xb4, 0x09, 0x82, 0x00, 0x90, 0x68, //  "..&.c.m......h
	0x0b, 0x4b, 0x73, 0xe3, 0x32, 0x65, 0xf5, 0x05, 0xf5, 0x36, 0x97, 0x46, 0x97, 0xf6, 0xe6, 0x36, // .Ks.2e...6.F...6
	0x41, 0x28, 0xa2, 0x09, 0x42, 0x21, 0x6d, 0x08, 0x88, 0x09, 0x42, 0x31, 0x4d, 0x10, 0x0a, 0x6a, // A(..B!m...B1M..j
	0xc3, 0x42, 0x78, 0x1f, 0x18, 0x84, 0x81, 0x18, 0x0c, 0x62, 0x40, 0x8c, 0x01, 0xc0, 0x62, 0xe8, // .Bx......b@...b.
	0x89, 0xe9, 0x49, 0x6a, 0x82, 0x50, 0x54, 0x1b, 0x96, 0xa1, 0x0c, 0xbe, 0x31, 0x08, 0x03, 0x33, // ..Ij.PT.....1..3
	0x18, 0xc4, 0x60, 0x18, 0x03, 0x80, 0x08, 0x55, 0x11, 0xd6, 0xd0, 0xd3, 0x93, 0x14, 0xd1, 0x86, // ..`....U........
	0x60, 0xd8, 0xb0, 0x34, 0x68, 0xf0, 0x8d, 0x41, 0x1a, 0x98, 0xc1, 0x60, 0x06, 0xcd, 0x18, 0x00, // `..4h..A...`....
	0x13, 0x04, 0xe2, 0xd9, 0x20, 0xac, 0xc1, 0x1a, 0x6c, 0x58, 0xd6, 0x00, 0x0d, 0xbe, 0x31, 0x08, // .... ...lX....1.
	0x03, 0x33, 0x18, 0xcc, 0xa0, 0x31, 0x03, 0x36, 0xd8, 0x40, 0x90, 0xc1, 0x19, 0xa8, 0x41, 0x1b, // .3...1.6.@....A.
	0x30, 0x99, 0xb2, 0xfa, 0xa2, 0x0a, 0x93, 0x3b, 0x2b, 0xa3, 0x9b, 0x20, 0x14, 0xd6, 0x04, 0x81, // 0......;+.. ....
	0x80, 0x36, 0x08, 0x6b, 0x10, 0x07, 0x1b, 0x16, 0xe2, 0x0d, 0x3e, 0x38, 0x08, 0x83, 0x31, 0x18, // .6.k......>8..1.
	0xc4, 0x80, 0x18, 0x03, 0x39, 0xd8, 0x10, 0xcc, 0xc1, 0x86, 0xc1, 0x0d, 0xe8, 0x00, 0xd8, 0x50, // ....9..........P
	0x70, 0x5d, 0x1d, 0x64, 0x40, 0x15, 0x36, 0x36, 0xbb, 0x36, 0x97, 0x34, 0xb2, 0x32, 0x37, 0xba, // p].d@.66.6.4.27.
	0x29, 0x41, 0x50, 0x85, 0x0c, 0xcf, 0xc5, 0xae, 0x4c, 0x6e, 0x2e, 0xed, 0xcd, 0x6d, 0x4a, 0x40, // )AP.....Ln...mJ@
	0x34, 0x21, 0xc3, 0x73, 0xb1, 0x0b, 0x63, 0xb3, 0x2b, 0x93, 0x9b, 0x12, 0x18, 0x75, 0xc8, 0xf0, // 4!.s..c.+....u..
	0x5c, 0xe6, 0xd0, 0xc2, 0xc8, 0xca, 0xe4, 0x9a, 0xde, 0xc8, 0xca, 0xd8, 0xa6, 0x04, 0x49, 0x19, // ..............I.
	0x32, 0x3c, 0x17, 0xb9, 0xb2, 0xb9, 0xb7, 0x3a, 0xb9, 0xb1, 0xb2, 0xb9, 0x29, 0x01, 0x56, 0x87, // 2<.....:....).V.
	0x0c, 0xcf, 0xc5, 0x2e, 0xad, 0xec, 0x2e, 0x89, 0x6c, 0x8a, 0x2e, 0x8c, 0xae, 0x6c, 0x4a, 0xa0, // ........l....lJ.
	0xd5, 0x21, 0xc3, 0x73, 0x29, 0x73, 0xa3, 0x93, 0xcb, 0x83, 0x7a, 0x4b, 0x73, 0xa3, 0x9b, 0x9b, // .!.s)s....zKs...
	0x12, 0xd4, 0x01, 0x00, 0x00, 0x00, 0x00, 0x79, 0x18, 0x00, 0x00, 0x51, 0x00, 0x00, 0x00, 0x33, // .......y...Q...3
	0x08, 0x80, 0x1c, 0xc4, 0xe1, 0x1c, 0x66, 0x14, 0x01, 0x3d, 0x88, 0x43, 0x38, 0x84, 0xc3, 0x8c, // ......f..=.C8...
	0x42, 0x80, 0x07, 0x79, 0x78, 0x07, 0x73, 0x98, 0x71, 0x0c, 0xe6, 0x00, 0x0f, 0xed, 0x10, 0x0e, // B..yx.s.q.......
	0xf4, 0x80, 0x0e, 0x33, 0x0c, 0x42, 0x1e, 0xc2, 0xc1, 0x1d, 0xce, 0xa1, 0x1c, 0x66, 0x30, 0x05, // ...3.B.......f0.
	0x3d, 0x88, 0x43, 0x38, 0x84, 0x83, 0x1b, 0xcc, 0x03, 0x3d, 0xc8, 0x43, 0x3d, 0x8c, 0x03, 0x3d, // =.C8.....=.C=..=
	0xcc, 0x78, 0x8c, 0x74, 0x70, 0x07, 0x7b, 0x08, 0x07, 0x79, 0x48, 0x87, 0x70, 0x70, 0x07, 0x7a, // .x.tp.{..yH.pp.z
	0x70, 0x03, 0x76, 0x78, 0x87, 0x70, 0x20, 0x87, 0x19, 0xcc, 0x11, 0x0e, 0xec, 0x90, 0x0e, 0xe1, // p.vx.p .........
	0x30, 0x0f, 0x6e, 0x30, 0x0f, 0xe3, 0xf0, 0x0e, 0xf0, 0x50, 0x0e, 0x33, 0x10, 0xc4, 0x1d, 0xde, // 0.n0.....P.3....
	0x21, 0x1c, 0xd8, 0x21, 0x1d, 0xc2, 0x61, 0x1e, 0x66, 0x30, 0x89, 0x3b, 0xbc, 0x83, 0x3b, 0xd0, // !..!..a.f0.;..;.
	0x43, 0x39, 0xb4, 0x03, 0x3c, 0xbc, 0x83, 0x3c, 0x84, 0x03, 0x3b, 0xcc, 0xf0, 0x14, 0x76, 0x60, // C9..<..<..;...v`
	0x07, 0x7b, 0x68, 0x07, 0x37, 0x68, 0x87, 0x72, 0x68, 0x07, 0x37, 0x80, 0x87, 0x70, 0x90, 0x87, // .{h.7h.rh.7..p..
	0x70, 0x60, 0x07, 0x76, 0x28, 0x07, 0x76, 0xf8, 0x05, 0x76, 0x78, 0x87, 0x77, 0x80, 0x87, 0x5f, // p`.v(.v..vx.w.._
	0x08, 0x87, 0x71, 0x18, 0x87, 0x72, 0x98, 0x87, 0x79, 0x98, 0x81, 0x2c, 0xee, 0xf0, 0x0e, 0xee, // ..q..r..y..,....
	0xe0, 0x0e, 0xf5, 0xc0, 0x0e, 0xec, 0x30, 0x03, 0x62, 0xc8, 0xa1, 0x1c, 0xe4, 0xa1, 0x1c, 0xcc, // ......0.b.......
	0xa1, 0x1c, 0xe4, 0xa1, 0x1c, 0xdc, 0x61, 0x1c, 0xca, 0x21, 0x1c, 0xc4, 0x81, 0x1d, 0xca, 0x61, // ......a..!.....a
	0x06, 0xd6, 0x90, 0x43, 0x39, 0xc8, 0x43, 0x39, 0x98, 0x43, 0x39, 0xc8, 0x43, 0x39, 0xb8, 0xc3, // ...C9.C9.C9.C9..
	0x38, 0x94, 0x43, 0x38, 0x88, 0x03, 0x3b, 0x94, 0xc3, 0x2f, 0xbc, 0x83, 0x3c, 0xfc, 0x82, 0x3b, // 8.C8..;../..<..;
	0xd4, 0x03, 0x3b, 0xb0, 0xc3, 0x0c, 0xc4, 0x21, 0x07, 0x7c, 0x70, 0x03, 0x7a, 0x28, 0x87, 0x76, // ..;....!.|p.z(.v
	0x80, 0x87, 0x19, 0xd1, 0x43, 0x0e, 0xf8, 0xe0, 0x06, 0xe4, 0x20, 0x0e, 0xe7, 0xe0, 0x06, 0xf6, // ....C..... .....
	0x10, 0x0e, 0xf2, 0xc0, 0x0e, 0xe1, 0x90, 0x0f, 0xef, 0x50, 0x0f, 0xf4, 0x30, 0x83, 0x81, 0xc8, // .........P..0...
	0x01, 0x1f, 0xdc, 0x40, 0x1c, 0xe4, 0xa1, 0x1c, 0xc2, 0x61, 0x1d, 0xdc, 0x40, 0x1c, 0xe4, 0x01, // ...@.....a..@...
	0x00, 0x00, 0x00, 0x71, 0x20, 0x00, 0x00, 0x1e, 0x00, 0x00, 0x00, 0x36, 0x00, 0x0d, 0x97, 0xef, // ...q ......6....
	0x3c, 0x7e, 0x80, 0x34, 0x40, 0x84, 0xf9, 0xc5, 0x6d, 0x9b, 0xc1, 0x36, 0x5c, 0xbe, 0xf3, 0xf8, // <~.4@...m..6....
	0x42, 0x40, 0x15, 0x05, 0x11, 0x95, 0x0e, 0x30, 0x94, 0x84, 0x01, 0x08, 0x98, 0x5f, 0xdc, 0xb6, // B@.....0....._..
	0x1d, 0x48, 0xc3, 0xe5, 0x3b, 0x8f, 0x2f, 0x44, 0x04, 0x30, 0x11, 0x21, 0xd0, 0x0c, 0x0b, 0x61, // .H..;./D.0.!...a
	0x05, 0xce, 0x70, 0xf9, 0xce, 0xe3, 0x0f, 0xce, 0x74, 0xfb, 0xc5, 0x6d, 0x5b, 0xc0, 0x34, 0x5c, // ..p.....t..m[.4.
	0xbe, 0xf3, 0xf8, 0x8b, 0x03, 0x0c, 0x62, 0xf3, 0x50, 0x93, 0x5f, 0xdc, 0xb6, 0x11, 0x40, 0xc3, // ......b.P._...@.
	0xe5, 0x3b, 0x8f, 0x2f, 0x01, 0xcc, 0xb3, 0x10, 0x7e, 0x71, 0xdb, 0x26, 0x50, 0x0d, 0x97, 0xef, // .;./....~q.&P...
	0x3c, 0xbe, 0x34, 0x39, 0x11, 0x81, 0x52, 0xd3, 0x43, 0x4d, 0x7e, 0x71, 0xdb, 0x06, 0x40, 0x30, // <.49..R.CM~q..@0
	0x00, 0xd2, 0x00, 0x61, 0x20, 0x00, 0x00, 0x13, 0x01, 0x00, 0x00, 0x13, 0x04, 0x48, 0x2c, 0x10, // ...a ........H,.
	0x00, 0x00, 0x00, 0x18, 0x00, 0x00, 0x00, 0x64, 0x8d, 0x00, 0x50, 0x51, 0x02, 0x44, 0x94, 0x5b, // .......d..PQ.D.[
	0xe1, 0x15, 0x42, 0xc9, 0x15, 0x52, 0xd9, 0xcd, 0x00, 0x94, 0x51, 0x29, 0xd0, 0x30, 0x46, 0x00, // ..B..R....Q).0F.
	0x82, 0x20, 0x88, 0xff, 0xc2, 0x18, 0x01, 0x08, 0x82, 0x20, 0x08, 0x06, 0x63, 0x04, 0x20, 0x08, // . ....... ..c. .
	0x82, 0x22, 0x18, 0x8c, 0x11, 0x80, 0x20, 0x08, 0xf2, 0xdf, 0x18, 0x01, 0xce, 0xde, 0x67, 0xee, // .".... .......g.
	0x8d, 0x11, 0xe4, 0x7a, 0xe9, 0xce, 0xdf, 0x18, 0x01, 0xec, 0xb3, 0x73, 0xf9, 0x8d, 0x11, 0xf4, // ...z.......s....
	0x7d, 0xcb, 0xe2, 0xda, 0x18, 0x01, 0x08, 0x82, 0x20, 0xfc, 0x8d, 0x11, 0x80, 0x20, 0x08, 0xe2, // }....... .... ..
	0xdf, 0x08, 0xc0, 0x0c, 0x00, 0x00, 0x00, 0x23, 0x06, 0x09, 0x00, 0x82, 0x60, 0x70, 0xad, 0x81, // .......#....`p..
	0xe4, 0xa5, 0x81, 0x1a, 0x5c, 0x23, 0x06, 0x09, 0x00, 0x82, 0x60, 0x70, 0xb1, 0xc1, 0x14, 0x06, // .....#....`p....
	0x6a, 0xb0, 0x06, 0xd8, 0x88, 0x41, 0x02, 0x80, 0x20, 0x18, 0x5c, 0x6d, 0x40, 0x7d, 0x6b, 0xb0, // j....A.. ..m@}k.
	0x06, 0xd9, 0x88, 0x41, 0x02, 0x80, 0x20, 0x18, 0x18, 0x74, 0x60, 0x99, 0x01, 0x1b, 0x84, 0x81, // ...A.. ..t`.....
	0x34, 0x62, 0x90, 0x00, 0x20, 0x08, 0x06, 0x46, 0x1d, 0x5c, 0x67, 0xd0, 0x06, 0xda, 0x34, 0x62, // 4b.. ..F..g...4b
	0x70, 0x00, 0x20, 0x08, 0x06, 0x54, 0x1c, 0x54, 0x83, 0x1b, 0x8c, 0x26, 0x04, 0xc0, 0x88, 0xc1, // p. ..T.T...&....
	0x03, 0x80, 0x20, 0x18, 0x3c, 0x75, 0xb0, 0x1d, 0x06, 0x31, 0x20, 0x08, 0x1c, 0xc0, 0x81, 0x85, // .. .<u...1 .....
	0x8c, 0x26, 0x04, 0xc0, 0x68, 0x82, 0x10, 0x8c, 0x26, 0x0c, 0xc2, 0x68, 0x02, 0x31, 0x0c, 0x47, // .&..h...&..h.1.G
	0x18, 0x10, 0xf1, 0x8d, 0x18, 0x1c, 0x00, 0x08, 0x82, 0x01, 0x95, 0x07, 0xdd, 0x72, 0x07, 0xa3, // .............r..
	0x09, 0x01, 0x30, 0x9a, 0x20, 0x04, 0xa3, 0x09, 0x83, 0x30, 0xcb, 0x10, 0x08, 0xc5, 0x68, 0x02, // ..0. ....0....h.
	0x31, 0x58, 0x70, 0xc8, 0xc7, 0x82, 0x42, 0x3e, 0x26, 0x14, 0xf2, 0xb1, 0xa1, 0x90, 0xcf, 0x88, // 1Xp...B>&.......
	0x41, 0x02, 0x80, 0x20, 0x18, 0x20, 0xa6, 0x30, 0x06, 0x7f, 0xf0, 0x07, 0x74, 0x30, 0x8c, 0x18, // A.. . .0....t0..
	0x24, 0x00, 0x08, 0x82, 0x01, 0x62, 0x0a, 0x63, 0xf0, 0x07, 0x7f, 0xc0, 0x06, 0xc2, 0x88, 0x41, // $....b.c.......A
	0x02, 0x80, 0x20, 0x18, 0x20, 0xa6, 0x30, 0x06, 0x7f, 0xf0, 0x07, 0x73, 0x10, 0x8c, 0x18, 0x24, // .. . .0....s...$
	0x00, 0x08, 0x82, 0x01, 0x62, 0x0a, 0x63, 0xf0, 0x07, 0x7f, 0x60, 0x07, 0xc4, 0x2c, 0xc1, 0x31, // ....b.c...`..,.1
	0x1c, 0x01, 0x7d, 0xc4, 0x37, 0x62, 0x70, 0x00, 0x20, 0x08, 0x06, 0xd4, 0x28, 0x9c, 0x41, 0xd5, // ..}.7bp. ...(.A.
	0x07, 0xa3, 0x09, 0x01, 0x30, 0x9a, 0x20, 0x04, 0xb3, 0x0c, 0x03, 0x41, 0x8c, 0x26, 0x0c, 0xc2, // ....0. ....A.&..
	0x68, 0x82, 0x33, 0x8c, 0x18, 0x1c, 0x00, 0x08, 0x82, 0x81, 0xb2, 0x0a, 0x6a, 0x10, 0x85, 0x81, // h.3.........j...
	0x55, 0x01, 0x7d, 0xac, 0x12, 0xe8, 0x63, 0xd5, 0x40, 0x9f, 0x11, 0x83, 0x05, 0x00, 0x41, 0x30, // U.}...c.@.....A0
	0x88, 0x5a, 0xa1, 0x0e, 0x06, 0x21, 0x30, 0x83, 0x33, 0x40, 0x83, 0x11, 0x83, 0x03, 0x00, 0x41, // .Z...!0.3@.....A
	0x30, 0x50, 0x60, 0xe1, 0x0d, 0x82, 0x31, 0x18, 0x31, 0x38, 0x00, 0x10, 0x04, 0x03, 0x25, 0x16, // 0P`...1.18....%.
	0xe6, 0x20, 0x28, 0x03, 0x5b, 0xaa, 0xf8, 0xd8, 0x52, 0xc5, 0xc7, 0x96, 0x2a, 0x3e, 0x46, 0x0c, // . (.[...R...*>F.
	0xf2, 0xb1, 0x62, 0x90, 0x8f, 0x19, 0x83, 0x7c, 0x6c, 0x63, 0xe2, 0x63, 0x01, 0x01, 0x1f, 0xe3, // ..b....|lc.c....
	0x9a, 0xf8, 0x58, 0x50, 0xc0, 0xc7, 0x3a, 0x27, 0x3e, 0x16, 0x18, 0xf0, 0xb1, 0x82, 0x92, 0x8f, // ..XP..:'>.......
	0x11, 0x95, 0x7c, 0x6c, 0xb0, 0xe4, 0x63, 0x43, 0x05, 0x1f, 0x1b, 0x2a, 0xf8, 0xd8, 0x50, 0xc1, // ..|l..cC...*..P.
	0xc7, 0x06, 0x35, 0x90, 0x8f, 0x0d, 0x6b, 0x20, 0x1f, 0x1b, 0xd8, 0x40, 0x3e, 0x23, 0x06, 0x09, // ..5...k ...@>#..
	0x00, 0x82, 0x60, 0x80, 0xa0, 0x43, 0x29, 0x84, 0x43, 0x38, 0xd8, 0xc2, 0x30, 0x62, 0x90, 0x00, // ..`..C).C8..0b..
	0x20, 0x08, 0x06, 0x08, 0x3a, 0x94, 0x42, 0x38, 0x84, 0x83, 0x2b, 0x08, 0x23, 0x06, 0x09, 0x00, //  ...:.B8..+.#...
	0x82, 0x60, 0x80, 0xa0, 0x43, 0x29, 0x84, 0x43, 0x38, 0xd4, 0x42, 0x30, 0x62, 0x90, 0x00, 0x20, // .`..C).C8.B0b.. 
	0x08, 0x06, 0x08, 0x3a, 0x94, 0x42, 0x38, 0x84, 0x03, 0x2e, 0xb4, 0xc1, 0x2c, 0xc1, 0x31, 0x1c, // ...:.B8.....,.1.
	0x21, 0x07, 0xa2, 0x40, 0x7c, 0xb3, 0x0c, 0x85, 0x11, 0x8c, 0x26, 0x88, 0x81, 0x30, 0x62, 0x70, // !..@|.....&..0bp
	0x00, 0x20, 0x08, 0x06, 0x94, 0x39, 0xa8, 0x02, 0x1e, 0xf4, 0xc2, 0x68, 0x42, 0x00, 0x8c, 0x26, // . ...9.....hB..&
	0x08, 0xc1, 0x68, 0xc2, 0x20, 0x8c, 0x26, 0x10, 0xc3, 0x88, 0xc1, 0x01, 0x80, 0x20, 0x18, 0x28, // ..h. .&...... .(
	0xee, 0xd0, 0x0a, 0x74, 0x40, 0x0a, 0x86, 0x07, 0x01, 0x7d, 0x0c, 0x0f, 0x04, 0xfa, 0x18, 0x1e, // ...t@....}......
	0x0c, 0xf4, 0x19, 0x31, 0x58, 0x00, 0x10, 0x04, 0x83, 0x08, 0x1e, 0x70, 0x61, 0x10, 0x82, 0x54, // ...1X......pa..T
	0x50, 0x85, 0x55, 0x18, 0x31, 0x38, 0x00, 0x10, 0x04, 0x03, 0x65, 0x1e, 0x64, 0x21, 0x30, 0x85, // P.U.18....e.d!0.
	0x11, 0x83, 0x03, 0x00, 0x41, 0x30, 0x50, 0xe8, 0xc1, 0x16, 0x02, 0x54, 0xb0, 0x20, 0x16, 0xe4, // ....A0P....T. ..
	0x33, 0x62, 0x70, 0x00, 0x20, 0x08, 0x06, 0x8a, 0x3d, 0xd4, 0x42, 0x90, 0x0a, 0x23, 0x06, 0x07, // 3bp. ...=.B..#..
	0x00, 0x82, 0x60, 0xa0, 0xdc, 0x43, 0x2e, 0x04, 0xab, 0x60, 0x71, 0xb0, 0x07, 0xf1, 0xb1, 0x38, // ..`..C...`q....8
	0xd8, 0x83, 0xf8, 0x98, 0xb4, 0x07, 0xf1, 0x31, 0x62, 0x90, 0x8f, 0x15, 0x83, 0x7c, 0xcc, 0x18, // .......1b....|..
	0xe4, 0x63, 0x43, 0x28, 0xc0, 0xc7, 0x86, 0x50, 0x80, 0x8f, 0x0d, 0xa1, 0x00, 0x1f, 0x63, 0x7c, // .cC(...P......c|
	0x01, 0x3e, 0x23, 0x06, 0x07, 0x00, 0x82, 0x60, 0xa0, 0x88, 0x44, 0x38, 0x04, 0xb5, 0x30, 0x62, // .>#....`..D8..0b
	0x70, 0x00, 0x20, 0x08, 0x06, 0xca, 0x48, 0x94, 0x43, 0x70, 0x0b, 0xa6, 0xf5, 0x41, 0x7c, 0x4c, // p. ...H.Cp...A|L
	0xeb, 0x83, 0xf8, 0x98, 0xe6, 0xc5, 0xc7, 0x88, 0x41, 0x3e, 0x56, 0x0c, 0xf2, 0x31, 0x63, 0x90, // ........A>V..1c.
	0xcf, 0x70, 0x84, 0xf5, 0x0b, 0xc4, 0x37, 0xdd, 0xe0, 0x0b, 0xbf, 0x10, 0x58, 0x29, 0x38, 0xf1, // .p....7.....X)8.
	0xb1, 0xc0, 0x80, 0x8f, 0x99, 0xc2, 0x13, 0x1f, 0x0b, 0x0e, 0xf8, 0x18, 0x1a, 0x40, 0xf1, 0xb1, // .............@..
	0x00, 0x81, 0x8f, 0x15, 0x87, 0x7c, 0x8c, 0x40, 0xe4, 0x63, 0x43, 0x22, 0x1f, 0xbb, 0xcc, 0x20, // .....|.@.cC"... 
	0x3e, 0x16, 0x10, 0xf0, 0x31, 0xec, 0x0c, 0xe2, 0x63, 0x41, 0x01, 0x1f, 0xcb, 0xd0, 0x20, 0x3e, // >...1...cA.... >
	0x16, 0x18, 0xf0, 0xb1, 0xc2, 0x0d, 0xe4, 0x63, 0xc4, 0x1b, 0xc8, 0xc7, 0x06, 0x38, 0x90, 0x8f, // .......c.....8..
	0x0d, 0x6f, 0x00, 0x1f, 0x1b, 0xde, 0x00, 0x3e, 0x36, 0xbc, 0x01, 0x7c, 0x6c, 0x38, 0x07, 0xf9, // .o.....>6..|l8..
	0xd8, 0x80, 0x0e, 0xf2, 0xb1, 0x21, 0x1d, 0xe4, 0x33, 0x62, 0x90, 0x00, 0x20, 0x08, 0x06, 0x48, // .....!..3b.. ..H
	0x59, 0x88, 0x84, 0x4f, 0xf8, 0xc4, 0x4c, 0x0c, 0x23, 0x06, 0x09, 0x00, 0x82, 0x60, 0x80, 0x94, // Y..O..L.#....`..
	0x85, 0x48, 0xf8, 0x84, 0x4f, 0xac, 0x84, 0x30, 0x62, 0x90, 0x00, 0x20, 0x08, 0x06, 0x48, 0x59, // .H..O..0b.. ..HY
	0x88, 0x84, 0x4f, 0xf8, 0x84, 0x4c, 0x04, 0x23, 0x06, 0x09, 0x00, 0x82, 0x60, 0x80, 0x94, 0x85, // ..O..L.#....`...
	0x48, 0xf8, 0x84, 0x4f, 0xd4, 0x84, 0x3a, 0xcc, 0x12, 0x1c, 0xa3, 0x09, 0xe8, 0x30, 0x98, 0x2f, // H..O..:......0./
	0xcc, 0x03, 0x7c, 0xcc, 0x17, 0xe6, 0x01, 0x3e, 0x23, 0x06, 0x0f, 0x00, 0x82, 0x60, 0xf0, 0x98, // ..|....>#....`..
	0x05, 0x4b, 0xe0, 0xc3, 0x3d, 0x08, 0x41, 0x3e, 0xe4, 0x43, 0x58, 0x84, 0xc5, 0x49, 0xe4, 0xc3, // .K..=.A>.CX..I..
	0x68, 0x42, 0x30, 0x58, 0xc0, 0x0e, 0xf2, 0x31, 0x81, 0x1d, 0xe4, 0x63, 0x03, 0x3b, 0xc8, 0xc7, // hB0X...1...c.;..
	0x08, 0x44, 0x3e, 0x23, 0x06, 0x09, 0x00, 0x82, 0x60, 0x80, 0xb8, 0xc5, 0x4a, 0x9c, 0xc5, 0x59, // .D>#....`...J..Y
	0xf0, 0x04, 0x31, 0x62, 0x90, 0x00, 0x20, 0x08, 0x06, 0x88, 0x5b, 0xac, 0xc4, 0x59, 0x9c, 0x05, // ..1b.. ...[..Y..
	0x4d, 0x0c, 0x23, 0x06, 0x09, 0x00, 0x82, 0x60, 0x80, 0xb8, 0xc5, 0x4a, 0x9c, 0xc5, 0x59, 0xec, // M.#....`...J..Y.
	0x84, 0x30, 0x62, 0x90, 0x00, 0x20, 0x08, 0x06, 0x88, 0x5b, 0xac, 0xc4, 0x59, 0x9c, 0x85, 0x4f, // .0b.. ...[..Y..O
	0x04, 0xb3, 0x04, 0x07, 0x02, 0x00, 0x00, 0x00, 0x00, 0x00, 0x00, 0x00, 0x00, 0x40, 0x00,       // .............@.
};
static const uint8_t fs_effect_mtl[2482] =
{
	0x46, 0x53, 0x48, 0x0c, 0x29, 0x3e, 0x5c, 0xd3, 0x00, 0x00, 0x00, 0x00, 0x00, 0x00, 0x00, 0x00, // FSH.)>..........
	0x00, 0x00, 0x00, 0x00, 0x05, 0x00, 0x0c, 0x73, 0x5f, 0x74, 0x65, 0x78, 0x53, 0x61, 0x6d, 0x70, // .......s_texSamp
	0x6c, 0x65, 0x72, 0x11, 0x01, 0xff, 0xff, 0x01, 0x00, 0x00, 0x00, 0x00, 0x00, 0x0c, 0x73, 0x5f, // ler...........s_
	0x74, 0x65, 0x78, 0x54, 0x65, 0x78, 0x74, 0x75, 0x72, 0x65, 0x11, 0x01, 0xff, 0xff, 0x01, 0x00, // texTexture......
	0x00, 0x00, 0x00, 0x00, 0x07, 0x75, 0x5f, 0x63, 0x6f, 0x6c, 0x6f, 0x72, 0x12, 0x01, 0x00, 0x00, // .....u_color....
	0x01, 0x00, 0x00, 0x00, 0x00, 0x00, 0x08, 0x75, 0x5f, 0x65, 0x66, 0x66, 0x65, 0x63, 0x74, 0x12, // .......u_effect.
	0x03, 0x10, 0x00, 0x03, 0x00, 0x00, 0x00, 0x00, 0x00, 0x05, 0x73, 0x5f, 0x74, 0x65, 0x78, 0x10, // ..........s_tex.
	0x00, 0x00, 0x00, 0x00, 0x00, 0x00, 0x02, 0x00, 0x00, 0x31, 0x09, 0x00, 0x00, 0x23, 0x69, 0x6e, // .........1...#in
	0x63, 0x6c, 0x75, 0x64, 0x65, 0x20, 0x3c, 0x6d, 0x65, 0x74, 0x61, 0x6c, 0x5f, 0x73, 0x74, 0x64, // clude <metal_std
	0x6c, 0x69, 0x62, 0x3e, 0x0a, 0x23, 0x69, 0x6e, 0x63, 0x6c, 0x75, 0x64, 0x65, 0x20, 0x3c, 0x73, // lib>.#include <s
	0x69, 0x6d, 0x64, 0x2f, 0x73, 0x69, 0x6d, 0x64, 0x2e, 0x68, 0x3e, 0x0a, 0x0a, 0x75, 0x73, 0x69, // imd/simd.h>..usi
	0x6e, 0x67, 0x20, 0x6e, 0x61, 0x6d, 0x65, 0x73, 0x70, 0x61, 0x63, 0x65, 0x20, 0x6d, 0x65, 0x74, // ng namespace met
	0x61, 0x6c, 0x3b, 0x0a, 0x0a, 0x73, 0x74, 0x72, 0x75, 0x63, 0x74, 0x20, 0x5f, 0x47, 0x6c, 0x6f, // al;..struct _Glo
	0x62, 0x61, 0x6c, 0x0a, 0x7b, 0x0a, 0x20, 0x20, 0x20, 0x20, 0x66, 0x6c, 0x6f, 0x61, 0x74, 0x34, // bal.{.    float4
	0x20, 0x75, 0x5f, 0x63, 0x6f, 0x6c, 0x6f, 0x72, 0x3b, 0x0a, 0x20, 0x20, 0x20, 0x20, 0x66, 0x6c, //  u_color;.    fl
	0x6f, 0x61, 0x74, 0x34, 0x20, 0x75, 0x5f, 0x65, 0x66, 0x66, 0x65, 0x63, 0x74, 0x5b, 0x33, 0x5d, // oat4 u_effect[3]
	0x3b, 0x0a, 0x7d, 0x3b, 0x0a, 0x0a, 0x73, 0x74, 0x72, 0x75, 0x63, 0x74, 0x20, 0x78, 0x6c, 0x61, // ;.};..struct xla
	0x74, 0x4d, 0x74, 0x6c, 0x4d, 0x61, 0x69, 0x6e, 0x5f, 0x6f, 0x75, 0x74, 0x0a, 0x7b, 0x0a, 0x20, // tMtlMain_out.{. 
	0x20, 0x20, 0x20, 0x66, 0x6c, 0x6f, 0x61, 0x74, 0x34, 0x20, 0x62, 0x67, 0x66, 0x78, 0x5f, 0x46, //    float4 bgfx_F
	0x72, 0x61, 0x67, 0x44, 0x61, 0x74, 0x61, 0x30, 0x20, 0x5b, 0x5b, 0x63, 0x6f, 0x6c, 0x6f, 0x72, // ragData0 [[color
	0x28, 0x30, 0x29, 0x5d, 0x5d, 0x3b, 0x0a, 0x7d, 0x3b, 0x0a, 0x0a, 0x73, 0x74, 0x72, 0x75, 0x63, // (0)]];.};..struc
	0x74, 0x20, 0x78, 0x6c, 0x61, 0x74, 0x4d, 0x74, 0x6c, 0x4d, 0x61, 0x69, 0x6e, 0x5f, 0x69, 0x6e, // t xlatMtlMain_in
	0x0a, 0x7b, 0x0a, 0x20, 0x20, 0x20, 0x20, 0x66, 0x6c, 0x6f, 0x61, 0x74, 0x32, 0x20, 0x76, 0x5f, // .{.    float2 v_
	0x75, 0x76, 0x20, 0x5b, 0x5b, 0x75, 0x73, 0x65, 0x72, 0x28, 0x6c, 0x6f, 0x63, 0x6e, 0x32, 0x29, // uv [[user(locn2)
	0x5d, 0x5d, 0x3b, 0x0a, 0x7d, 0x3b, 0x0a, 0x0a, 0x66, 0x72, 0x61, 0x67, 0x6d, 0x65, 0x6e, 0x74, // ]];.};..fragment
	0x20, 0x78, 0x6c, 0x61, 0x74, 0x4d, 0x74, 0x6c, 0x4d, 0x61, 0x69, 0x6e, 0x5f, 0x6f, 0x75, 0x74, //  xlatMtlMain_out
	0x20, 0x78, 0x6c, 0x61, 0x74, 0x4d, 0x74, 0x6c, 0x4d, 0x61, 0x69, 0x6e, 0x28, 0x78, 0x6c, 0x61, //  xlatMtlMain(xla
	0x74, 0x4d, 0x74, 0x6c, 0x4d, 0x61, 0x69, 0x6e, 0x5f, 0x69, 0x6e, 0x20, 0x69, 0x6e, 0x20, 0x5b, // tMtlMain_in in [
	0x5b, 0x73, 0x74, 0x61, 0x67, 0x65, 0x5f, 0x69, 0x6e, 0x5d, 0x5d, 0x2c, 0x20, 0x63, 0x6f, 0x6e, // [stage_in]], con
	0x73, 0x74, 0x61, 0x6e, 0x74, 0x20, 0x5f, 0x47, 0x6c, 0x6f, 0x62, 0x61, 0x6c, 0x26, 0x20, 0x5f, // stant _Global& _
	0x6d, 0x74, 0x6c, 0x5f, 0x75, 0x20, 0x5b, 0x5b, 0x62, 0x75, 0x66, 0x66, 0x65, 0x72, 0x28, 0x30, // mtl_u [[buffer(0
	0x29, 0x5d, 0x5d, 0x2c, 0x20, 0x74, 0x65, 0x78, 0x74, 0x75, 0x72, 0x65, 0x32, 0x64, 0x3c, 0x66, // )]], texture2d<f
	0x6c, 0x6f, 0x61, 0x74, 0x3e, 0x20, 0x73, 0x5f, 0x74, 0x65, 0x78, 0x20, 0x5b, 0x5b, 0x74, 0x65, // loat> s_tex [[te
	0x78, 0x74, 0x75, 0x72, 0x65, 0x28, 0x31, 0x29, 0x5d, 0x5d, 0x2c, 0x20, 0x73, 0x61, 0x6d, 0x70, // xture(1)]], samp
	0x6c, 0x65, 0x72, 0x20, 0x73, 0x5f, 0x74, 0x65, 0x78, 0x53, 0x61, 0x6d, 0x70, 0x6c, 0x65, 0x72, // ler s_texSampler
	0x20, 0x5b, 0x5b, 0x73, 0x61, 0x6d, 0x70, 0x6c, 0x65, 0x72, 0x28, 0x31, 0x29, 0x5d, 0x5d, 0x29, //  [[sampler(1)]])
	0x0a, 0x7b, 0x0a, 0x20, 0x20, 0x20, 0x20, 0x78, 0x6c, 0x61, 0x74, 0x4d, 0x74, 0x6c, 0x4d, 0x61, // .{.    xlatMtlMa
	0x69, 0x6e, 0x5f, 0x6f, 0x75, 0x74, 0x20, 0x6f, 0x75, 0x74, 0x20, 0x3d, 0x20, 0x7b, 0x7d, 0x3b, // in_out out = {};
	0x0a, 0x20, 0x20, 0x20, 0x20, 0x66, 0x6c, 0x6f, 0x61, 0x74, 0x34, 0x20, 0x5f, 0x35, 0x36, 0x36, // .    float4 _566
	0x20, 0x3d, 0x20, 0x73, 0x5f, 0x74, 0x65, 0x78, 0x2e, 0x73, 0x61, 0x6d, 0x70, 0x6c, 0x65, 0x28, //  = s_tex.sample(
	0x73, 0x5f, 0x74, 0x65, 0x78, 0x53, 0x61, 0x6d, 0x70, 0x6c, 0x65, 0x72, 0x2c, 0x20, 0x69, 0x6e, // s_texSampler, in
	0x2e, 0x76, 0x5f, 0x75, 0x76, 0x29, 0x3b, 0x0a, 0x20, 0x20, 0x20, 0x20, 0x66, 0x6c, 0x6f, 0x61, // .v_uv);.    floa
	0x74, 0x34, 0x20, 0x5f, 0x36, 0x33, 0x32, 0x3b, 0x0a, 0x20, 0x20, 0x20, 0x20, 0x69, 0x66, 0x20, // t4 _632;.    if 
	0x28, 0x5f, 0x6d, 0x74, 0x6c, 0x5f, 0x75, 0x2e, 0x75, 0x5f, 0x63, 0x6f, 0x6c, 0x6f, 0x72, 0x2e, // (_mtl_u.u_color.
	0x78, 0x20, 0x3c, 0x20, 0x30, 0x2e, 0x35, 0x29, 0x0a, 0x20, 0x20, 0x20, 0x20, 0x7b, 0x0a, 0x20, // x < 0.5).    {. 
	0x20, 0x20, 0x20, 0x20, 0x20, 0x20, 0x20, 0x66, 0x6c, 0x6f, 0x61, 0x74, 0x20, 0x5f, 0x34, 0x31, //        float _41
	0x34, 0x20, 0x3d, 0x20, 0x5f, 0x35, 0x36, 0x36, 0x2e, 0x77, 0x20, 0x2a, 0x20, 0x5f, 0x6d, 0x74, // 4 = _566.w * _mt
	0x6c, 0x5f, 0x75, 0x2e, 0x75, 0x5f, 0x65, 0x66, 0x66, 0x65, 0x63, 0x74, 0x5b, 0x30, 0x5d, 0x2e, // l_u.u_effect[0].
	0x77, 0x3b, 0x0a, 0x20, 0x20, 0x20, 0x20, 0x20, 0x20, 0x20, 0x20, 0x5f, 0x36, 0x33, 0x32, 0x20, // w;.        _632 
	0x3d, 0x20, 0x66, 0x6c, 0x6f, 0x61, 0x74, 0x34, 0x28, 0x5f, 0x6d, 0x74, 0x6c, 0x5f, 0x75, 0x2e, // = float4(_mtl_u.
	0x75, 0x5f, 0x65, 0x66, 0x66, 0x65, 0x63, 0x74, 0x5b, 0x30, 0x5d, 0x2e, 0x78, 0x79, 0x7a, 0x20, // u_effect[0].xyz 
	0x2a, 0x20, 0x5f, 0x34, 0x31, 0x34, 0x2c, 0x20, 0x5f, 0x34, 0x31, 0x34, 0x29, 0x3b, 0x0a, 0x20, // * _414, _414);. 
	0x20, 0x20, 0x20, 0x7d, 0x0a, 0x20, 0x20, 0x20, 0x20, 0x65, 0x6c, 0x73, 0x65, 0x0a, 0x20, 0x20, //    }.    else.  
	0x20, 0x20, 0x7b, 0x0a, 0x20, 0x20, 0x20, 0x20, 0x20, 0x20, 0x20, 0x20, 0x66, 0x6c, 0x6f, 0x61, //   {.        floa
	0x74, 0x34, 0x20, 0x5f, 0x36, 0x33, 0x33, 0x3b, 0x0a, 0x20, 0x20, 0x20, 0x20, 0x20, 0x20, 0x20, // t4 _633;.       
	0x20, 0x69, 0x66, 0x20, 0x28, 0x5f, 0x6d, 0x74, 0x6c, 0x5f, 0x75, 0x2e, 0x75, 0x5f, 0x63, 0x6f, //  if (_mtl_u.u_co
	0x6c, 0x6f, 0x72, 0x2e, 0x78, 0x20, 0x3c, 0x20, 0x31, 0x2e, 0x35, 0x29, 0x0a, 0x20, 0x20, 0x20, // lor.x < 1.5).   
	0x20, 0x20, 0x20, 0x20, 0x20, 0x7b, 0x0a, 0x20, 0x20, 0x20, 0x20, 0x20, 0x20, 0x20, 0x20, 0x20, //      {.         
	0x20, 0x20, 0x20, 0x66, 0x6c, 0x6f, 0x61, 0x74, 0x20, 0x5f, 0x34, 0x33, 0x39, 0x20, 0x3d, 0x20, //    float _439 = 
	0x5f, 0x35, 0x36, 0x36, 0x2e, 0x77, 0x3b, 0x0a, 0x20, 0x20, 0x20, 0x20, 0x20, 0x20, 0x20, 0x20, // _566.w;.        
	0x20, 0x20, 0x20, 0x20, 0x66, 0x6c, 0x6f, 0x61, 0x74, 0x33, 0x20, 0x5f, 0x34, 0x34, 0x32, 0x20, //     float3 _442 
	0x3d, 0x20, 0x5f, 0x35, 0x36, 0x36, 0x2e, 0x78, 0x79, 0x7a, 0x20, 0x2f, 0x20, 0x66, 0x6c, 0x6f, // = _566.xyz / flo
	0x61, 0x74, 0x33, 0x28, 0x66, 0x61, 0x73, 0x74, 0x3a, 0x3a, 0x6d, 0x61, 0x78, 0x28, 0x5f, 0x34, // at3(fast::max(_4
	0x33, 0x39, 0x2c, 0x20, 0x39, 0x2e, 0x39, 0x39, 0x39, 0x39, 0x39, 0x39, 0x39, 0x37, 0x34, 0x37, // 39, 9.9999999747
	0x35, 0x32, 0x34, 0x32, 0x37, 0x30, 0x37, 0x38, 0x37, 0x38, 0x33, 0x35, 0x31, 0x32, 0x31, 0x31, // 5242707878351211
	0x35, 0x34, 0x37, 0x38, 0x35, 0x65, 0x2d, 0x30, 0x37, 0x29, 0x29, 0x3b, 0x0a, 0x20, 0x20, 0x20, // 54785e-07));.   
	0x20, 0x20, 0x20, 0x20, 0x20, 0x20, 0x20, 0x20, 0x20, 0x5f, 0x36, 0x33, 0x33, 0x20, 0x3d, 0x20, //          _633 = 
	0x66, 0x6c, 0x6f, 0x61, 0x74, 0x34, 0x28, 0x6d, 0x69, 0x78, 0x28, 0x5f, 0x34, 0x34, 0x32, 0x2c, // float4(mix(_442,
	0x20, 0x5f, 0x6d, 0x74, 0x6c, 0x5f, 0x75, 0x2e, 0x75, 0x5f, 0x65, 0x66, 0x66, 0x65, 0x63, 0x74, //  _mtl_u.u_effect
	0x5b, 0x30, 0x5d, 0x2e, 0x78, 0x79, 0x7a, 0x20, 0x2b, 0x20, 0x28, 0x28, 0x5f, 0x6d, 0x74, 0x6c, // [0].xyz + ((_mtl
	0x5f, 0x75, 0x2e, 0x75, 0x5f, 0x65, 0x66, 0x66, 0x65, 0x63, 0x74, 0x5b, 0x31, 0x5d, 0x2e, 0x78, // _u.u_effect[1].x
	0x79, 0x7a, 0x20, 0x2d, 0x20, 0x5f, 0x6d, 0x74, 0x6c, 0x5f, 0x75, 0x2e, 0x75, 0x5f, 0x65, 0x66, // yz - _mtl_u.u_ef
	0x66, 0x65, 0x63, 0x74, 0x5b, 0x30, 0x5d, 0x2e, 0x78, 0x79, 0x7a, 0x29, 0x20, 0x2a, 0x20, 0x66, // fect[0].xyz) * f
	0x61, 0x73, 0x74, 0x3a, 0x3a, 0x63, 0x6c, 0x61, 0x6d, 0x70, 0x28, 0x64, 0x6f, 0x74, 0x28, 0x5f, // ast::clamp(dot(_
	0x34, 0x34, 0x32, 0x2c, 0x20, 0x66, 0x6c, 0x6f, 0x61, 0x74, 0x33, 0x28, 0x30, 0x2e, 0x32, 0x31, // 442, float3(0.21
	0x32, 0x35, 0x39, 0x39, 0x39, 0x39, 0x32, 0x37, 0x35, 0x32, 0x30, 0x37, 0x35, 0x31, 0x39, 0x35, // 2599992752075195
	0x33, 0x31, 0x32, 0x35, 0x2c, 0x20, 0x30, 0x2e, 0x37, 0x31, 0x35, 0x32, 0x30, 0x30, 0x30, 0x30, // 3125, 0.71520000
	0x36, 0x39, 0x36, 0x31, 0x38, 0x32, 0x32, 0x35, 0x30, 0x39, 0x37, 0x36, 0x35, 0x36, 0x32, 0x35, // 6961822509765625
	0x2c, 0x20, 0x30, 0x2e, 0x30, 0x37, 0x32, 0x32, 0x30, 0x30, 0x30, 0x30, 0x30, 0x32, 0x38, 0x36, // , 0.072200000286
	0x31, 0x30, 0x32, 0x32, 0x39, 0x34, 0x39, 0x32, 0x31, 0x38, 0x37, 0x35, 0x29, 0x29, 0x2c, 0x20, // 102294921875)), 
	0x30, 0x2e, 0x30, 0x2c, 0x20, 0x31, 0x2e, 0x30, 0x29, 0x29, 0x2c, 0x20, 0x66, 0x6c, 0x6f, 0x61, // 0.0, 1.0)), floa
	0x74, 0x33, 0x28, 0x5f, 0x6d, 0x74, 0x6c, 0x5f, 0x75, 0x2e, 0x75, 0x5f, 0x65, 0x66, 0x66, 0x65, // t3(_mtl_u.u_effe
	0x63, 0x74, 0x5b, 0x30, 0x5d, 0x2e, 0x77, 0x29, 0x29, 0x20, 0x2a, 0x20, 0x5f, 0x34, 0x33, 0x39, // ct[0].w)) * _439
	0x2c, 0x20, 0x5f, 0x34, 0x33, 0x39, 0x29, 0x3b, 0x0a, 0x20, 0x20, 0x20, 0x20, 0x20, 0x20, 0x20, // , _439);.       
	0x20, 0x7d, 0x0a, 0x20, 0x20, 0x20, 0x20, 0x20, 0x20, 0x20, 0x20, 0x65, 0x6c, 0x73, 0x65, 0x0a, //  }.        else.
	0x20, 0x20, 0x20, 0x20, 0x20, 0x20, 0x20, 0x20, 0x7b, 0x0a, 0x20, 0x20, 0x20, 0x20, 0x20, 0x20, //         {.      
	0x20, 0x20, 0x20, 0x20, 0x20, 0x20, 0x66, 0x6c, 0x6f, 0x61, 0x74, 0x34, 0x20, 0x5f, 0x36, 0x33, //       float4 _63
	0x34, 0x3b, 0x0a, 0x20, 0x20, 0x20, 0x20, 0x20, 0x20, 0x20, 0x20, 0x20, 0x20, 0x20, 0x20, 0x69, // 4;.            i
	0x66, 0x20, 0x28, 0x5f, 0x6d, 0x74, 0x6c, 0x5f, 0x75, 0x2e, 0x75, 0x5f, 0x63, 0x6f, 0x6c, 0x6f, // f (_mtl_u.u_colo
	0x72, 0x2e, 0x78, 0x20, 0x3c, 0x20, 0x32, 0x2e, 0x35, 0x29, 0x0a, 0x20, 0x20, 0x20, 0x20, 0x20, // r.x < 2.5).     
	0x20, 0x20, 0x20, 0x20, 0x20, 0x20, 0x20, 0x7b, 0x0a, 0x20, 0x20, 0x20, 0x20, 0x20, 0x20, 0x20, //        {.       
	0x20, 0x20, 0x20, 0x20, 0x20, 0x20, 0x20, 0x20, 0x20, 0x66, 0x6c, 0x6f, 0x61, 0x74, 0x20, 0x5f, //          float _
	0x34, 0x38, 0x35, 0x20, 0x3d, 0x20, 0x5f, 0x35, 0x36, 0x36, 0x2e, 0x77, 0x3b, 0x0a, 0x20, 0x20, // 485 = _566.w;.  
	0x20, 0x20, 0x20, 0x20, 0x20, 0x20, 0x20, 0x20, 0x20, 0x20, 0x20, 0x20, 0x20, 0x20, 0x66, 0x6c, //               fl
	0x6f, 0x61, 0x74, 0x33, 0x20, 0x5f, 0x34, 0x38, 0x38, 0x20, 0x3d, 0x20, 0x5f, 0x35, 0x36, 0x36, // oat3 _488 = _566
	0x2e, 0x78, 0x79, 0x7a, 0x20, 0x2f, 0x20, 0x66, 0x6c, 0x6f, 0x61, 0x74, 0x33, 0x28, 0x66, 0x61, // .xyz / float3(fa
	0x73, 0x74, 0x3a, 0x3a, 0x6d, 0x61, 0x78, 0x28, 0x5f, 0x34, 0x38, 0x35, 0x2c, 0x20, 0x39, 0x2e, // st::max(_485, 9.
	0x39, 0x39, 0x39, 0x39, 0x39, 0x39, 0x39, 0x37, 0x34, 0x37, 0x35, 0x32, 0x34, 0x32, 0x37, 0x30, // 9999999747524270
	0x37, 0x38, 0x37, 0x38, 0x33, 0x35, 0x31, 0x32, 0x31, 0x31, 0x35, 0x34, 0x37, 0x38, 0x35, 0x65, // 787835121154785e
	0x2d, 0x30, 0x37, 0x29, 0x29, 0x3b, 0x0a, 0x20, 0x20, 0x20, 0x20, 0x20, 0x20, 0x20, 0x20, 0x20, // -07));.         
	0x20, 0x20, 0x20, 0x20, 0x20, 0x20, 0x20, 0x66, 0x6c, 0x6f, 0x61, 0x74, 0x20, 0x5f, 0x34, 0x39, //        float _49
	0x31, 0x20, 0x3d, 0x20, 0x66, 0x61, 0x73, 0x74, 0x3a, 0x3a, 0x63, 0x6c, 0x61, 0x6d, 0x70, 0x28, // 1 = fast::clamp(
	0x64, 0x6f, 0x74, 0x28, 0x5f, 0x34, 0x38, 0x38, 0x2c, 0x20, 0x66, 0x6c, 0x6f, 0x61, 0x74, 0x33, // dot(_488, float3
	0x28, 0x30, 0x2e, 0x32, 0x31, 0x32, 0x35, 0x39, 0x39, 0x39, 0x39, 0x32, 0x37, 0x35, 0x32, 0x30, // (0.2125999927520
	0x37, 0x35, 0x31, 0x39, 0x35, 0x33, 0x31, 0x32, 0x35, 0x2c, 0x20, 0x30, 0x2e, 0x37, 0x31, 0x35, // 751953125, 0.715
	0x32, 0x30, 0x30, 0x30, 0x30, 0x36, 0x39, 0x36, 0x31, 0x38, 0x32, 0x32, 0x35, 0x30, 0x39, 0x37, // 2000069618225097
	0x36, 0x35, 0x36, 0x32, 0x35, 0x2c, 0x20, 0x30, 0x2e, 0x30, 0x37, 0x32, 0x32, 0x30, 0x30, 0x30, // 65625, 0.0722000
	0x30, 0x30, 0x32, 0x38, 0x36, 0x31, 0x30, 0x32, 0x32, 0x39, 0x34, 0x39, 0x32, 0x31, 0x38, 0x37, // 0028610229492187
	0x35, 0x29, 0x29, 0x2c, 0x20, 0x30, 0x2e, 0x30, 0x2c, 0x20, 0x31, 0x2e, 0x30, 0x29, 0x3b, 0x0a, // 5)), 0.0, 1.0);.
	0x20, 0x20, 0x20, 0x20, 0x20, 0x20, 0x20, 0x20, 0x20, 0x20, 0x20, 0x20, 0x20, 0x20, 0x20, 0x20, //                 
	0x66, 0x6c, 0x6f, 0x61, 0x74, 0x20, 0x5f, 0x34, 0x39, 0x33, 0x20, 0x3d, 0x20, 0x5f, 0x34, 0x39, // float _493 = _49
	0x31, 0x20, 0x2a, 0x20, 0x32, 0x2e, 0x30, 0x3b, 0x0a, 0x20, 0x20, 0x20, 0x20, 0x20, 0x20, 0x20, // 1 * 2.0;.       
	0x20, 0x20, 0x20, 0x20, 0x20, 0x20, 0x20, 0x20, 0x20, 0x5f, 0x36, 0x33, 0x34, 0x20, 0x3d, 0x20, //          _634 = 
	0x66, 0x6c, 0x6f, 0x61, 0x74, 0x34, 0x28, 0x6d, 0x69, 0x78, 0x28, 0x5f, 0x34, 0x38, 0x38, 0x2c, // float4(mix(_488,
	0x20, 0x6d, 0x69, 0x78, 0x28, 0x6d, 0x69, 0x78, 0x28, 0x5f, 0x6d, 0x74, 0x6c, 0x5f, 0x75, 0x2e, //  mix(mix(_mtl_u.
	0x75, 0x5f, 0x65, 0x66, 0x66, 0x65, 0x63, 0x74, 0x5b, 0x30, 0x5d, 0x2e, 0x78, 0x79, 0x7a, 0x2c, // u_effect[0].xyz,
	0x20, 0x5f, 0x6d, 0x74, 0x6c, 0x5f, 0x75, 0x2e, 0x75, 0x5f, 0x65, 0x66, 0x66, 0x65, 0x63, 0x74, //  _mtl_u.u_effect
	0x5b, 0x31, 0x5d, 0x2e, 0x78, 0x79, 0x7a, 0x2c, 0x20, 0x66, 0x6c, 0x6f, 0x61, 0x74, 0x33, 0x28, // [1].xyz, float3(
	0x66, 0x61, 0x73, 0x74, 0x3a, 0x3a, 0x63, 0x6c, 0x61, 0x6d, 0x70, 0x28, 0x5f, 0x34, 0x39, 0x33, // fast::clamp(_493
	0x2c, 0x20, 0x30, 0x2e, 0x30, 0x2c, 0x20, 0x31, 0x2e, 0x30, 0x29, 0x29, 0x29, 0x2c, 0x20, 0x6d, // , 0.0, 1.0))), m
	0x69, 0x78, 0x28, 0x5f, 0x6d, 0x74, 0x6c, 0x5f, 0x75, 0x2e, 0x75, 0x5f, 0x65, 0x66, 0x66, 0x65, // ix(_mtl_u.u_effe
	0x63, 0x74, 0x5b, 0x31, 0x5d, 0x2e, 0x78, 0x79, 0x7a, 0x2c, 0x20, 0x5f, 0x6d, 0x74, 0x6c, 0x5f, // ct[1].xyz, _mtl_
	0x75, 0x2e, 0x75, 0x5f, 0x65, 0x66, 0x66, 0x65, 0x63, 0x74, 0x5b, 0x32, 0x5d, 0x2e, 0x78, 0x79, // u.u_effect[2].xy
	0x7a, 0x2c, 0x20, 0x66, 0x6c, 0x6f, 0x61, 0x74, 0x33, 0x28, 0x66, 0x61, 0x73, 0x74, 0x3a, 0x3a, // z, float3(fast::
	0x63, 0x6c, 0x61, 0x6d, 0x70, 0x28, 0x5f, 0x34, 0x39, 0x33, 0x20, 0x2d, 0x20, 0x31, 0x2e, 0x30, // clamp(_493 - 1.0
	0x2c, 0x20, 0x30, 0x2e, 0x30, 0x2c, 0x20, 0x31, 0x2e, 0x30, 0x29, 0x29, 0x29, 0x2c, 0x20, 0x66, // , 0.0, 1.0))), f
	0x6c, 0x6f, 0x61, 0x74, 0x33, 0x28, 0x73, 0x74, 0x65, 0x70, 0x28, 0x30, 0x2e, 0x35, 0x2c, 0x20, // loat3(step(0.5, 
	0x5f, 0x34, 0x39, 0x31, 0x29, 0x29, 0x29, 0x2c, 0x20, 0x66, 0x6c, 0x6f, 0x61, 0x74, 0x33, 0x28, // _491))), float3(
	0x5f, 0x6d, 0x74, 0x6c, 0x5f, 0x75, 0x2e, 0x75, 0x5f, 0x65, 0x66, 0x66, 0x65, 0x63, 0x74, 0x5b, // _mtl_u.u_effect[
	0x32, 0x5d, 0x2e, 0x77, 0x29, 0x29, 0x20, 0x2a, 0x20, 0x5f, 0x34, 0x38, 0x35, 0x2c, 0x20, 0x5f, // 2].w)) * _485, _
	0x34, 0x38, 0x35, 0x29, 0x3b, 0x0a, 0x20, 0x20, 0x20, 0x20, 0x20, 0x20, 0x20, 0x20, 0x20, 0x20, // 485);.          
	0x20, 0x20, 0x7d, 0x0a, 0x20, 0x20, 0x20, 0x20, 0x20, 0x20, 0x20, 0x20, 0x20, 0x20, 0x20, 0x20, //   }.            
	0x65, 0x6c, 0x73, 0x65, 0x0a, 0x20, 0x20, 0x20, 0x20, 0x20, 0x20, 0x20, 0x20, 0x20, 0x20, 0x20, // else.           
	0x20, 0x7b, 0x0a, 0x20, 0x20, 0x20, 0x20, 0x20, 0x20, 0x20, 0x20, 0x20, 0x20, 0x20, 0x20, 0x20, //  {.             
	0x20, 0x20, 0x20, 0x66, 0x6c, 0x6f, 0x61, 0x74, 0x34, 0x20, 0x5f, 0x36, 0x31, 0x33, 0x20, 0x3d, //    float4 _613 =
	0x20, 0x73, 0x5f, 0x74, 0x65, 0x78, 0x2e, 0x73, 0x61, 0x6d, 0x70, 0x6c, 0x65, 0x28, 0x73, 0x5f, //  s_tex.sample(s_
	0x74, 0x65, 0x78, 0x53, 0x61, 0x6d, 0x70, 0x6c, 0x65, 0x72, 0x2c, 0x20, 0x28, 0x69, 0x6e, 0x2e, // texSampler, (in.
	0x76, 0x5f, 0x75, 0x76, 0x20, 0x2b, 0x20, 0x5f, 0x6d, 0x74, 0x6c, 0x5f, 0x75, 0x2e, 0x75, 0x5f, // v_uv + _mtl_u.u_
	0x65, 0x66, 0x66, 0x65, 0x63, 0x74, 0x5b, 0x31, 0x5d, 0x2e, 0x78, 0x79, 0x29, 0x29, 0x3b, 0x0a, // effect[1].xy));.
	0x20, 0x20, 0x20, 0x20, 0x20, 0x20, 0x20, 0x20, 0x20, 0x20, 0x20, 0x20, 0x20, 0x20, 0x20, 0x20, //                 
	0x66, 0x6c, 0x6f, 0x61, 0x74, 0x20, 0x5f, 0x35, 0x33, 0x38, 0x20, 0x3d, 0x20, 0x5f, 0x36, 0x31, // float _538 = _61
	0x33, 0x2e, 0x77, 0x3b, 0x0a, 0x20, 0x20, 0x20, 0x20, 0x20, 0x20, 0x20, 0x20, 0x20, 0x20, 0x20, // 3.w;.           
	0x20, 0x20, 0x20, 0x20, 0x20, 0x5f, 0x36, 0x33, 0x34, 0x20, 0x3d, 0x20, 0x66, 0x6c, 0x6f, 0x61, //      _634 = floa
	0x74, 0x34, 0x28, 0x5f, 0x6d, 0x74, 0x6c, 0x5f, 0x75, 0x2e, 0x75, 0x5f, 0x65, 0x66, 0x66, 0x65, // t4(_mtl_u.u_effe
	0x63, 0x74, 0x5b, 0x30, 0x5d, 0x2e, 0x78, 0x79, 0x7a, 0x20, 0x2a, 0x20, 0x5f, 0x35, 0x33, 0x38, // ct[0].xyz * _538
	0x2c, 0x20, 0x5f, 0x6d, 0x74, 0x6c, 0x5f, 0x75, 0x2e, 0x75, 0x5f, 0x65, 0x66, 0x66, 0x65, 0x63, // , _mtl_u.u_effec
	0x74, 0x5b, 0x30, 0x5d, 0x2e, 0x77, 0x20, 0x2a, 0x20, 0x5f, 0x35, 0x33, 0x38, 0x29, 0x3b, 0x0a, // t[0].w * _538);.
	0x20, 0x20, 0x20, 0x20, 0x20, 0x20, 0x20, 0x20, 0x20, 0x20, 0x20, 0x20, 0x7d, 0x0a, 0x20, 0x20, //             }.  
	0x20, 0x20, 0x20, 0x20, 0x20, 0x20, 0x20, 0x20, 0x20, 0x20, 0x5f, 0x36, 0x33, 0x33, 0x20, 0x3d, //           _633 =
	0x20, 0x5f, 0x36, 0x33, 0x34, 0x3b, 0x0a, 0x20, 0x20, 0x20, 0x20, 0x20, 0x20, 0x20, 0x20, 0x7d, //  _634;.        }
	0x0a, 0x20, 0x20, 0x20, 0x20, 0x20, 0x20, 0x20, 0x20, 0x5f, 0x36, 0x33, 0x32, 0x20, 0x3d, 0x20, // .        _632 = 
	0x5f, 0x36, 0x33, 0x33, 0x3b, 0x0a, 0x20, 0x20, 0x20, 0x20, 0x7d, 0x0a, 0x20, 0x20, 0x20, 0x20, // _633;.    }.    
	0x6f, 0x75, 0x74, 0x2e, 0x62, 0x67, 0x66, 0x78, 0x5f, 0x46, 0x72, 0x61, 0x67, 0x44, 0x61, 0x74, // out.bgfx_FragDat
	0x61, 0x30, 0x20, 0x3d, 0x20, 0x5f, 0x36, 0x33, 0x32, 0x3b, 0x0a, 0x20, 0x20, 0x20, 0x20, 0x72, // a0 = _632;.    r
	0x65, 0x74, 0x75, 0x72, 0x6e, 0x20, 0x6f, 0x75, 0x74, 0x3b, 0x0a, 0x7d, 0x0a, 0x0a, 0x00, 0x00, // eturn out;.}....
	0x60, 0x00,                                                                                     // `.
};
extern const uint8_t* fs_effect_pssl;
extern const uint32_t fs_effect_pssl_size;
